[2026-09-18T02:06:10.428Z] batch=field-waveform-1789697012755-9 D1 MODE_SWITCH_START state=MODE_SWITCHING attempts=1 streak=0 attempt=1
[2026-09-18T02:06:10.430Z] batch=field-waveform-1789697012755-9 D1 MODE_SWITCH_OK state=MODE_SWITCH_OK attempts=1 streak=0
[2026-09-18T02:06:10.447Z] batch=field-waveform-1789697012755-9 D5 MODE_SWITCH_START state=MODE_SWITCHING attempts=1 streak=0 attempt=1
[2026-09-18T02:06:10.452Z] batch=field-waveform-1789697012755-9 D5 MODE_SWITCH_OK state=MODE_SWITCH_OK attempts=1 streak=0
[2026-09-18T02:06:10.463Z] batch=field-waveform-1789697012755-9 D4 MODE_SWITCH_START state=MODE_SWITCHING attempts=1 streak=0 attempt=1
[2026-09-18T02:06:10.464Z] batch=field-waveform-1789697012755-9 D4 MODE_SWITCH_OK state=MODE_SWITCH_OK attempts=1 streak=0
[2026-09-18T02:06:10.472Z] batch=field-waveform-1789697012755-9 D6 MODE_SWITCH_START state=MODE_SWITCHING attempts=1 streak=0 attempt=1
[2026-09-18T02:06:10.481Z] batch=field-waveform-1789697012755-9 D6 MODE_SWITCH_OK state=MODE_SWITCH_OK attempts=1 streak=0
[2026-09-18T02:06:10.489Z] batch=field-waveform-1789697012755-9 D2 MODE_SWITCH_START state=MODE_SWITCHING attempts=1 streak=0 attempt=1
[2026-09-18T02:06:10.494Z] batch=field-waveform-1789697012755-9 D2 MODE_SWITCH_OK state=MODE_SWITCH_OK attempts=1 streak=0
[2026-09-18T02:06:10.717Z] batch=field-waveform-1789697012755-9 D3 MODE_SWITCH_START state=MODE_SWITCHING attempts=1 streak=0 attempt=1
[2026-09-18T02:06:10.719Z] batch=field-waveform-1789697012755-9 D3 MODE_SWITCH_OK state=MODE_SWITCH_OK attempts=1 streak=0
[2026-09-18T02:06:13.383Z] batch=field-waveform-1789697173382-10 D1 MODE_SWITCH_START state=MODE_SWITCHING attempts=1 streak=0 attempt=1
[2026-09-18T02:06:13.384Z] batch=field-waveform-1789697173382-10 D2 MODE_SWITCH_START state=MODE_SWITCHING attempts=1 streak=0 attempt=1
[2026-09-18T02:06:13.384Z] batch=field-waveform-1789697173382-10 D3 MODE_SWITCH_START state=MODE_SWITCHING attempts=1 streak=0 attempt=1
[2026-09-18T02:06:13.385Z] batch=field-waveform-1789697173382-10 D4 MODE_SWITCH_START state=MODE_SWITCHING attempts=1 streak=0 attempt=1
[2026-09-18T02:06:13.385Z] batch=field-waveform-1789697173382-10 D5 MODE_SWITCH_START state=MODE_SWITCHING attempts=1 streak=0 attempt=1
[2026-09-18T02:06:13.386Z] batch=field-waveform-1789697173382-10 D6 MODE_SWITCH_START state=MODE_SWITCHING attempts=1 streak=0 attempt=1
[2026-09-18T02:06:13.388Z] batch=field-waveform-1789697173382-10 D1 MODE_SWITCH_OK state=MODE_SWITCH_OK attempts=1 streak=0
[2026-09-18T02:06:13.388Z] batch=field-waveform-1789697173382-10 D2 MODE_SWITCH_OK state=MODE_SWITCH_OK attempts=1 streak=0
[2026-09-18T02:06:13.388Z] batch=field-waveform-1789697173382-10 D3 MODE_SWITCH_OK state=MODE_SWITCH_OK attempts=1 streak=0
[2026-09-18T02:06:13.389Z] batch=field-waveform-1789697173382-10 D4 MODE_SWITCH_OK state=MODE_SWITCH_OK attempts=1 streak=0
[2026-09-18T02:06:13.389Z] batch=field-waveform-1789697173382-10 D5 MODE_SWITCH_OK state=MODE_SWITCH_OK attempts=1 streak=0
[2026-09-18T02:06:13.389Z] batch=field-waveform-1789697173382-10 D6 MODE_SWITCH_OK state=MODE_SWITCH_OK attempts=1 streak=0
[2026-09-18T02:06:20.432Z] batch=field-waveform-1789697173382-10 D1 MODE_SWITCH_START state=MODE_SWITCHING attempts=1 streak=0 attempt=1
[2026-09-18T02:06:20.433Z] batch=field-waveform-1789697173382-10 D1 MODE_SWITCH_OK state=MODE_SWITCH_OK attempts=1 streak=0
[2026-09-18T02:06:20.453Z] batch=field-waveform-1789697173382-10 D5 MODE_SWITCH_START state=MODE_SWITCHING attempts=1 streak=0 attempt=1
[2026-09-18T02:06:20.454Z] batch=field-waveform-1789697173382-10 D5 MODE_SWITCH_OK state=MODE_SWITCH_OK attempts=1 streak=0
[2026-09-18T02:06:20.478Z] batch=field-waveform-1789697173382-10 D4 MODE_SWITCH_START state=MODE_SWITCHING attempts=1 streak=0 attempt=1
[2026-09-18T02:06:20.479Z] batch=field-waveform-1789697173382-10 D4 MODE_SWITCH_OK state=MODE_SWITCH_OK attempts=1 streak=0
[2026-09-18T02:06:20.482Z] batch=field-waveform-1789697173382-10 D6 MODE_SWITCH_START state=MODE_SWITCHING attempts=1 streak=0 attempt=1
[2026-09-18T02:06:20.484Z] batch=field-waveform-1789697173382-10 D6 MODE_SWITCH_OK state=MODE_SWITCH_OK attempts=1 streak=0
[2026-09-18T02:06:20.509Z] batch=field-waveform-1789697173382-10 D2 MODE_SWITCH_START state=MODE_SWITCHING attempts=1 streak=0 attempt=1
[2026-09-18T02:06:20.511Z] batch=field-waveform-1789697173382-10 D2 MODE_SWITCH_OK state=MODE_SWITCH_OK attempts=1 streak=0
[2026-09-18T02:06:20.723Z] batch=field-waveform-1789697173382-10 D3 MODE_SWITCH_START state=MODE_SWITCHING attempts=1 streak=0 attempt=1
[2026-09-18T02:06:20.724Z] batch=field-waveform-1789697173382-10 D3 MODE_SWITCH_OK state=MODE_SWITCH_OK attempts=1 streak=0
[2026-09-18T02:06:30.449Z] batch=field-waveform-1789697173382-10 D1 MODE_SWITCH_START state=MODE_SWITCHING attempts=1 streak=0 attempt=1
[2026-09-18T02:06:30.451Z] batch=field-waveform-1789697173382-10 D1 MODE_SWITCH_OK state=MODE_SWITCH_OK attempts=1 streak=0
[2026-09-18T02:06:30.454Z] batch=field-waveform-1789697173382-10 D5 MODE_SWITCH_START state=MODE_SWITCHING attempts=1 streak=0 attempt=1
[2026-09-18T02:06:30.456Z] batch=field-waveform-1789697173382-10 D5 MODE_SWITCH_OK state=MODE_SWITCH_OK attempts=1 streak=0
[2026-09-18T02:06:30.480Z] batch=field-waveform-1789697173382-10 D4 MODE_SWITCH_START state=MODE_SWITCHING attempts=1 streak=0 attempt=1
[2026-09-18T02:06:30.482Z] batch=field-waveform-1789697173382-10 D4 MODE_SWITCH_OK state=MODE_SWITCH_OK attempts=1 streak=0
[2026-09-18T02:06:30.495Z] batch=field-waveform-1789697173382-10 D6 MODE_SWITCH_START state=MODE_SWITCHING attempts=1 streak=0 attempt=1
[2026-09-18T02:06:30.496Z] batch=field-waveform-1789697173382-10 D6 MODE_SWITCH_OK state=MODE_SWITCH_OK attempts=1 streak=0
[2026-09-18T02:06:30.518Z] batch=field-waveform-1789697173382-10 D2 MODE_SWITCH_START state=MODE_SWITCHING attempts=1 streak=0 attempt=1
[2026-09-18T02:06:30.519Z] batch=field-waveform-1789697173382-10 D2 MODE_SWITCH_OK state=MODE_SWITCH_OK attempts=1 streak=0
[2026-09-18T02:06:30.740Z] batch=field-waveform-1789697173382-10 D3 MODE_SWITCH_START state=MODE_SWITCHING attempts=1 streak=0 attempt=1
[2026-09-18T02:06:30.742Z] batch=field-waveform-1789697173382-10 D3 MODE_SWITCH_OK state=MODE_SWITCH_OK attempts=1 streak=0
[2026-09-18T02:06:40.460Z] batch=field-waveform-1789697173382-10 D1 MODE_SWITCH_START state=MODE_SWITCHING attempts=1 streak=0 attempt=1
[2026-09-18T02:06:40.462Z] batch=field-waveform-1789697173382-10 D1 MODE_SWITCH_OK state=MODE_SWITCH_OK attempts=1 streak=0
[2026-09-18T02:06:40.465Z] batch=field-waveform-1789697173382-10 D5 MODE_SWITCH_START state=MODE_SWITCHING attempts=1 streak=0 attempt=1
[2026-09-18T02:06:40.466Z] batch=field-waveform-1789697173382-10 D5 MODE_SWITCH_OK state=MODE_SWITCH_OK attempts=1 streak=0
[2026-09-18T02:06:40.484Z] batch=field-waveform-1789697173382-10 D4 MODE_SWITCH_START state=MODE_SWITCHING attempts=1 streak=0 attempt=1
[2026-09-18T02:06:40.486Z] batch=field-waveform-1789697173382-10 D4 MODE_SWITCH_OK state=MODE_SWITCH_OK attempts=1 streak=0
[2026-09-18T02:06:40.505Z] batch=field-waveform-1789697173382-10 D6 MODE_SWITCH_START state=MODE_SWITCHING attempts=1 streak=0 attempt=1
[2026-09-18T02:06:40.506Z] batch=field-waveform-1789697173382-10 D6 MODE_SWITCH_OK state=MODE_SWITCH_OK attempts=1 streak=0
[2026-09-18T02:06:40.534Z] batch=field-waveform-1789697173382-10 D2 MODE_SWITCH_START state=MODE_SWITCHING attempts=1 streak=0 attempt=1
[2026-09-18T02:06:40.535Z] batch=field-waveform-1789697173382-10 D2 MODE_SWITCH_OK state=MODE_SWITCH_OK attempts=1 streak=0
[2026-09-18T02:06:40.747Z] batch=field-waveform-1789697173382-10 D3 MODE_SWITCH_START state=MODE_SWITCHING attempts=1 streak=0 attempt=1
[2026-09-18T02:06:40.750Z] batch=field-waveform-1789697173382-10 D3 MODE_SWITCH_OK state=MODE_SWITCH_OK attempts=1 streak=0
[2026-09-18T02:06:50.471Z] batch=field-waveform-1789697173382-10 D1 MODE_SWITCH_START state=MODE_SWITCHING attempts=1 streak=0 attempt=1
[2026-09-18T02:06:50.473Z] batch=field-waveform-1789697173382-10 D1 MODE_SWITCH_OK state=MODE_SWITCH_OK attempts=1 streak=0
[2026-09-18T02:06:50.474Z] batch=field-waveform-1789697173382-10 D5 MODE_SWITCH_START state=MODE_SWITCHING attempts=1 streak=0 attempt=1
[2026-09-18T02:06:50.475Z] batch=field-waveform-1789697173382-10 D5 MODE_SWITCH_OK state=MODE_SWITCH_OK attempts=1 streak=0
[2026-09-18T02:06:50.487Z] batch=field-waveform-1789697173382-10 D4 MODE_SWITCH_START state=MODE_SWITCHING attempts=1 streak=0 attempt=1
[2026-09-18T02:06:50.495Z] batch=field-waveform-1789697173382-10 D4 MODE_SWITCH_OK state=MODE_SWITCH_OK attempts=1 streak=0
[2026-09-18T02:06:50.507Z] batch=field-waveform-1789697173382-10 D6 MODE_SWITCH_START state=MODE_SWITCHING attempts=1 streak=0 attempt=1
[2026-09-18T02:06:50.514Z] batch=field-waveform-1789697173382-10 D6 MODE_SWITCH_OK state=MODE_SWITCH_OK attempts=1 streak=0
[2026-09-18T02:06:50.537Z] batch=field-waveform-1789697173382-10 D2 MODE_SWITCH_START state=MODE_SWITCHING attempts=1 streak=0 attempt=1
[2026-09-18T02:06:50.537Z] batch=field-waveform-1789697173382-10 D2 MODE_SWITCH_OK state=MODE_SWITCH_OK attempts=1 streak=0
[2026-09-18T02:06:50.756Z] batch=field-waveform-1789697173382-10 D3 MODE_SWITCH_START state=MODE_SWITCHING attempts=1 streak=0 attempt=1
[2026-09-18T02:06:50.757Z] batch=field-waveform-1789697173382-10 D3 MODE_SWITCH_OK state=MODE_SWITCH_OK attempts=1 streak=0
[2026-09-18T02:06:55.516Z] batch=field-waveform-1789697173382-10 D1 FIRST_FRAME state=FIRST_FRAME_RECEIVED attempts=1 streak=1
[2026-09-18T02:06:55.517Z] batch=field-waveform-1789697173382-10 D1 FIRST_VALID_SAMPLE state=FIRST_FRAME_RECEIVED attempts=1 streak=1
[2026-09-18T02:06:55.519Z] batch=field-waveform-1789697173382-10 D5 FIRST_FRAME state=FIRST_FRAME_RECEIVED attempts=1 streak=1
[2026-09-18T02:06:55.520Z] batch=field-waveform-1789697173382-10 D5 FIRST_VALID_SAMPLE state=FIRST_FRAME_RECEIVED attempts=1 streak=1
[2026-09-18T02:06:55.525Z] batch=field-waveform-1789697173382-10 D4 FIRST_FRAME state=FIRST_FRAME_RECEIVED attempts=1 streak=1
[2026-09-18T02:06:55.525Z] batch=field-waveform-1789697173382-10 D4 FIRST_VALID_SAMPLE state=FIRST_FRAME_RECEIVED attempts=1 streak=1
[2026-09-18T02:06:55.564Z] batch=field-waveform-1789697173382-10 D6 FIRST_FRAME state=FIRST_FRAME_RECEIVED attempts=1 streak=1
[2026-09-18T02:06:55.564Z] batch=field-waveform-1789697173382-10 D6 FIRST_VALID_SAMPLE state=FIRST_FRAME_RECEIVED attempts=1 streak=1
[2026-09-18T02:06:55.598Z] batch=field-waveform-1789697173382-10 D2 FIRST_FRAME state=FIRST_FRAME_RECEIVED attempts=1 streak=1
[2026-09-18T02:06:55.599Z] batch=field-waveform-1789697173382-10 D2 FIRST_VALID_SAMPLE state=FIRST_FRAME_RECEIVED attempts=1 streak=1
[2026-09-18T02:06:55.763Z] batch=field-waveform-1789697173382-10 D1 CHANNEL_SYNC_OK state=TEST_READY attempts=1 streak=5
[2026-09-18T02:06:55.763Z] batch=field-waveform-1789697173382-10 D1 TEST_READY state=TEST_READY attempts=1 streak=5
[2026-09-18T02:06:55.764Z] batch=field-waveform-1789697173382-10 D5 CHANNEL_SYNC_OK state=TEST_READY attempts=1 streak=5
[2026-09-18T02:06:55.764Z] batch=field-waveform-1789697173382-10 D5 TEST_READY state=TEST_READY attempts=1 streak=5
[2026-09-18T02:06:55.774Z] batch=field-waveform-1789697173382-10 D4 CHANNEL_SYNC_OK state=TEST_READY attempts=1 streak=5
[2026-09-18T02:06:55.774Z] batch=field-waveform-1789697173382-10 D4 TEST_READY state=TEST_READY attempts=1 streak=5
[2026-09-18T02:06:55.814Z] batch=field-waveform-1789697173382-10 D6 CHANNEL_SYNC_OK state=TEST_READY attempts=1 streak=5
[2026-09-18T02:06:55.814Z] batch=field-waveform-1789697173382-10 D6 TEST_READY state=TEST_READY attempts=1 streak=5
[2026-09-18T02:06:55.818Z] batch=field-waveform-1789697173382-10 D3 FIRST_FRAME state=FIRST_FRAME_RECEIVED attempts=1 streak=1
[2026-09-18T02:06:55.819Z] batch=field-waveform-1789697173382-10 D3 FIRST_VALID_SAMPLE state=FIRST_FRAME_RECEIVED attempts=1 streak=1
[2026-09-18T02:06:55.833Z] batch=field-waveform-1789697173382-10 D2 CHANNEL_SYNC_OK state=TEST_READY attempts=1 streak=5
[2026-09-18T02:06:55.833Z] batch=field-waveform-1789697173382-10 D2 TEST_READY state=TEST_READY attempts=1 streak=5
[2026-09-18T02:06:56.062Z] batch=field-waveform-1789697173382-10 D3 CHANNEL_SYNC_OK state=TEST_READY attempts=1 streak=5
[2026-09-18T02:06:56.063Z] batch=field-waveform-1789697173382-10 D3 TEST_READY state=TEST_READY attempts=1 streak=5
[2026-09-18T02:07:50.821Z] batch=field-waveform-1789697173382-10 D3 MODE_SWITCH_START state=MODE_SWITCHING attempts=1 streak=0 attempt=1
[2026-09-18T02:07:50.822Z] batch=field-waveform-1789697173382-10 D3 MODE_SWITCH_OK state=MODE_SWITCH_OK attempts=1 streak=0
[2026-09-18T02:08:00.518Z] batch=field-waveform-1789697173382-10 D6 MODE_SWITCH_START state=MODE_SWITCHING attempts=1 streak=0 attempt=1
[2026-09-18T02:08:00.521Z] batch=field-waveform-1789697173382-10 D6 MODE_SWITCH_OK state=MODE_SWITCH_OK attempts=1 streak=0
[2026-09-18T02:08:00.524Z] batch=field-waveform-1789697173382-10 D1 MODE_SWITCH_START state=MODE_SWITCHING attempts=1 streak=0 attempt=1
[2026-09-18T02:08:00.525Z] batch=field-waveform-1789697173382-10 D1 MODE_SWITCH_OK state=MODE_SWITCH_OK attempts=1 streak=0
[2026-09-18T02:08:00.529Z] batch=field-waveform-1789697173382-10 D5 MODE_SWITCH_START state=MODE_SWITCHING attempts=1 streak=0 attempt=1
[2026-09-18T02:08:00.531Z] batch=field-waveform-1789697173382-10 D5 MODE_SWITCH_OK state=MODE_SWITCH_OK attempts=1 streak=0
[2026-09-18T02:08:00.534Z] batch=field-waveform-1789697173382-10 D2 MODE_SWITCH_START state=MODE_SWITCHING attempts=1 streak=0 attempt=1
[2026-09-18T02:08:00.535Z] batch=field-waveform-1789697173382-10 D2 MODE_SWITCH_OK state=MODE_SWITCH_OK attempts=1 streak=0
[2026-09-18T02:08:00.538Z] batch=field-waveform-1789697173382-10 D4 MODE_SWITCH_START state=MODE_SWITCHING attempts=1 streak=0 attempt=1
[2026-09-18T02:08:00.540Z] batch=field-waveform-1789697173382-10 D4 MODE_SWITCH_OK state=MODE_SWITCH_OK attempts=1 streak=0
[2026-09-18T02:08:00.861Z] batch=field-waveform-1789697173382-10 D3 MODE_SWITCH_START state=MODE_SWITCHING attempts=1 streak=0 attempt=1
[2026-09-18T02:08:00.862Z] batch=field-waveform-1789697173382-10 D3 MODE_SWITCH_OK state=MODE_SWITCH_OK attempts=1 streak=0
[2026-09-18T02:08:10.598Z] batch=field-waveform-1789697173382-10 D6 MODE_SWITCH_START state=MODE_SWITCHING attempts=1 streak=0 attempt=1
[2026-09-18T02:08:10.599Z] batch=field-waveform-1789697173382-10 D6 MODE_SWITCH_OK state=MODE_SWITCH_OK attempts=1 streak=0
[2026-09-18T02:08:10.602Z] batch=field-waveform-1789697173382-10 D1 MODE_SWITCH_START state=MODE_SWITCHING attempts=1 streak=0 attempt=1
[2026-09-18T02:08:10.603Z] batch=field-waveform-1789697173382-10 D1 MODE_SWITCH_OK state=MODE_SWITCH_OK attempts=1 streak=0
[2026-09-18T02:08:10.606Z] batch=field-waveform-1789697173382-10 D5 MODE_SWITCH_START state=MODE_SWITCHING attempts=1 streak=0 attempt=1
[2026-09-18T02:08:10.606Z] batch=field-waveform-1789697173382-10 D5 MODE_SWITCH_OK state=MODE_SWITCH_OK attempts=1 streak=0
[2026-09-18T02:08:10.609Z] batch=field-waveform-1789697173382-10 D2 MODE_SWITCH_START state=MODE_SWITCHING attempts=1 streak=0 attempt=1
[2026-09-18T02:08:10.611Z] batch=field-waveform-1789697173382-10 D2 MODE_SWITCH_OK state=MODE_SWITCH_OK attempts=1 streak=0
[2026-09-18T02:08:10.614Z] batch=field-waveform-1789697173382-10 D4 MODE_SWITCH_START state=MODE_SWITCHING attempts=1 streak=0 attempt=1
[2026-09-18T02:08:10.615Z] batch=field-waveform-1789697173382-10 D4 MODE_SWITCH_OK state=MODE_SWITCH_OK attempts=1 streak=0
[2026-09-18T02:08:10.902Z] batch=field-waveform-1789697173382-10 D3 MODE_SWITCH_START state=MODE_SWITCHING attempts=1 streak=0 attempt=1
[2026-09-18T02:08:10.903Z] batch=field-waveform-1789697173382-10 D3 MODE_SWITCH_OK state=MODE_SWITCH_OK attempts=1 streak=0
[2026-09-18T02:08:19.595Z] batch=field-waveform-1789697299593-11 D1 MODE_SWITCH_START state=MODE_SWITCHING attempts=1 streak=0 attempt=1
[2026-09-18T02:08:19.596Z] batch=field-waveform-1789697299593-11 D2 MODE_SWITCH_START state=MODE_SWITCHING attempts=1 streak=0 attempt=1
[2026-09-18T02:08:19.597Z] batch=field-waveform-1789697299593-11 D3 MODE_SWITCH_START state=MODE_SWITCHING attempts=1 streak=0 attempt=1
[2026-09-18T02:08:19.597Z] batch=field-waveform-1789697299593-11 D4 MODE_SWITCH_START state=MODE_SWITCHING attempts=1 streak=0 attempt=1
[2026-09-18T02:08:19.598Z] batch=field-waveform-1789697299593-11 D5 MODE_SWITCH_START state=MODE_SWITCHING attempts=1 streak=0 attempt=1
[2026-09-18T02:08:19.598Z] batch=field-waveform-1789697299593-11 D6 MODE_SWITCH_START state=MODE_SWITCHING attempts=1 streak=0 attempt=1
[2026-09-18T02:08:19.601Z] batch=field-waveform-1789697299593-11 D1 MODE_SWITCH_OK state=MODE_SWITCH_OK attempts=1 streak=0
[2026-09-18T02:08:19.602Z] batch=field-waveform-1789697299593-11 D2 MODE_SWITCH_OK state=MODE_SWITCH_OK attempts=1 streak=0
[2026-09-18T02:08:19.602Z] batch=field-waveform-1789697299593-11 D3 MODE_SWITCH_OK state=MODE_SWITCH_OK attempts=1 streak=0
[2026-09-18T02:08:19.603Z] batch=field-waveform-1789697299593-11 D4 MODE_SWITCH_OK state=MODE_SWITCH_OK attempts=1 streak=0
[2026-09-18T02:08:19.603Z] batch=field-waveform-1789697299593-11 D5 MODE_SWITCH_OK state=MODE_SWITCH_OK attempts=1 streak=0
[2026-09-18T02:08:19.603Z] batch=field-waveform-1789697299593-11 D6 MODE_SWITCH_OK state=MODE_SWITCH_OK attempts=1 streak=0
[2026-09-18T02:08:20.612Z] batch=field-waveform-1789697299593-11 D6 MODE_SWITCH_START state=MODE_SWITCHING attempts=1 streak=0 attempt=1
[2026-09-18T02:08:20.613Z] batch=field-waveform-1789697299593-11 D6 MODE_SWITCH_OK state=MODE_SWITCH_OK attempts=1 streak=0
[2026-09-18T02:08:20.615Z] batch=field-waveform-1789697299593-11 D1 MODE_SWITCH_START state=MODE_SWITCHING attempts=1 streak=0 attempt=1
[2026-09-18T02:08:20.616Z] batch=field-waveform-1789697299593-11 D1 MODE_SWITCH_OK state=MODE_SWITCH_OK attempts=1 streak=0
[2026-09-18T02:08:20.617Z] batch=field-waveform-1789697299593-11 D5 MODE_SWITCH_START state=MODE_SWITCHING attempts=1 streak=0 attempt=1
[2026-09-18T02:08:20.619Z] batch=field-waveform-1789697299593-11 D5 MODE_SWITCH_OK state=MODE_SWITCH_OK attempts=1 streak=0
[2026-09-18T02:08:20.620Z] batch=field-waveform-1789697299593-11 D2 MODE_SWITCH_START state=MODE_SWITCHING attempts=1 streak=0 attempt=1
[2026-09-18T02:08:20.622Z] batch=field-waveform-1789697299593-11 D2 MODE_SWITCH_OK state=MODE_SWITCH_OK attempts=1 streak=0
[2026-09-18T02:08:20.625Z] batch=field-waveform-1789697299593-11 D4 MODE_SWITCH_START state=MODE_SWITCHING attempts=1 streak=0 attempt=1
[2026-09-18T02:08:20.627Z] batch=field-waveform-1789697299593-11 D4 MODE_SWITCH_OK state=MODE_SWITCH_OK attempts=1 streak=0
[2026-09-18T02:08:20.919Z] batch=field-waveform-1789697299593-11 D3 MODE_SWITCH_START state=MODE_SWITCHING attempts=1 streak=0 attempt=1
[2026-09-18T02:08:20.921Z] batch=field-waveform-1789697299593-11 D3 MODE_SWITCH_OK state=MODE_SWITCH_OK attempts=1 streak=0
[2026-09-18T02:08:30.617Z] batch=field-waveform-1789697299593-11 D6 MODE_SWITCH_START state=MODE_SWITCHING attempts=1 streak=0 attempt=1
[2026-09-18T02:08:30.619Z] batch=field-waveform-1789697299593-11 D6 MODE_SWITCH_OK state=MODE_SWITCH_OK attempts=1 streak=0
[2026-09-18T02:08:30.621Z] batch=field-waveform-1789697299593-11 D1 MODE_SWITCH_START state=MODE_SWITCHING attempts=1 streak=0 attempt=1
[2026-09-18T02:08:30.623Z] batch=field-waveform-1789697299593-11 D1 MODE_SWITCH_OK state=MODE_SWITCH_OK attempts=1 streak=0
[2026-09-18T02:08:30.624Z] batch=field-waveform-1789697299593-11 D5 MODE_SWITCH_START state=MODE_SWITCHING attempts=1 streak=0 attempt=1
[2026-09-18T02:08:30.627Z] batch=field-waveform-1789697299593-11 D5 MODE_SWITCH_OK state=MODE_SWITCH_OK attempts=1 streak=0
[2026-09-18T02:08:30.628Z] batch=field-waveform-1789697299593-11 D2 MODE_SWITCH_START state=MODE_SWITCHING attempts=1 streak=0 attempt=1
[2026-09-18T02:08:30.630Z] batch=field-waveform-1789697299593-11 D2 MODE_SWITCH_OK state=MODE_SWITCH_OK attempts=1 streak=0
[2026-09-18T02:08:30.634Z] batch=field-waveform-1789697299593-11 D4 MODE_SWITCH_START state=MODE_SWITCHING attempts=1 streak=0 attempt=1
[2026-09-18T02:08:30.636Z] batch=field-waveform-1789697299593-11 D4 MODE_SWITCH_OK state=MODE_SWITCH_OK attempts=1 streak=0
[2026-09-18T02:08:30.936Z] batch=field-waveform-1789697299593-11 D3 MODE_SWITCH_START state=MODE_SWITCHING attempts=1 streak=0 attempt=1
[2026-09-18T02:08:30.937Z] batch=field-waveform-1789697299593-11 D3 MODE_SWITCH_OK state=MODE_SWITCH_OK attempts=1 streak=0
[2026-09-18T02:08:40.630Z] batch=field-waveform-1789697299593-11 D6 MODE_SWITCH_START state=MODE_SWITCHING attempts=1 streak=0 attempt=1
[2026-09-18T02:08:40.634Z] batch=field-waveform-1789697299593-11 D6 MODE_SWITCH_OK state=MODE_SWITCH_OK attempts=1 streak=0
[2026-09-18T02:08:40.635Z] batch=field-waveform-1789697299593-11 D1 MODE_SWITCH_START state=MODE_SWITCHING attempts=1 streak=0 attempt=1
[2026-09-18T02:08:40.636Z] batch=field-waveform-1789697299593-11 D1 MODE_SWITCH_OK state=MODE_SWITCH_OK attempts=1 streak=0
[2026-09-18T02:08:40.637Z] batch=field-waveform-1789697299593-11 D5 MODE_SWITCH_START state=MODE_SWITCHING attempts=1 streak=0 attempt=1
[2026-09-18T02:08:40.637Z] batch=field-waveform-1789697299593-11 D5 MODE_SWITCH_OK state=MODE_SWITCH_OK attempts=1 streak=0
[2026-09-18T02:08:40.638Z] batch=field-waveform-1789697299593-11 D2 MODE_SWITCH_START state=MODE_SWITCHING attempts=1 streak=0 attempt=1
[2026-09-18T02:08:40.639Z] batch=field-waveform-1789697299593-11 D2 MODE_SWITCH_OK state=MODE_SWITCH_OK attempts=1 streak=0
[2026-09-18T02:08:40.640Z] batch=field-waveform-1789697299593-11 D4 MODE_SWITCH_START state=MODE_SWITCHING attempts=1 streak=0 attempt=1
[2026-09-18T02:08:40.640Z] batch=field-waveform-1789697299593-11 D4 MODE_SWITCH_OK state=MODE_SWITCH_OK attempts=1 streak=0
[2026-09-18T02:08:40.952Z] batch=field-waveform-1789697299593-11 D3 MODE_SWITCH_START state=MODE_SWITCHING attempts=1 streak=0 attempt=1
[2026-09-18T02:08:40.954Z] batch=field-waveform-1789697299593-11 D3 MODE_SWITCH_OK state=MODE_SWITCH_OK attempts=1 streak=0
[2026-09-18T02:08:50.368Z] batch=field-waveform-1789697330365-12 D1 MODE_SWITCH_START state=MODE_SWITCHING attempts=1 streak=0 attempt=1
[2026-09-18T02:08:50.370Z] batch=field-waveform-1789697330365-12 D2 MODE_SWITCH_START state=MODE_SWITCHING attempts=1 streak=0 attempt=1
[2026-09-18T02:08:50.371Z] batch=field-waveform-1789697330365-12 D3 MODE_SWITCH_START state=MODE_SWITCHING attempts=1 streak=0 attempt=1
[2026-09-18T02:08:50.374Z] batch=field-waveform-1789697330365-12 D4 MODE_SWITCH_START state=MODE_SWITCHING attempts=1 streak=0 attempt=1
[2026-09-18T02:08:50.375Z] batch=field-waveform-1789697330365-12 D5 MODE_SWITCH_START state=MODE_SWITCHING attempts=1 streak=0 attempt=1
[2026-09-18T02:08:50.375Z] batch=field-waveform-1789697330365-12 D6 MODE_SWITCH_START state=MODE_SWITCHING attempts=1 streak=0 attempt=1
[2026-09-18T02:08:50.377Z] batch=field-waveform-1789697330365-12 D1 MODE_SWITCH_OK state=MODE_SWITCH_OK attempts=1 streak=0
[2026-09-18T02:08:50.380Z] batch=field-waveform-1789697330365-12 D2 MODE_SWITCH_OK state=MODE_SWITCH_OK attempts=1 streak=0
[2026-09-18T02:08:50.381Z] batch=field-waveform-1789697330365-12 D3 MODE_SWITCH_OK state=MODE_SWITCH_OK attempts=1 streak=0
[2026-09-18T02:08:50.382Z] batch=field-waveform-1789697330365-12 D4 MODE_SWITCH_OK state=MODE_SWITCH_OK attempts=1 streak=0
[2026-09-18T02:08:50.383Z] batch=field-waveform-1789697330365-12 D5 MODE_SWITCH_OK state=MODE_SWITCH_OK attempts=1 streak=0
[2026-09-18T02:08:50.384Z] batch=field-waveform-1789697330365-12 D6 MODE_SWITCH_OK state=MODE_SWITCH_OK attempts=1 streak=0
[2026-09-18T02:08:50.637Z] batch=field-waveform-1789697330365-12 D6 MODE_SWITCH_START state=MODE_SWITCHING attempts=1 streak=0 attempt=1
[2026-09-18T02:08:50.638Z] batch=field-waveform-1789697330365-12 D6 MODE_SWITCH_OK state=MODE_SWITCH_OK attempts=1 streak=0
[2026-09-18T02:08:50.642Z] batch=field-waveform-1789697330365-12 D1 MODE_SWITCH_START state=MODE_SWITCHING attempts=1 streak=0 attempt=1
[2026-09-18T02:08:50.643Z] batch=field-waveform-1789697330365-12 D1 MODE_SWITCH_OK state=MODE_SWITCH_OK attempts=1 streak=0
[2026-09-18T02:08:50.644Z] batch=field-waveform-1789697330365-12 D5 MODE_SWITCH_START state=MODE_SWITCHING attempts=1 streak=0 attempt=1
[2026-09-18T02:08:50.645Z] batch=field-waveform-1789697330365-12 D5 MODE_SWITCH_OK state=MODE_SWITCH_OK attempts=1 streak=0
[2026-09-18T02:08:50.646Z] batch=field-waveform-1789697330365-12 D2 MODE_SWITCH_START state=MODE_SWITCHING attempts=1 streak=0 attempt=1
[2026-09-18T02:08:50.646Z] batch=field-waveform-1789697330365-12 D2 MODE_SWITCH_OK state=MODE_SWITCH_OK attempts=1 streak=0
[2026-09-18T02:08:50.647Z] batch=field-waveform-1789697330365-12 D4 MODE_SWITCH_START state=MODE_SWITCHING attempts=1 streak=0 attempt=1
[2026-09-18T02:08:50.648Z] batch=field-waveform-1789697330365-12 D4 MODE_SWITCH_OK state=MODE_SWITCH_OK attempts=1 streak=0
[2026-09-18T02:08:50.955Z] batch=field-waveform-1789697330365-12 D3 MODE_SWITCH_START state=MODE_SWITCHING attempts=1 streak=0 attempt=1
[2026-09-18T02:08:50.958Z] batch=field-waveform-1789697330365-12 D3 MODE_SWITCH_OK state=MODE_SWITCH_OK attempts=1 streak=0
[2026-09-18T02:09:00.645Z] batch=field-waveform-1789697330365-12 D6 MODE_SWITCH_START state=MODE_SWITCHING attempts=1 streak=0 attempt=1
[2026-09-18T02:09:00.649Z] batch=field-waveform-1789697330365-12 D6 MODE_SWITCH_OK state=MODE_SWITCH_OK attempts=1 streak=0
[2026-09-18T02:09:00.650Z] batch=field-waveform-1789697330365-12 D1 MODE_SWITCH_START state=MODE_SWITCHING attempts=1 streak=0 attempt=1
[2026-09-18T02:09:00.651Z] batch=field-waveform-1789697330365-12 D1 MODE_SWITCH_OK state=MODE_SWITCH_OK attempts=1 streak=0
[2026-09-18T02:09:00.652Z] batch=field-waveform-1789697330365-12 D5 MODE_SWITCH_START state=MODE_SWITCHING attempts=1 streak=0 attempt=1
[2026-09-18T02:09:00.653Z] batch=field-waveform-1789697330365-12 D5 MODE_SWITCH_OK state=MODE_SWITCH_OK attempts=1 streak=0
[2026-09-18T02:09:00.654Z] batch=field-waveform-1789697330365-12 D2 MODE_SWITCH_START state=MODE_SWITCHING attempts=1 streak=0 attempt=1
[2026-09-18T02:09:00.655Z] batch=field-waveform-1789697330365-12 D2 MODE_SWITCH_OK state=MODE_SWITCH_OK attempts=1 streak=0
[2026-09-18T02:09:00.655Z] batch=field-waveform-1789697330365-12 D4 MODE_SWITCH_START state=MODE_SWITCHING attempts=1 streak=0 attempt=1
[2026-09-18T02:09:00.656Z] batch=field-waveform-1789697330365-12 D4 MODE_SWITCH_OK state=MODE_SWITCH_OK attempts=1 streak=0
[2026-09-18T02:09:00.964Z] batch=field-waveform-1789697330365-12 D3 MODE_SWITCH_START state=MODE_SWITCHING attempts=1 streak=0 attempt=1
[2026-09-18T02:09:00.965Z] batch=field-waveform-1789697330365-12 D3 MODE_SWITCH_OK state=MODE_SWITCH_OK attempts=1 streak=0
[2026-09-18T02:09:10.658Z] batch=field-waveform-1789697330365-12 D6 MODE_SWITCH_START state=MODE_SWITCHING attempts=1 streak=0 attempt=1
[2026-09-18T02:09:10.660Z] batch=field-waveform-1789697330365-12 D6 MODE_SWITCH_OK state=MODE_SWITCH_OK attempts=1 streak=0
[2026-09-18T02:09:10.662Z] batch=field-waveform-1789697330365-12 D1 MODE_SWITCH_START state=MODE_SWITCHING attempts=1 streak=0 attempt=1
[2026-09-18T02:09:10.663Z] batch=field-waveform-1789697330365-12 D1 MODE_SWITCH_OK state=MODE_SWITCH_OK attempts=1 streak=0
[2026-09-18T02:09:10.664Z] batch=field-waveform-1789697330365-12 D5 MODE_SWITCH_START state=MODE_SWITCHING attempts=1 streak=0 attempt=1
[2026-09-18T02:09:10.665Z] batch=field-waveform-1789697330365-12 D5 MODE_SWITCH_OK state=MODE_SWITCH_OK attempts=1 streak=0
[2026-09-18T02:09:10.666Z] batch=field-waveform-1789697330365-12 D2 MODE_SWITCH_START state=MODE_SWITCHING attempts=1 streak=0 attempt=1
[2026-09-18T02:09:10.666Z] batch=field-waveform-1789697330365-12 D2 MODE_SWITCH_OK state=MODE_SWITCH_OK attempts=1 streak=0
[2026-09-18T02:09:10.668Z] batch=field-waveform-1789697330365-12 D4 MODE_SWITCH_START state=MODE_SWITCHING attempts=1 streak=0 attempt=1
[2026-09-18T02:09:10.671Z] batch=field-waveform-1789697330365-12 D4 MODE_SWITCH_OK state=MODE_SWITCH_OK attempts=1 streak=0
[2026-09-18T02:09:10.969Z] batch=field-waveform-1789697330365-12 D3 MODE_SWITCH_START state=MODE_SWITCHING attempts=1 streak=0 attempt=1
[2026-09-18T02:09:10.973Z] batch=field-waveform-1789697330365-12 D3 MODE_SWITCH_OK state=MODE_SWITCH_OK attempts=1 streak=0
[2026-09-18T02:09:20.665Z] batch=field-waveform-1789697330365-12 D6 MODE_SWITCH_START state=MODE_SWITCHING attempts=1 streak=0 attempt=1
[2026-09-18T02:09:20.667Z] batch=field-waveform-1789697330365-12 D6 MODE_SWITCH_OK state=MODE_SWITCH_OK attempts=1 streak=0
[2026-09-18T02:09:20.669Z] batch=field-waveform-1789697330365-12 D1 MODE_SWITCH_START state=MODE_SWITCHING attempts=1 streak=0 attempt=1
[2026-09-18T02:09:20.670Z] batch=field-waveform-1789697330365-12 D1 MODE_SWITCH_OK state=MODE_SWITCH_OK attempts=1 streak=0
[2026-09-18T02:09:20.671Z] batch=field-waveform-1789697330365-12 D5 MODE_SWITCH_START state=MODE_SWITCHING attempts=1 streak=0 attempt=1
[2026-09-18T02:09:20.673Z] batch=field-waveform-1789697330365-12 D5 MODE_SWITCH_OK state=MODE_SWITCH_OK attempts=1 streak=0
[2026-09-18T02:09:20.677Z] batch=field-waveform-1789697330365-12 D2 MODE_SWITCH_START state=MODE_SWITCHING attempts=1 streak=0 attempt=1
[2026-09-18T02:09:20.688Z] batch=field-waveform-1789697330365-12 D2 MODE_SWITCH_OK state=MODE_SWITCH_OK attempts=1 streak=0
[2026-09-18T02:09:20.690Z] batch=field-waveform-1789697330365-12 D4 MODE_SWITCH_START state=MODE_SWITCHING attempts=1 streak=0 attempt=1
[2026-09-18T02:09:20.691Z] batch=field-waveform-1789697330365-12 D4 MODE_SWITCH_OK state=MODE_SWITCH_OK attempts=1 streak=0
[2026-09-18T02:09:20.983Z] batch=field-waveform-1789697330365-12 D3 MODE_SWITCH_START state=MODE_SWITCHING attempts=1 streak=0 attempt=1
[2026-09-18T02:09:20.985Z] batch=field-waveform-1789697330365-12 D3 MODE_SWITCH_OK state=MODE_SWITCH_OK attempts=1 streak=0
[2026-09-18T02:09:30.671Z] batch=field-waveform-1789697330365-12 D6 MODE_SWITCH_START state=MODE_SWITCHING attempts=1 streak=0 attempt=1
[2026-09-18T02:09:30.673Z] batch=field-waveform-1789697330365-12 D6 MODE_SWITCH_OK state=MODE_SWITCH_OK attempts=1 streak=0
[2026-09-18T02:09:30.674Z] batch=field-waveform-1789697330365-12 D1 MODE_SWITCH_START state=MODE_SWITCHING attempts=1 streak=0 attempt=1
[2026-09-18T02:09:30.676Z] batch=field-waveform-1789697330365-12 D1 MODE_SWITCH_OK state=MODE_SWITCH_OK attempts=1 streak=0
[2026-09-18T02:09:30.698Z] batch=field-waveform-1789697330365-12 D5 MODE_SWITCH_START state=MODE_SWITCHING attempts=1 streak=0 attempt=1
[2026-09-18T02:09:30.700Z] batch=field-waveform-1789697330365-12 D5 MODE_SWITCH_OK state=MODE_SWITCH_OK attempts=1 streak=0
[2026-09-18T02:09:30.703Z] batch=field-waveform-1789697330365-12 D2 MODE_SWITCH_START state=MODE_SWITCHING attempts=1 streak=0 attempt=1
[2026-09-18T02:09:30.704Z] batch=field-waveform-1789697330365-12 D2 MODE_SWITCH_OK state=MODE_SWITCH_OK attempts=1 streak=0
[2026-09-18T02:09:30.704Z] batch=field-waveform-1789697330365-12 D4 MODE_SWITCH_START state=MODE_SWITCHING attempts=1 streak=0 attempt=1
[2026-09-18T02:09:30.705Z] batch=field-waveform-1789697330365-12 D4 MODE_SWITCH_OK state=MODE_SWITCH_OK attempts=1 streak=0
[2026-09-18T02:09:30.991Z] batch=field-waveform-1789697330365-12 D3 MODE_SWITCH_START state=MODE_SWITCHING attempts=1 streak=0 attempt=1
[2026-09-18T02:09:30.993Z] batch=field-waveform-1789697330365-12 D3 MODE_SWITCH_OK state=MODE_SWITCH_OK attempts=1 streak=0
[2026-09-18T02:09:40.677Z] batch=field-waveform-1789697330365-12 D6 MODE_SWITCH_START state=MODE_SWITCHING attempts=1 streak=0 attempt=1
[2026-09-18T02:09:40.680Z] batch=field-waveform-1789697330365-12 D6 MODE_SWITCH_OK state=MODE_SWITCH_OK attempts=1 streak=0
[2026-09-18T02:09:40.682Z] batch=field-waveform-1789697330365-12 D1 MODE_SWITCH_START state=MODE_SWITCHING attempts=1 streak=0 attempt=1
[2026-09-18T02:09:40.684Z] batch=field-waveform-1789697330365-12 D1 MODE_SWITCH_OK state=MODE_SWITCH_OK attempts=1 streak=0
[2026-09-18T02:09:40.707Z] batch=field-waveform-1789697330365-12 D5 MODE_SWITCH_START state=MODE_SWITCHING attempts=1 streak=0 attempt=1
[2026-09-18T02:09:40.709Z] batch=field-waveform-1789697330365-12 D5 MODE_SWITCH_OK state=MODE_SWITCH_OK attempts=1 streak=0
[2026-09-18T02:09:40.711Z] batch=field-waveform-1789697330365-12 D2 MODE_SWITCH_START state=MODE_SWITCHING attempts=1 streak=0 attempt=1
[2026-09-18T02:09:40.712Z] batch=field-waveform-1789697330365-12 D2 MODE_SWITCH_OK state=MODE_SWITCH_OK attempts=1 streak=0
[2026-09-18T02:09:40.714Z] batch=field-waveform-1789697330365-12 D4 MODE_SWITCH_START state=MODE_SWITCHING attempts=1 streak=0 attempt=1
[2026-09-18T02:09:40.715Z] batch=field-waveform-1789697330365-12 D4 MODE_SWITCH_OK state=MODE_SWITCH_OK attempts=1 streak=0
[2026-09-18T02:09:40.999Z] batch=field-waveform-1789697330365-12 D3 MODE_SWITCH_START state=MODE_SWITCHING attempts=1 streak=0 attempt=1
[2026-09-18T02:09:41.001Z] batch=field-waveform-1789697330365-12 D3 MODE_SWITCH_OK state=MODE_SWITCH_OK attempts=1 streak=0
[2026-09-18T02:09:50.681Z] batch=field-waveform-1789697330365-12 D6 MODE_SWITCH_START state=MODE_SWITCHING attempts=1 streak=0 attempt=1
[2026-09-18T02:09:50.683Z] batch=field-waveform-1789697330365-12 D6 MODE_SWITCH_OK state=MODE_SWITCH_OK attempts=1 streak=0
[2026-09-18T02:09:50.692Z] batch=field-waveform-1789697330365-12 D1 MODE_SWITCH_START state=MODE_SWITCHING attempts=1 streak=0 attempt=1
[2026-09-18T02:09:50.692Z] batch=field-waveform-1789697330365-12 D1 MODE_SWITCH_OK state=MODE_SWITCH_OK attempts=1 streak=0
[2026-09-18T02:09:50.716Z] batch=field-waveform-1789697330365-12 D5 MODE_SWITCH_START state=MODE_SWITCHING attempts=1 streak=0 attempt=1
[2026-09-18T02:09:50.717Z] batch=field-waveform-1789697330365-12 D5 MODE_SWITCH_OK state=MODE_SWITCH_OK attempts=1 streak=0
[2026-09-18T02:09:50.718Z] batch=field-waveform-1789697330365-12 D2 MODE_SWITCH_START state=MODE_SWITCHING attempts=1 streak=0 attempt=1
[2026-09-18T02:09:50.718Z] batch=field-waveform-1789697330365-12 D2 MODE_SWITCH_OK state=MODE_SWITCH_OK attempts=1 streak=0
[2026-09-18T02:09:50.719Z] batch=field-waveform-1789697330365-12 D4 MODE_SWITCH_START state=MODE_SWITCHING attempts=1 streak=0 attempt=1
[2026-09-18T02:09:50.720Z] batch=field-waveform-1789697330365-12 D4 MODE_SWITCH_OK state=MODE_SWITCH_OK attempts=1 streak=0
[2026-09-18T02:09:51.008Z] batch=field-waveform-1789697330365-12 D3 MODE_SWITCH_START state=MODE_SWITCHING attempts=1 streak=0 attempt=1
[2026-09-18T02:09:51.010Z] batch=field-waveform-1789697330365-12 D3 MODE_SWITCH_OK state=MODE_SWITCH_OK attempts=1 streak=0
[2026-09-18T02:10:00.687Z] batch=field-waveform-1789697330365-12 D6 MODE_SWITCH_START state=MODE_SWITCHING attempts=1 streak=0 attempt=1
[2026-09-18T02:10:00.689Z] batch=field-waveform-1789697330365-12 D6 MODE_SWITCH_OK state=MODE_SWITCH_OK attempts=1 streak=0
[2026-09-18T02:10:00.705Z] batch=field-waveform-1789697330365-12 D1 MODE_SWITCH_START state=MODE_SWITCHING attempts=1 streak=0 attempt=1
[2026-09-18T02:10:00.708Z] batch=field-waveform-1789697330365-12 D1 MODE_SWITCH_OK state=MODE_SWITCH_OK attempts=1 streak=0
[2026-09-18T02:10:00.721Z] batch=field-waveform-1789697330365-12 D5 MODE_SWITCH_START state=MODE_SWITCHING attempts=1 streak=0 attempt=1
[2026-09-18T02:10:00.722Z] batch=field-waveform-1789697330365-12 D5 MODE_SWITCH_OK state=MODE_SWITCH_OK attempts=1 streak=0
[2026-09-18T02:10:00.724Z] batch=field-waveform-1789697330365-12 D2 MODE_SWITCH_START state=MODE_SWITCHING attempts=1 streak=0 attempt=1
[2026-09-18T02:10:00.726Z] batch=field-waveform-1789697330365-12 D2 MODE_SWITCH_OK state=MODE_SWITCH_OK attempts=1 streak=0
[2026-09-18T02:10:00.727Z] batch=field-waveform-1789697330365-12 D4 MODE_SWITCH_START state=MODE_SWITCHING attempts=1 streak=0 attempt=1
[2026-09-18T02:10:00.729Z] batch=field-waveform-1789697330365-12 D4 MODE_SWITCH_OK state=MODE_SWITCH_OK attempts=1 streak=0
[2026-09-18T02:10:01.013Z] batch=field-waveform-1789697330365-12 D3 MODE_SWITCH_START state=MODE_SWITCHING attempts=1 streak=0 attempt=1
[2026-09-18T02:10:01.014Z] batch=field-waveform-1789697330365-12 D3 MODE_SWITCH_OK state=MODE_SWITCH_OK attempts=1 streak=0
[2026-09-18T02:10:10.690Z] batch=field-waveform-1789697330365-12 D6 MODE_SWITCH_START state=MODE_SWITCHING attempts=1 streak=0 attempt=1
[2026-09-18T02:10:10.692Z] batch=field-waveform-1789697330365-12 D6 MODE_SWITCH_OK state=MODE_SWITCH_OK attempts=1 streak=0
[2026-09-18T02:10:10.721Z] batch=field-waveform-1789697330365-12 D1 MODE_SWITCH_START state=MODE_SWITCHING attempts=1 streak=0 attempt=1
[2026-09-18T02:10:10.723Z] batch=field-waveform-1789697330365-12 D1 MODE_SWITCH_OK state=MODE_SWITCH_OK attempts=1 streak=0
[2026-09-18T02:10:10.725Z] batch=field-waveform-1789697330365-12 D5 MODE_SWITCH_START state=MODE_SWITCHING attempts=1 streak=0 attempt=1
[2026-09-18T02:10:10.727Z] batch=field-waveform-1789697330365-12 D5 MODE_SWITCH_OK state=MODE_SWITCH_OK attempts=1 streak=0
[2026-09-18T02:10:10.729Z] batch=field-waveform-1789697330365-12 D2 MODE_SWITCH_START state=MODE_SWITCHING attempts=1 streak=0 attempt=1
[2026-09-18T02:10:10.733Z] batch=field-waveform-1789697330365-12 D2 MODE_SWITCH_OK state=MODE_SWITCH_OK attempts=1 streak=0
[2026-09-18T02:10:10.734Z] batch=field-waveform-1789697330365-12 D4 MODE_SWITCH_START state=MODE_SWITCHING attempts=1 streak=0 attempt=1
[2026-09-18T02:10:10.736Z] batch=field-waveform-1789697330365-12 D4 MODE_SWITCH_OK state=MODE_SWITCH_OK attempts=1 streak=0
[2026-09-18T02:10:11.024Z] batch=field-waveform-1789697330365-12 D3 MODE_SWITCH_START state=MODE_SWITCHING attempts=1 streak=0 attempt=1
[2026-09-18T02:10:11.026Z] batch=field-waveform-1789697330365-12 D3 MODE_SWITCH_OK state=MODE_SWITCH_OK attempts=1 streak=0
[2026-09-18T02:10:20.708Z] batch=field-waveform-1789697330365-12 D6 MODE_SWITCH_START state=MODE_SWITCHING attempts=1 streak=0 attempt=1
[2026-09-18T02:10:20.710Z] batch=field-waveform-1789697330365-12 D6 MODE_SWITCH_OK state=MODE_SWITCH_OK attempts=1 streak=0
[2026-09-18T02:10:20.739Z] batch=field-waveform-1789697330365-12 D1 MODE_SWITCH_START state=MODE_SWITCHING attempts=1 streak=0 attempt=1
[2026-09-18T02:10:20.741Z] batch=field-waveform-1789697330365-12 D1 MODE_SWITCH_OK state=MODE_SWITCH_OK attempts=1 streak=0
[2026-09-18T02:10:20.742Z] batch=field-waveform-1789697330365-12 D5 MODE_SWITCH_START state=MODE_SWITCHING attempts=1 streak=0 attempt=1
[2026-09-18T02:10:20.743Z] batch=field-waveform-1789697330365-12 D5 MODE_SWITCH_OK state=MODE_SWITCH_OK attempts=1 streak=0
[2026-09-18T02:10:20.744Z] batch=field-waveform-1789697330365-12 D2 MODE_SWITCH_START state=MODE_SWITCHING attempts=1 streak=0 attempt=1
[2026-09-18T02:10:20.746Z] batch=field-waveform-1789697330365-12 D2 MODE_SWITCH_OK state=MODE_SWITCH_OK attempts=1 streak=0
[2026-09-18T02:10:20.747Z] batch=field-waveform-1789697330365-12 D4 MODE_SWITCH_START state=MODE_SWITCHING attempts=1 streak=0 attempt=1
[2026-09-18T02:10:20.748Z] batch=field-waveform-1789697330365-12 D4 MODE_SWITCH_OK state=MODE_SWITCH_OK attempts=1 streak=0
[2026-09-18T02:10:21.031Z] batch=field-waveform-1789697330365-12 D3 MODE_SWITCH_START state=MODE_SWITCHING attempts=1 streak=0 attempt=1
[2026-09-18T02:10:21.033Z] batch=field-waveform-1789697330365-12 D3 MODE_SWITCH_OK state=MODE_SWITCH_OK attempts=1 streak=0
[2026-09-18T02:10:30.716Z] batch=field-waveform-1789697330365-12 D6 MODE_SWITCH_START state=MODE_SWITCHING attempts=1 streak=0 attempt=1
[2026-09-18T02:10:30.717Z] batch=field-waveform-1789697330365-12 D6 MODE_SWITCH_OK state=MODE_SWITCH_OK attempts=1 streak=0
[2026-09-18T02:10:30.752Z] batch=field-waveform-1789697330365-12 D1 MODE_SWITCH_START state=MODE_SWITCHING attempts=1 streak=0 attempt=1
[2026-09-18T02:10:30.753Z] batch=field-waveform-1789697330365-12 D1 MODE_SWITCH_OK state=MODE_SWITCH_OK attempts=1 streak=0
[2026-09-18T02:10:30.755Z] batch=field-waveform-1789697330365-12 D5 MODE_SWITCH_START state=MODE_SWITCHING attempts=1 streak=0 attempt=1
[2026-09-18T02:10:30.756Z] batch=field-waveform-1789697330365-12 D5 MODE_SWITCH_OK state=MODE_SWITCH_OK attempts=1 streak=0
[2026-09-18T02:10:30.757Z] batch=field-waveform-1789697330365-12 D2 MODE_SWITCH_START state=MODE_SWITCHING attempts=1 streak=0 attempt=1
[2026-09-18T02:10:30.758Z] batch=field-waveform-1789697330365-12 D2 MODE_SWITCH_OK state=MODE_SWITCH_OK attempts=1 streak=0
[2026-09-18T02:10:30.759Z] batch=field-waveform-1789697330365-12 D4 MODE_SWITCH_START state=MODE_SWITCHING attempts=1 streak=0 attempt=1
[2026-09-18T02:10:30.760Z] batch=field-waveform-1789697330365-12 D4 MODE_SWITCH_OK state=MODE_SWITCH_OK attempts=1 streak=0
[2026-09-18T02:10:31.043Z] batch=field-waveform-1789697330365-12 D3 MODE_SWITCH_START state=MODE_SWITCHING attempts=1 streak=0 attempt=1
[2026-09-18T02:10:31.044Z] batch=field-waveform-1789697330365-12 D3 MODE_SWITCH_OK state=MODE_SWITCH_OK attempts=1 streak=0
[2026-09-18T02:10:40.723Z] batch=field-waveform-1789697330365-12 D6 MODE_SWITCH_START state=MODE_SWITCHING attempts=1 streak=0 attempt=1
[2026-09-18T02:10:40.726Z] batch=field-waveform-1789697330365-12 D6 MODE_SWITCH_OK state=MODE_SWITCH_OK attempts=1 streak=0
[2026-09-18T02:10:40.759Z] batch=field-waveform-1789697330365-12 D1 MODE_SWITCH_START state=MODE_SWITCHING attempts=1 streak=0 attempt=1
[2026-09-18T02:10:40.761Z] batch=field-waveform-1789697330365-12 D1 MODE_SWITCH_OK state=MODE_SWITCH_OK attempts=1 streak=0
[2026-09-18T02:10:40.762Z] batch=field-waveform-1789697330365-12 D5 MODE_SWITCH_START state=MODE_SWITCHING attempts=1 streak=0 attempt=1
[2026-09-18T02:10:40.763Z] batch=field-waveform-1789697330365-12 D5 MODE_SWITCH_OK state=MODE_SWITCH_OK attempts=1 streak=0
[2026-09-18T02:10:40.765Z] batch=field-waveform-1789697330365-12 D2 MODE_SWITCH_START state=MODE_SWITCHING attempts=1 streak=0 attempt=1
[2026-09-18T02:10:40.766Z] batch=field-waveform-1789697330365-12 D2 MODE_SWITCH_OK state=MODE_SWITCH_OK attempts=1 streak=0
[2026-09-18T02:10:40.769Z] batch=field-waveform-1789697330365-12 D4 MODE_SWITCH_START state=MODE_SWITCHING attempts=1 streak=0 attempt=1
[2026-09-18T02:10:40.777Z] batch=field-waveform-1789697330365-12 D4 MODE_SWITCH_OK state=MODE_SWITCH_OK attempts=1 streak=0
[2026-09-18T02:10:41.051Z] batch=field-waveform-1789697330365-12 D3 MODE_SWITCH_START state=MODE_SWITCHING attempts=1 streak=0 attempt=1
[2026-09-18T02:10:41.054Z] batch=field-waveform-1789697330365-12 D3 MODE_SWITCH_OK state=MODE_SWITCH_OK attempts=1 streak=0
[2026-09-18T02:10:50.732Z] batch=field-waveform-1789697330365-12 D6 MODE_SWITCH_START state=MODE_SWITCHING attempts=1 streak=0 attempt=1
[2026-09-18T02:10:50.734Z] batch=field-waveform-1789697330365-12 D6 MODE_SWITCH_OK state=MODE_SWITCH_OK attempts=1 streak=0
[2026-09-18T02:10:50.763Z] batch=field-waveform-1789697330365-12 D1 MODE_SWITCH_START state=MODE_SWITCHING attempts=1 streak=0 attempt=1
[2026-09-18T02:10:50.765Z] batch=field-waveform-1789697330365-12 D1 MODE_SWITCH_OK state=MODE_SWITCH_OK attempts=1 streak=0
[2026-09-18T02:10:50.765Z] batch=field-waveform-1789697330365-12 D5 MODE_SWITCH_START state=MODE_SWITCHING attempts=1 streak=0 attempt=1
[2026-09-18T02:10:50.767Z] batch=field-waveform-1789697330365-12 D5 MODE_SWITCH_OK state=MODE_SWITCH_OK attempts=1 streak=0
[2026-09-18T02:10:50.768Z] batch=field-waveform-1789697330365-12 D2 MODE_SWITCH_START state=MODE_SWITCHING attempts=1 streak=0 attempt=1
[2026-09-18T02:10:50.769Z] batch=field-waveform-1789697330365-12 D2 MODE_SWITCH_OK state=MODE_SWITCH_OK attempts=1 streak=0
[2026-09-18T02:10:50.779Z] batch=field-waveform-1789697330365-12 D4 MODE_SWITCH_START state=MODE_SWITCHING attempts=1 streak=0 attempt=1
[2026-09-18T02:10:50.780Z] batch=field-waveform-1789697330365-12 D4 MODE_SWITCH_OK state=MODE_SWITCH_OK attempts=1 streak=0
[2026-09-18T02:10:51.063Z] batch=field-waveform-1789697330365-12 D3 MODE_SWITCH_START state=MODE_SWITCHING attempts=1 streak=0 attempt=1
[2026-09-18T02:10:51.066Z] batch=field-waveform-1789697330365-12 D3 MODE_SWITCH_OK state=MODE_SWITCH_OK attempts=1 streak=0
[2026-09-18T02:10:52.187Z] batch=field-waveform-1789697452186-13 D1 MODE_SWITCH_START state=MODE_SWITCHING attempts=1 streak=0 attempt=1
[2026-09-18T02:10:52.188Z] batch=field-waveform-1789697452186-13 D2 MODE_SWITCH_START state=MODE_SWITCHING attempts=1 streak=0 attempt=1
[2026-09-18T02:10:52.189Z] batch=field-waveform-1789697452186-13 D3 MODE_SWITCH_START state=MODE_SWITCHING attempts=1 streak=0 attempt=1
[2026-09-18T02:10:52.189Z] batch=field-waveform-1789697452186-13 D4 MODE_SWITCH_START state=MODE_SWITCHING attempts=1 streak=0 attempt=1
[2026-09-18T02:10:52.190Z] batch=field-waveform-1789697452186-13 D5 MODE_SWITCH_START state=MODE_SWITCHING attempts=1 streak=0 attempt=1
[2026-09-18T02:10:52.191Z] batch=field-waveform-1789697452186-13 D6 MODE_SWITCH_START state=MODE_SWITCHING attempts=1 streak=0 attempt=1
[2026-09-18T02:10:52.193Z] batch=field-waveform-1789697452186-13 D1 MODE_SWITCH_OK state=MODE_SWITCH_OK attempts=1 streak=0
[2026-09-18T02:10:52.194Z] batch=field-waveform-1789697452186-13 D2 MODE_SWITCH_OK state=MODE_SWITCH_OK attempts=1 streak=0
[2026-09-18T02:10:52.195Z] batch=field-waveform-1789697452186-13 D3 MODE_SWITCH_OK state=MODE_SWITCH_OK attempts=1 streak=0
[2026-09-18T02:10:52.195Z] batch=field-waveform-1789697452186-13 D4 MODE_SWITCH_OK state=MODE_SWITCH_OK attempts=1 streak=0
[2026-09-18T02:10:52.196Z] batch=field-waveform-1789697452186-13 D5 MODE_SWITCH_OK state=MODE_SWITCH_OK attempts=1 streak=0
[2026-09-18T02:10:52.196Z] batch=field-waveform-1789697452186-13 D6 MODE_SWITCH_OK state=MODE_SWITCH_OK attempts=1 streak=0
[2026-09-18T02:11:00.739Z] batch=field-waveform-1789697452186-13 D6 MODE_SWITCH_START state=MODE_SWITCHING attempts=1 streak=0 attempt=1
[2026-09-18T02:11:00.741Z] batch=field-waveform-1789697452186-13 D6 MODE_SWITCH_OK state=MODE_SWITCH_OK attempts=1 streak=0
[2026-09-18T02:11:00.770Z] batch=field-waveform-1789697452186-13 D1 MODE_SWITCH_START state=MODE_SWITCHING attempts=1 streak=0 attempt=1
[2026-09-18T02:11:00.771Z] batch=field-waveform-1789697452186-13 D1 MODE_SWITCH_OK state=MODE_SWITCH_OK attempts=1 streak=0
[2026-09-18T02:11:00.773Z] batch=field-waveform-1789697452186-13 D5 MODE_SWITCH_START state=MODE_SWITCHING attempts=1 streak=0 attempt=1
[2026-09-18T02:11:00.774Z] batch=field-waveform-1789697452186-13 D5 MODE_SWITCH_OK state=MODE_SWITCH_OK attempts=1 streak=0
[2026-09-18T02:11:00.776Z] batch=field-waveform-1789697452186-13 D2 MODE_SWITCH_START state=MODE_SWITCHING attempts=1 streak=0 attempt=1
[2026-09-18T02:11:00.778Z] batch=field-waveform-1789697452186-13 D2 MODE_SWITCH_OK state=MODE_SWITCH_OK attempts=1 streak=0
[2026-09-18T02:11:00.783Z] batch=field-waveform-1789697452186-13 D4 MODE_SWITCH_START state=MODE_SWITCHING attempts=1 streak=0 attempt=1
[2026-09-18T02:11:00.785Z] batch=field-waveform-1789697452186-13 D4 MODE_SWITCH_OK state=MODE_SWITCH_OK attempts=1 streak=0
[2026-09-18T02:11:01.078Z] batch=field-waveform-1789697452186-13 D3 MODE_SWITCH_START state=MODE_SWITCHING attempts=1 streak=0 attempt=1
[2026-09-18T02:11:01.079Z] batch=field-waveform-1789697452186-13 D3 MODE_SWITCH_OK state=MODE_SWITCH_OK attempts=1 streak=0
[2026-09-18T02:11:10.754Z] batch=field-waveform-1789697452186-13 D6 MODE_SWITCH_START state=MODE_SWITCHING attempts=1 streak=0 attempt=1
[2026-09-18T02:11:10.756Z] batch=field-waveform-1789697452186-13 D6 MODE_SWITCH_OK state=MODE_SWITCH_OK attempts=1 streak=0
[2026-09-18T02:11:10.784Z] batch=field-waveform-1789697452186-13 D1 MODE_SWITCH_START state=MODE_SWITCHING attempts=1 streak=0 attempt=1
[2026-09-18T02:11:10.786Z] batch=field-waveform-1789697452186-13 D1 MODE_SWITCH_OK state=MODE_SWITCH_OK attempts=1 streak=0
[2026-09-18T02:11:10.789Z] batch=field-waveform-1789697452186-13 D5 MODE_SWITCH_START state=MODE_SWITCHING attempts=1 streak=0 attempt=1
[2026-09-18T02:11:10.791Z] batch=field-waveform-1789697452186-13 D5 MODE_SWITCH_OK state=MODE_SWITCH_OK attempts=1 streak=0
[2026-09-18T02:11:10.793Z] batch=field-waveform-1789697452186-13 D2 MODE_SWITCH_START state=MODE_SWITCHING attempts=1 streak=0 attempt=1
[2026-09-18T02:11:10.794Z] batch=field-waveform-1789697452186-13 D2 MODE_SWITCH_OK state=MODE_SWITCH_OK attempts=1 streak=0
[2026-09-18T02:11:10.797Z] batch=field-waveform-1789697452186-13 D4 MODE_SWITCH_START state=MODE_SWITCHING attempts=1 streak=0 attempt=1
[2026-09-18T02:11:10.810Z] batch=field-waveform-1789697452186-13 D4 MODE_SWITCH_OK state=MODE_SWITCH_OK attempts=1 streak=0
[2026-09-18T02:11:11.085Z] batch=field-waveform-1789697452186-13 D3 MODE_SWITCH_START state=MODE_SWITCHING attempts=1 streak=0 attempt=1
[2026-09-18T02:11:11.086Z] batch=field-waveform-1789697452186-13 D3 MODE_SWITCH_OK state=MODE_SWITCH_OK attempts=1 streak=0
[2026-09-18T02:11:20.768Z] batch=field-waveform-1789697452186-13 D6 MODE_SWITCH_START state=MODE_SWITCHING attempts=1 streak=0 attempt=1
[2026-09-18T02:11:20.770Z] batch=field-waveform-1789697452186-13 D6 MODE_SWITCH_OK state=MODE_SWITCH_OK attempts=1 streak=0
[2026-09-18T02:11:20.795Z] batch=field-waveform-1789697452186-13 D1 MODE_SWITCH_START state=MODE_SWITCHING attempts=1 streak=0 attempt=1
[2026-09-18T02:11:20.799Z] batch=field-waveform-1789697452186-13 D1 MODE_SWITCH_OK state=MODE_SWITCH_OK attempts=1 streak=0
[2026-09-18T02:11:20.803Z] batch=field-waveform-1789697452186-13 D5 MODE_SWITCH_START state=MODE_SWITCHING attempts=1 streak=0 attempt=1
[2026-09-18T02:11:20.805Z] batch=field-waveform-1789697452186-13 D5 MODE_SWITCH_OK state=MODE_SWITCH_OK attempts=1 streak=0
[2026-09-18T02:11:20.806Z] batch=field-waveform-1789697452186-13 D2 MODE_SWITCH_START state=MODE_SWITCHING attempts=1 streak=0 attempt=1
[2026-09-18T02:11:20.808Z] batch=field-waveform-1789697452186-13 D2 MODE_SWITCH_OK state=MODE_SWITCH_OK attempts=1 streak=0
[2026-09-18T02:11:20.812Z] batch=field-waveform-1789697452186-13 D4 MODE_SWITCH_START state=MODE_SWITCHING attempts=1 streak=0 attempt=1
[2026-09-18T02:11:20.813Z] batch=field-waveform-1789697452186-13 D4 MODE_SWITCH_OK state=MODE_SWITCH_OK attempts=1 streak=0
[2026-09-18T02:11:21.086Z] batch=field-waveform-1789697452186-13 D3 MODE_SWITCH_START state=MODE_SWITCHING attempts=1 streak=0 attempt=1
[2026-09-18T02:11:21.087Z] batch=field-waveform-1789697452186-13 D3 MODE_SWITCH_OK state=MODE_SWITCH_OK attempts=1 streak=0
[2026-09-18T02:11:25.842Z] batch=field-waveform-1789697452186-13 D6 FIRST_FRAME state=FIRST_FRAME_RECEIVED attempts=1 streak=1
[2026-09-18T02:11:25.843Z] batch=field-waveform-1789697452186-13 D6 FIRST_VALID_SAMPLE state=FIRST_FRAME_RECEIVED attempts=1 streak=1
[2026-09-18T02:11:25.865Z] batch=field-waveform-1789697452186-13 D5 FIRST_FRAME state=FIRST_FRAME_RECEIVED attempts=1 streak=1
[2026-09-18T02:11:25.865Z] batch=field-waveform-1789697452186-13 D5 FIRST_VALID_SAMPLE state=FIRST_FRAME_RECEIVED attempts=1 streak=1
[2026-09-18T02:11:25.869Z] batch=field-waveform-1789697452186-13 D1 FIRST_FRAME state=FIRST_FRAME_RECEIVED attempts=1 streak=1
[2026-09-18T02:11:25.870Z] batch=field-waveform-1789697452186-13 D1 FIRST_VALID_SAMPLE state=FIRST_FRAME_RECEIVED attempts=1 streak=1
[2026-09-18T02:11:25.875Z] batch=field-waveform-1789697452186-13 D2 FIRST_FRAME state=FIRST_FRAME_RECEIVED attempts=1 streak=1
[2026-09-18T02:11:25.876Z] batch=field-waveform-1789697452186-13 D2 FIRST_VALID_SAMPLE state=FIRST_FRAME_RECEIVED attempts=1 streak=1
[2026-09-18T02:11:25.902Z] batch=field-waveform-1789697452186-13 D4 FIRST_FRAME state=FIRST_FRAME_RECEIVED attempts=1 streak=1
[2026-09-18T02:11:25.902Z] batch=field-waveform-1789697452186-13 D4 FIRST_VALID_SAMPLE state=FIRST_FRAME_RECEIVED attempts=1 streak=1
[2026-09-18T02:11:26.094Z] batch=field-waveform-1789697452186-13 D6 CHANNEL_SYNC_OK state=TEST_READY attempts=1 streak=5
[2026-09-18T02:11:26.094Z] batch=field-waveform-1789697452186-13 D6 TEST_READY state=TEST_READY attempts=1 streak=5
[2026-09-18T02:11:26.096Z] batch=field-waveform-1789697452186-13 D5 CHANNEL_SYNC_OK state=TEST_READY attempts=1 streak=5
[2026-09-18T02:11:26.096Z] batch=field-waveform-1789697452186-13 D5 TEST_READY state=TEST_READY attempts=1 streak=5
[2026-09-18T02:11:26.124Z] batch=field-waveform-1789697452186-13 D1 CHANNEL_SYNC_OK state=TEST_READY attempts=1 streak=5
[2026-09-18T02:11:26.124Z] batch=field-waveform-1789697452186-13 D1 TEST_READY state=TEST_READY attempts=1 streak=5
[2026-09-18T02:11:26.125Z] batch=field-waveform-1789697452186-13 D3 FIRST_FRAME state=FIRST_FRAME_RECEIVED attempts=1 streak=1
[2026-09-18T02:11:26.126Z] batch=field-waveform-1789697452186-13 D3 FIRST_VALID_SAMPLE state=FIRST_FRAME_RECEIVED attempts=1 streak=1
[2026-09-18T02:11:26.131Z] batch=field-waveform-1789697452186-13 D2 CHANNEL_SYNC_OK state=TEST_READY attempts=1 streak=5
[2026-09-18T02:11:26.131Z] batch=field-waveform-1789697452186-13 D2 TEST_READY state=TEST_READY attempts=1 streak=5
[2026-09-18T02:11:26.150Z] batch=field-waveform-1789697452186-13 D4 CHANNEL_SYNC_OK state=TEST_READY attempts=1 streak=5
[2026-09-18T02:11:26.150Z] batch=field-waveform-1789697452186-13 D4 TEST_READY state=TEST_READY attempts=1 streak=5
[2026-09-18T02:11:26.376Z] batch=field-waveform-1789697452186-13 D3 CHANNEL_SYNC_OK state=TEST_READY attempts=1 streak=5
[2026-09-18T02:11:26.376Z] batch=field-waveform-1789697452186-13 D3 TEST_READY state=TEST_READY attempts=1 streak=5
[2026-09-18T02:11:37.155Z] batch=field-waveform-1789697452186-13 D6 MODE_SWITCH_START state=MODE_SWITCHING attempts=1 streak=0 attempt=1
[2026-09-18T02:11:37.156Z] batch=field-waveform-1789697452186-13 D6 MODE_SWITCH_OK state=MODE_SWITCH_OK attempts=1 streak=0
[2026-09-18T02:11:37.158Z] batch=field-waveform-1789697452186-13 D5 MODE_SWITCH_START state=MODE_SWITCHING attempts=1 streak=0 attempt=1
[2026-09-18T02:11:37.161Z] batch=field-waveform-1789697452186-13 D5 MODE_SWITCH_OK state=MODE_SWITCH_OK attempts=1 streak=0
[2026-09-18T02:11:37.194Z] batch=field-waveform-1789697452186-13 D1 MODE_SWITCH_START state=MODE_SWITCHING attempts=1 streak=0 attempt=1
[2026-09-18T02:11:37.195Z] batch=field-waveform-1789697452186-13 D1 MODE_SWITCH_OK state=MODE_SWITCH_OK attempts=1 streak=0
[2026-09-18T02:11:37.299Z] batch=field-waveform-1789697452186-13 D4 MODE_SWITCH_START state=MODE_SWITCHING attempts=1 streak=0 attempt=1
[2026-09-18T02:11:37.300Z] batch=field-waveform-1789697452186-13 D4 MODE_SWITCH_OK state=MODE_SWITCH_OK attempts=1 streak=0
[2026-09-18T02:11:42.227Z] batch=field-waveform-1789697452186-13 D6 FIRST_FRAME state=FIRST_FRAME_RECEIVED attempts=1 streak=1
[2026-09-18T02:11:42.227Z] batch=field-waveform-1789697452186-13 D6 FIRST_VALID_SAMPLE state=FIRST_FRAME_RECEIVED attempts=1 streak=1
[2026-09-18T02:11:42.228Z] batch=field-waveform-1789697452186-13 D5 FIRST_FRAME state=FIRST_FRAME_RECEIVED attempts=1 streak=1
[2026-09-18T02:11:42.228Z] batch=field-waveform-1789697452186-13 D5 FIRST_VALID_SAMPLE state=FIRST_FRAME_RECEIVED attempts=1 streak=1
[2026-09-18T02:11:42.257Z] batch=field-waveform-1789697452186-13 D1 FIRST_FRAME state=FIRST_FRAME_RECEIVED attempts=1 streak=1
[2026-09-18T02:11:42.262Z] batch=field-waveform-1789697452186-13 D1 FIRST_VALID_SAMPLE state=FIRST_FRAME_RECEIVED attempts=1 streak=1
[2026-09-18T02:11:42.336Z] batch=field-waveform-1789697452186-13 D4 FIRST_FRAME state=FIRST_FRAME_RECEIVED attempts=1 streak=1
[2026-09-18T02:11:42.337Z] batch=field-waveform-1789697452186-13 D4 FIRST_VALID_SAMPLE state=FIRST_FRAME_RECEIVED attempts=1 streak=1
[2026-09-18T02:11:42.470Z] batch=field-waveform-1789697452186-13 D6 CHANNEL_SYNC_OK state=TEST_READY attempts=1 streak=5
[2026-09-18T02:11:42.470Z] batch=field-waveform-1789697452186-13 D6 TEST_READY state=TEST_READY attempts=1 streak=5
[2026-09-18T02:11:42.474Z] batch=field-waveform-1789697452186-13 D5 CHANNEL_SYNC_OK state=TEST_READY attempts=1 streak=5
[2026-09-18T02:11:42.475Z] batch=field-waveform-1789697452186-13 D5 TEST_READY state=TEST_READY attempts=1 streak=5
[2026-09-18T02:11:42.503Z] batch=field-waveform-1789697452186-13 D1 CHANNEL_SYNC_OK state=TEST_READY attempts=1 streak=5
[2026-09-18T02:11:42.503Z] batch=field-waveform-1789697452186-13 D1 TEST_READY state=TEST_READY attempts=1 streak=5
[2026-09-18T02:11:42.585Z] batch=field-waveform-1789697452186-13 D4 CHANNEL_SYNC_OK state=TEST_READY attempts=1 streak=5
[2026-09-18T02:11:42.586Z] batch=field-waveform-1789697452186-13 D4 TEST_READY state=TEST_READY attempts=1 streak=5
[2026-09-18T02:12:35.938Z] batch=field-waveform-1789697452186-13 D1 MODE_SWITCH_START state=MODE_SWITCHING attempts=1 streak=0 attempt=1
[2026-09-18T02:12:35.939Z] batch=field-waveform-1789697452186-13 D1 MODE_SWITCH_OK state=MODE_SWITCH_OK attempts=1 streak=0
[2026-09-18T02:12:35.942Z] batch=field-waveform-1789697452186-13 D3 MODE_SWITCH_START state=MODE_SWITCHING attempts=1 streak=0 attempt=1
[2026-09-18T02:12:35.942Z] batch=field-waveform-1789697452186-13 D3 MODE_SWITCH_OK state=MODE_SWITCH_OK attempts=1 streak=0
[2026-09-18T02:12:35.945Z] batch=field-waveform-1789697452186-13 D6 MODE_SWITCH_START state=MODE_SWITCHING attempts=1 streak=0 attempt=1
[2026-09-18T02:12:35.946Z] batch=field-waveform-1789697452186-13 D6 MODE_SWITCH_OK state=MODE_SWITCH_OK attempts=1 streak=0
[2026-09-18T02:12:35.948Z] batch=field-waveform-1789697452186-13 D5 MODE_SWITCH_START state=MODE_SWITCHING attempts=1 streak=0 attempt=1
[2026-09-18T02:12:35.949Z] batch=field-waveform-1789697452186-13 D5 MODE_SWITCH_OK state=MODE_SWITCH_OK attempts=1 streak=0
[2026-09-18T02:12:35.958Z] batch=field-waveform-1789697452186-13 D4 MODE_SWITCH_START state=MODE_SWITCHING attempts=1 streak=0 attempt=1
[2026-09-18T02:12:35.959Z] batch=field-waveform-1789697452186-13 D4 MODE_SWITCH_OK state=MODE_SWITCH_OK attempts=1 streak=0
[2026-09-18T02:12:35.961Z] batch=field-waveform-1789697452186-13 D2 MODE_SWITCH_START state=MODE_SWITCHING attempts=1 streak=0 attempt=1
[2026-09-18T02:12:35.962Z] batch=field-waveform-1789697452186-13 D2 MODE_SWITCH_OK state=MODE_SWITCH_OK attempts=1 streak=0
[2026-09-18T02:12:45.980Z] batch=field-waveform-1789697452186-13 D1 MODE_SWITCH_START state=MODE_SWITCHING attempts=1 streak=0 attempt=1
[2026-09-18T02:12:45.981Z] batch=field-waveform-1789697452186-13 D1 MODE_SWITCH_OK state=MODE_SWITCH_OK attempts=1 streak=0
[2026-09-18T02:12:45.985Z] batch=field-waveform-1789697452186-13 D3 MODE_SWITCH_START state=MODE_SWITCHING attempts=1 streak=0 attempt=1
[2026-09-18T02:12:45.986Z] batch=field-waveform-1789697452186-13 D3 MODE_SWITCH_OK state=MODE_SWITCH_OK attempts=1 streak=0
[2026-09-18T02:12:45.989Z] batch=field-waveform-1789697452186-13 D6 MODE_SWITCH_START state=MODE_SWITCHING attempts=1 streak=0 attempt=1
[2026-09-18T02:12:45.989Z] batch=field-waveform-1789697452186-13 D6 MODE_SWITCH_OK state=MODE_SWITCH_OK attempts=1 streak=0
[2026-09-18T02:12:45.994Z] batch=field-waveform-1789697452186-13 D5 MODE_SWITCH_START state=MODE_SWITCHING attempts=1 streak=0 attempt=1
[2026-09-18T02:12:45.995Z] batch=field-waveform-1789697452186-13 D5 MODE_SWITCH_OK state=MODE_SWITCH_OK attempts=1 streak=0
[2026-09-18T02:12:45.998Z] batch=field-waveform-1789697452186-13 D4 MODE_SWITCH_START state=MODE_SWITCHING attempts=1 streak=0 attempt=1
[2026-09-18T02:12:45.999Z] batch=field-waveform-1789697452186-13 D4 MODE_SWITCH_OK state=MODE_SWITCH_OK attempts=1 streak=0
[2026-09-18T02:12:46.001Z] batch=field-waveform-1789697452186-13 D2 MODE_SWITCH_START state=MODE_SWITCHING attempts=1 streak=0 attempt=1
[2026-09-18T02:12:46.002Z] batch=field-waveform-1789697452186-13 D2 MODE_SWITCH_OK state=MODE_SWITCH_OK attempts=1 streak=0
[2026-09-18T02:12:51.224Z] batch=field-waveform-1789697452186-13 D1 FIRST_FRAME state=FIRST_FRAME_RECEIVED attempts=1 streak=1
[2026-09-18T02:12:51.225Z] batch=field-waveform-1789697452186-13 D1 FIRST_VALID_SAMPLE state=FIRST_FRAME_RECEIVED attempts=1 streak=1
[2026-09-18T02:12:51.231Z] batch=field-waveform-1789697452186-13 D2 FIRST_FRAME state=FIRST_FRAME_RECEIVED attempts=1 streak=1
[2026-09-18T02:12:51.231Z] batch=field-waveform-1789697452186-13 D2 FIRST_VALID_SAMPLE state=FIRST_FRAME_RECEIVED attempts=1 streak=1
[2026-09-18T02:12:51.233Z] batch=field-waveform-1789697452186-13 D5 FIRST_FRAME state=FIRST_FRAME_RECEIVED attempts=1 streak=1
[2026-09-18T02:12:51.233Z] batch=field-waveform-1789697452186-13 D5 FIRST_VALID_SAMPLE state=FIRST_FRAME_RECEIVED attempts=1 streak=1
[2026-09-18T02:12:51.235Z] batch=field-waveform-1789697452186-13 D3 FIRST_FRAME state=FIRST_FRAME_RECEIVED attempts=1 streak=1
[2026-09-18T02:12:51.235Z] batch=field-waveform-1789697452186-13 D3 FIRST_VALID_SAMPLE state=FIRST_FRAME_RECEIVED attempts=1 streak=1
[2026-09-18T02:12:51.237Z] batch=field-waveform-1789697452186-13 D4 FIRST_FRAME state=FIRST_FRAME_RECEIVED attempts=1 streak=1
[2026-09-18T02:12:51.237Z] batch=field-waveform-1789697452186-13 D4 FIRST_VALID_SAMPLE state=FIRST_FRAME_RECEIVED attempts=1 streak=1
[2026-09-18T02:12:51.239Z] batch=field-waveform-1789697452186-13 D6 FIRST_FRAME state=FIRST_FRAME_RECEIVED attempts=1 streak=1
[2026-09-18T02:12:51.239Z] batch=field-waveform-1789697452186-13 D6 FIRST_VALID_SAMPLE state=FIRST_FRAME_RECEIVED attempts=1 streak=1
[2026-09-18T02:12:51.365Z] batch=field-waveform-1789697452186-13 D6 CHANNEL_SYNC_OK state=TEST_READY attempts=1 streak=5
[2026-09-18T02:12:51.365Z] batch=field-waveform-1789697452186-13 D6 TEST_READY state=TEST_READY attempts=1 streak=5
[2026-09-18T02:12:51.366Z] batch=field-waveform-1789697452186-13 D1 CHANNEL_SYNC_OK state=TEST_READY attempts=1 streak=5
[2026-09-18T02:12:51.366Z] batch=field-waveform-1789697452186-13 D1 TEST_READY state=TEST_READY attempts=1 streak=5
[2026-09-18T02:12:51.367Z] batch=field-waveform-1789697452186-13 D2 CHANNEL_SYNC_OK state=TEST_READY attempts=1 streak=5
[2026-09-18T02:12:51.367Z] batch=field-waveform-1789697452186-13 D2 TEST_READY state=TEST_READY attempts=1 streak=5
[2026-09-18T02:12:51.368Z] batch=field-waveform-1789697452186-13 D5 CHANNEL_SYNC_OK state=TEST_READY attempts=1 streak=5
[2026-09-18T02:12:51.368Z] batch=field-waveform-1789697452186-13 D5 TEST_READY state=TEST_READY attempts=1 streak=5
[2026-09-18T02:12:51.368Z] batch=field-waveform-1789697452186-13 D3 CHANNEL_SYNC_OK state=TEST_READY attempts=1 streak=5
[2026-09-18T02:12:51.369Z] batch=field-waveform-1789697452186-13 D3 TEST_READY state=TEST_READY attempts=1 streak=5
[2026-09-18T02:12:51.369Z] batch=field-waveform-1789697452186-13 D4 CHANNEL_SYNC_OK state=TEST_READY attempts=1 streak=5
[2026-09-18T02:12:51.370Z] batch=field-waveform-1789697452186-13 D4 TEST_READY state=TEST_READY attempts=1 streak=5
[2026-09-18T02:13:36.043Z] batch=field-waveform-1789697452186-13 D6 MODE_SWITCH_START state=MODE_SWITCHING attempts=1 streak=0 attempt=1
[2026-09-18T02:13:36.044Z] batch=field-waveform-1789697452186-13 D6 MODE_SWITCH_OK state=MODE_SWITCH_OK attempts=1 streak=0
[2026-09-18T02:13:36.050Z] batch=field-waveform-1789697452186-13 D1 MODE_SWITCH_START state=MODE_SWITCHING attempts=1 streak=0 attempt=1
[2026-09-18T02:13:36.051Z] batch=field-waveform-1789697452186-13 D1 MODE_SWITCH_OK state=MODE_SWITCH_OK attempts=1 streak=0
[2026-09-18T02:13:36.055Z] batch=field-waveform-1789697452186-13 D2 MODE_SWITCH_START state=MODE_SWITCHING attempts=1 streak=0 attempt=1
[2026-09-18T02:13:36.056Z] batch=field-waveform-1789697452186-13 D2 MODE_SWITCH_OK state=MODE_SWITCH_OK attempts=1 streak=0
[2026-09-18T02:13:36.061Z] batch=field-waveform-1789697452186-13 D3 MODE_SWITCH_START state=MODE_SWITCHING attempts=1 streak=0 attempt=1
[2026-09-18T02:13:36.063Z] batch=field-waveform-1789697452186-13 D3 MODE_SWITCH_OK state=MODE_SWITCH_OK attempts=1 streak=0
[2026-09-18T02:13:36.068Z] batch=field-waveform-1789697452186-13 D5 MODE_SWITCH_START state=MODE_SWITCHING attempts=1 streak=0 attempt=1
[2026-09-18T02:13:36.069Z] batch=field-waveform-1789697452186-13 D5 MODE_SWITCH_OK state=MODE_SWITCH_OK attempts=1 streak=0
[2026-09-18T02:13:36.073Z] batch=field-waveform-1789697452186-13 D4 MODE_SWITCH_START state=MODE_SWITCHING attempts=1 streak=0 attempt=1
[2026-09-18T02:13:36.074Z] batch=field-waveform-1789697452186-13 D4 MODE_SWITCH_OK state=MODE_SWITCH_OK attempts=1 streak=0
[2026-09-18T02:13:46.157Z] batch=field-waveform-1789697452186-13 D6 MODE_SWITCH_START state=MODE_SWITCHING attempts=1 streak=0 attempt=1
[2026-09-18T02:13:46.158Z] batch=field-waveform-1789697452186-13 D6 MODE_SWITCH_OK state=MODE_SWITCH_OK attempts=1 streak=0
[2026-09-18T02:13:46.167Z] batch=field-waveform-1789697452186-13 D1 MODE_SWITCH_START state=MODE_SWITCHING attempts=1 streak=0 attempt=1
[2026-09-18T02:13:46.168Z] batch=field-waveform-1789697452186-13 D1 MODE_SWITCH_OK state=MODE_SWITCH_OK attempts=1 streak=0
[2026-09-18T02:13:46.174Z] batch=field-waveform-1789697452186-13 D2 MODE_SWITCH_START state=MODE_SWITCHING attempts=1 streak=0 attempt=1
[2026-09-18T02:13:46.175Z] batch=field-waveform-1789697452186-13 D2 MODE_SWITCH_OK state=MODE_SWITCH_OK attempts=1 streak=0
[2026-09-18T02:13:46.180Z] batch=field-waveform-1789697452186-13 D3 MODE_SWITCH_START state=MODE_SWITCHING attempts=1 streak=0 attempt=1
[2026-09-18T02:13:46.181Z] batch=field-waveform-1789697452186-13 D3 MODE_SWITCH_OK state=MODE_SWITCH_OK attempts=1 streak=0
[2026-09-18T02:13:46.187Z] batch=field-waveform-1789697452186-13 D5 MODE_SWITCH_START state=MODE_SWITCHING attempts=1 streak=0 attempt=1
[2026-09-18T02:13:46.188Z] batch=field-waveform-1789697452186-13 D5 MODE_SWITCH_OK state=MODE_SWITCH_OK attempts=1 streak=0
[2026-09-18T02:13:46.194Z] batch=field-waveform-1789697452186-13 D4 MODE_SWITCH_START state=MODE_SWITCHING attempts=1 streak=0 attempt=1
[2026-09-18T02:13:46.196Z] batch=field-waveform-1789697452186-13 D4 MODE_SWITCH_OK state=MODE_SWITCH_OK attempts=1 streak=0
[2026-09-18T02:13:56.187Z] batch=field-waveform-1789697452186-13 D6 MODE_SWITCH_START state=MODE_SWITCHING attempts=1 streak=0 attempt=1
[2026-09-18T02:13:56.188Z] batch=field-waveform-1789697452186-13 D6 MODE_SWITCH_OK state=MODE_SWITCH_OK attempts=1 streak=0
[2026-09-18T02:13:56.192Z] batch=field-waveform-1789697452186-13 D1 MODE_SWITCH_START state=MODE_SWITCHING attempts=1 streak=0 attempt=1
[2026-09-18T02:13:56.192Z] batch=field-waveform-1789697452186-13 D1 MODE_SWITCH_OK state=MODE_SWITCH_OK attempts=1 streak=0
[2026-09-18T02:13:56.197Z] batch=field-waveform-1789697452186-13 D2 MODE_SWITCH_START state=MODE_SWITCHING attempts=1 streak=0 attempt=1
[2026-09-18T02:13:56.198Z] batch=field-waveform-1789697452186-13 D2 MODE_SWITCH_OK state=MODE_SWITCH_OK attempts=1 streak=0
[2026-09-18T02:13:56.491Z] batch=field-waveform-1789697452186-13 D3 MODE_SWITCH_START state=MODE_SWITCHING attempts=1 streak=0 attempt=1
[2026-09-18T02:13:56.492Z] batch=field-waveform-1789697452186-13 D3 MODE_SWITCH_OK state=MODE_SWITCH_OK attempts=1 streak=0
[2026-09-18T02:13:56.497Z] batch=field-waveform-1789697452186-13 D5 MODE_SWITCH_START state=MODE_SWITCHING attempts=1 streak=0 attempt=1
[2026-09-18T02:13:56.498Z] batch=field-waveform-1789697452186-13 D5 MODE_SWITCH_OK state=MODE_SWITCH_OK attempts=1 streak=0
[2026-09-18T02:13:56.503Z] batch=field-waveform-1789697452186-13 D4 MODE_SWITCH_START state=MODE_SWITCHING attempts=1 streak=0 attempt=1
[2026-09-18T02:13:56.504Z] batch=field-waveform-1789697452186-13 D4 MODE_SWITCH_OK state=MODE_SWITCH_OK attempts=1 streak=0
[2026-09-18T02:14:06.256Z] batch=field-waveform-1789697452186-13 D6 MODE_SWITCH_START state=MODE_SWITCHING attempts=1 streak=0 attempt=1
[2026-09-18T02:14:06.256Z] batch=field-waveform-1789697452186-13 D6 MODE_SWITCH_OK state=MODE_SWITCH_OK attempts=1 streak=0
[2026-09-18T02:14:06.261Z] batch=field-waveform-1789697452186-13 D1 MODE_SWITCH_START state=MODE_SWITCHING attempts=1 streak=0 attempt=1
[2026-09-18T02:14:06.262Z] batch=field-waveform-1789697452186-13 D1 MODE_SWITCH_OK state=MODE_SWITCH_OK attempts=1 streak=0
[2026-09-18T02:14:06.267Z] batch=field-waveform-1789697452186-13 D2 MODE_SWITCH_START state=MODE_SWITCHING attempts=1 streak=0 attempt=1
[2026-09-18T02:14:06.268Z] batch=field-waveform-1789697452186-13 D2 MODE_SWITCH_OK state=MODE_SWITCH_OK attempts=1 streak=0
[2026-09-18T02:14:06.599Z] batch=field-waveform-1789697452186-13 D3 MODE_SWITCH_START state=MODE_SWITCHING attempts=1 streak=0 attempt=1
[2026-09-18T02:14:06.600Z] batch=field-waveform-1789697452186-13 D3 MODE_SWITCH_OK state=MODE_SWITCH_OK attempts=1 streak=0
[2026-09-18T02:14:06.605Z] batch=field-waveform-1789697452186-13 D5 MODE_SWITCH_START state=MODE_SWITCHING attempts=1 streak=0 attempt=1
[2026-09-18T02:14:06.606Z] batch=field-waveform-1789697452186-13 D5 MODE_SWITCH_OK state=MODE_SWITCH_OK attempts=1 streak=0
[2026-09-18T02:14:06.611Z] batch=field-waveform-1789697452186-13 D4 MODE_SWITCH_START state=MODE_SWITCHING attempts=1 streak=0 attempt=1
[2026-09-18T02:14:06.612Z] batch=field-waveform-1789697452186-13 D4 MODE_SWITCH_OK state=MODE_SWITCH_OK attempts=1 streak=0
[2026-09-18T02:14:16.332Z] batch=field-waveform-1789697452186-13 D6 MODE_SWITCH_START state=MODE_SWITCHING attempts=1 streak=0 attempt=1
[2026-09-18T02:14:16.333Z] batch=field-waveform-1789697452186-13 D6 MODE_SWITCH_OK state=MODE_SWITCH_OK attempts=1 streak=0
[2026-09-18T02:14:16.339Z] batch=field-waveform-1789697452186-13 D1 MODE_SWITCH_START state=MODE_SWITCHING attempts=1 streak=0 attempt=1
[2026-09-18T02:14:16.341Z] batch=field-waveform-1789697452186-13 D1 MODE_SWITCH_OK state=MODE_SWITCH_OK attempts=1 streak=0
[2026-09-18T02:14:16.347Z] batch=field-waveform-1789697452186-13 D2 MODE_SWITCH_START state=MODE_SWITCHING attempts=1 streak=0 attempt=1
[2026-09-18T02:14:16.348Z] batch=field-waveform-1789697452186-13 D2 MODE_SWITCH_OK state=MODE_SWITCH_OK attempts=1 streak=0
[2026-09-18T02:14:16.629Z] batch=field-waveform-1789697452186-13 D3 MODE_SWITCH_START state=MODE_SWITCHING attempts=1 streak=0 attempt=1
[2026-09-18T02:14:16.630Z] batch=field-waveform-1789697452186-13 D3 MODE_SWITCH_OK state=MODE_SWITCH_OK attempts=1 streak=0
[2026-09-18T02:14:16.635Z] batch=field-waveform-1789697452186-13 D5 MODE_SWITCH_START state=MODE_SWITCHING attempts=1 streak=0 attempt=1
[2026-09-18T02:14:16.636Z] batch=field-waveform-1789697452186-13 D5 MODE_SWITCH_OK state=MODE_SWITCH_OK attempts=1 streak=0
[2026-09-18T02:14:16.641Z] batch=field-waveform-1789697452186-13 D4 MODE_SWITCH_START state=MODE_SWITCHING attempts=1 streak=0 attempt=1
[2026-09-18T02:14:16.642Z] batch=field-waveform-1789697452186-13 D4 MODE_SWITCH_OK state=MODE_SWITCH_OK attempts=1 streak=0
[2026-09-18T02:14:26.402Z] batch=field-waveform-1789697452186-13 D6 MODE_SWITCH_START state=MODE_SWITCHING attempts=1 streak=0 attempt=1
[2026-09-18T02:14:26.404Z] batch=field-waveform-1789697452186-13 D6 MODE_SWITCH_OK state=MODE_SWITCH_OK attempts=1 streak=0
[2026-09-18T02:14:26.409Z] batch=field-waveform-1789697452186-13 D1 MODE_SWITCH_START state=MODE_SWITCHING attempts=1 streak=0 attempt=1
[2026-09-18T02:14:26.410Z] batch=field-waveform-1789697452186-13 D1 MODE_SWITCH_OK state=MODE_SWITCH_OK attempts=1 streak=0
[2026-09-18T02:14:26.416Z] batch=field-waveform-1789697452186-13 D2 MODE_SWITCH_START state=MODE_SWITCHING attempts=1 streak=0 attempt=1
[2026-09-18T02:14:26.417Z] batch=field-waveform-1789697452186-13 D2 MODE_SWITCH_OK state=MODE_SWITCH_OK attempts=1 streak=0
[2026-09-18T02:14:26.858Z] batch=field-waveform-1789697452186-13 D3 MODE_SWITCH_START state=MODE_SWITCHING attempts=1 streak=0 attempt=1
[2026-09-18T02:14:26.860Z] batch=field-waveform-1789697452186-13 D3 MODE_SWITCH_OK state=MODE_SWITCH_OK attempts=1 streak=0
[2026-09-18T02:14:26.865Z] batch=field-waveform-1789697452186-13 D5 MODE_SWITCH_START state=MODE_SWITCHING attempts=1 streak=0 attempt=1
[2026-09-18T02:14:26.868Z] batch=field-waveform-1789697452186-13 D5 MODE_SWITCH_OK state=MODE_SWITCH_OK attempts=1 streak=0
[2026-09-18T02:14:26.875Z] batch=field-waveform-1789697452186-13 D4 MODE_SWITCH_START state=MODE_SWITCHING attempts=1 streak=0 attempt=1
[2026-09-18T02:14:26.877Z] batch=field-waveform-1789697452186-13 D4 MODE_SWITCH_OK state=MODE_SWITCH_OK attempts=1 streak=0
[2026-09-18T02:14:36.636Z] batch=field-waveform-1789697452186-13 D6 MODE_SWITCH_START state=MODE_SWITCHING attempts=1 streak=0 attempt=1
[2026-09-18T02:14:36.637Z] batch=field-waveform-1789697452186-13 D6 MODE_SWITCH_OK state=MODE_SWITCH_OK attempts=1 streak=0
[2026-09-18T02:14:36.643Z] batch=field-waveform-1789697452186-13 D1 MODE_SWITCH_START state=MODE_SWITCHING attempts=1 streak=0 attempt=1
[2026-09-18T02:14:36.644Z] batch=field-waveform-1789697452186-13 D1 MODE_SWITCH_OK state=MODE_SWITCH_OK attempts=1 streak=0
[2026-09-18T02:14:36.649Z] batch=field-waveform-1789697452186-13 D2 MODE_SWITCH_START state=MODE_SWITCHING attempts=1 streak=0 attempt=1
[2026-09-18T02:14:36.649Z] batch=field-waveform-1789697452186-13 D2 MODE_SWITCH_OK state=MODE_SWITCH_OK attempts=1 streak=0
[2026-09-18T02:14:36.936Z] batch=field-waveform-1789697452186-13 D3 MODE_SWITCH_START state=MODE_SWITCHING attempts=1 streak=0 attempt=1
[2026-09-18T02:14:36.936Z] batch=field-waveform-1789697452186-13 D3 MODE_SWITCH_OK state=MODE_SWITCH_OK attempts=1 streak=0
[2026-09-18T02:14:36.942Z] batch=field-waveform-1789697452186-13 D5 MODE_SWITCH_START state=MODE_SWITCHING attempts=1 streak=0 attempt=1
[2026-09-18T02:14:36.943Z] batch=field-waveform-1789697452186-13 D5 MODE_SWITCH_OK state=MODE_SWITCH_OK attempts=1 streak=0
[2026-09-18T02:14:36.948Z] batch=field-waveform-1789697452186-13 D4 MODE_SWITCH_START state=MODE_SWITCHING attempts=1 streak=0 attempt=1
[2026-09-18T02:14:36.949Z] batch=field-waveform-1789697452186-13 D4 MODE_SWITCH_OK state=MODE_SWITCH_OK attempts=1 streak=0
[2026-09-18T02:14:46.667Z] batch=field-waveform-1789697452186-13 D6 MODE_SWITCH_START state=MODE_SWITCHING attempts=1 streak=0 attempt=1
[2026-09-18T02:14:46.670Z] batch=field-waveform-1789697452186-13 D6 MODE_SWITCH_OK state=MODE_SWITCH_OK attempts=1 streak=0
[2026-09-18T02:14:46.676Z] batch=field-waveform-1789697452186-13 D1 MODE_SWITCH_START state=MODE_SWITCHING attempts=1 streak=0 attempt=1
[2026-09-18T02:14:46.677Z] batch=field-waveform-1789697452186-13 D1 MODE_SWITCH_OK state=MODE_SWITCH_OK attempts=1 streak=0
[2026-09-18T02:14:46.686Z] batch=field-waveform-1789697452186-13 D2 MODE_SWITCH_START state=MODE_SWITCHING attempts=1 streak=0 attempt=1
[2026-09-18T02:14:46.687Z] batch=field-waveform-1789697452186-13 D2 MODE_SWITCH_OK state=MODE_SWITCH_OK attempts=1 streak=0
[2026-09-18T02:14:46.973Z] batch=field-waveform-1789697452186-13 D3 MODE_SWITCH_START state=MODE_SWITCHING attempts=1 streak=0 attempt=1
[2026-09-18T02:14:46.974Z] batch=field-waveform-1789697452186-13 D3 MODE_SWITCH_OK state=MODE_SWITCH_OK attempts=1 streak=0
[2026-09-18T02:14:46.979Z] batch=field-waveform-1789697452186-13 D5 MODE_SWITCH_START state=MODE_SWITCHING attempts=1 streak=0 attempt=1
[2026-09-18T02:14:46.981Z] batch=field-waveform-1789697452186-13 D5 MODE_SWITCH_OK state=MODE_SWITCH_OK attempts=1 streak=0
[2026-09-18T02:14:46.986Z] batch=field-waveform-1789697452186-13 D4 MODE_SWITCH_START state=MODE_SWITCHING attempts=1 streak=0 attempt=1
[2026-09-18T02:14:46.987Z] batch=field-waveform-1789697452186-13 D4 MODE_SWITCH_OK state=MODE_SWITCH_OK attempts=1 streak=0
[2026-09-18T02:14:57.092Z] batch=field-waveform-1789697452186-13 D6 MODE_SWITCH_START state=MODE_SWITCHING attempts=1 streak=0 attempt=1
[2026-09-18T02:14:57.093Z] batch=field-waveform-1789697452186-13 D6 MODE_SWITCH_OK state=MODE_SWITCH_OK attempts=1 streak=0
[2026-09-18T02:14:57.098Z] batch=field-waveform-1789697452186-13 D1 MODE_SWITCH_START state=MODE_SWITCHING attempts=1 streak=0 attempt=1
[2026-09-18T02:14:57.099Z] batch=field-waveform-1789697452186-13 D1 MODE_SWITCH_OK state=MODE_SWITCH_OK attempts=1 streak=0
[2026-09-18T02:14:57.104Z] batch=field-waveform-1789697452186-13 D2 MODE_SWITCH_START state=MODE_SWITCHING attempts=1 streak=0 attempt=1
[2026-09-18T02:14:57.104Z] batch=field-waveform-1789697452186-13 D2 MODE_SWITCH_OK state=MODE_SWITCH_OK attempts=1 streak=0
[2026-09-18T02:14:57.114Z] batch=field-waveform-1789697452186-13 D3 MODE_SWITCH_START state=MODE_SWITCHING attempts=1 streak=0 attempt=1
[2026-09-18T02:14:57.114Z] batch=field-waveform-1789697452186-13 D3 MODE_SWITCH_OK state=MODE_SWITCH_OK attempts=1 streak=0
[2026-09-18T02:14:57.119Z] batch=field-waveform-1789697452186-13 D5 MODE_SWITCH_START state=MODE_SWITCHING attempts=1 streak=0 attempt=1
[2026-09-18T02:14:57.120Z] batch=field-waveform-1789697452186-13 D5 MODE_SWITCH_OK state=MODE_SWITCH_OK attempts=1 streak=0
[2026-09-18T02:14:57.125Z] batch=field-waveform-1789697452186-13 D4 MODE_SWITCH_START state=MODE_SWITCHING attempts=1 streak=0 attempt=1
[2026-09-18T02:14:57.126Z] batch=field-waveform-1789697452186-13 D4 MODE_SWITCH_OK state=MODE_SWITCH_OK attempts=1 streak=0
[2026-09-18T02:15:07.142Z] batch=field-waveform-1789697452186-13 D6 MODE_SWITCH_START state=MODE_SWITCHING attempts=1 streak=0 attempt=1
[2026-09-18T02:15:07.143Z] batch=field-waveform-1789697452186-13 D6 MODE_SWITCH_OK state=MODE_SWITCH_OK attempts=1 streak=0
[2026-09-18T02:15:07.148Z] batch=field-waveform-1789697452186-13 D1 MODE_SWITCH_START state=MODE_SWITCHING attempts=1 streak=0 attempt=1
[2026-09-18T02:15:07.149Z] batch=field-waveform-1789697452186-13 D1 MODE_SWITCH_OK state=MODE_SWITCH_OK attempts=1 streak=0
[2026-09-18T02:15:07.154Z] batch=field-waveform-1789697452186-13 D2 MODE_SWITCH_START state=MODE_SWITCHING attempts=1 streak=0 attempt=1
[2026-09-18T02:15:07.155Z] batch=field-waveform-1789697452186-13 D2 MODE_SWITCH_OK state=MODE_SWITCH_OK attempts=1 streak=0
[2026-09-18T02:15:07.161Z] batch=field-waveform-1789697452186-13 D3 MODE_SWITCH_START state=MODE_SWITCHING attempts=1 streak=0 attempt=1
[2026-09-18T02:15:07.162Z] batch=field-waveform-1789697452186-13 D3 MODE_SWITCH_OK state=MODE_SWITCH_OK attempts=1 streak=0
[2026-09-18T02:15:07.167Z] batch=field-waveform-1789697452186-13 D5 MODE_SWITCH_START state=MODE_SWITCHING attempts=1 streak=0 attempt=1
[2026-09-18T02:15:07.167Z] batch=field-waveform-1789697452186-13 D5 MODE_SWITCH_OK state=MODE_SWITCH_OK attempts=1 streak=0
[2026-09-18T02:15:07.172Z] batch=field-waveform-1789697452186-13 D4 MODE_SWITCH_START state=MODE_SWITCHING attempts=1 streak=0 attempt=1
[2026-09-18T02:15:07.173Z] batch=field-waveform-1789697452186-13 D4 MODE_SWITCH_OK state=MODE_SWITCH_OK attempts=1 streak=0
[2026-09-18T02:15:17.439Z] batch=field-waveform-1789697452186-13 D6 MODE_SWITCH_START state=MODE_SWITCHING attempts=1 streak=0 attempt=1
[2026-09-18T02:15:17.441Z] batch=field-waveform-1789697452186-13 D6 MODE_SWITCH_OK state=MODE_SWITCH_OK attempts=1 streak=0
[2026-09-18T02:15:17.446Z] batch=field-waveform-1789697452186-13 D1 MODE_SWITCH_START state=MODE_SWITCHING attempts=1 streak=0 attempt=1
[2026-09-18T02:15:17.447Z] batch=field-waveform-1789697452186-13 D1 MODE_SWITCH_OK state=MODE_SWITCH_OK attempts=1 streak=0
[2026-09-18T02:15:17.453Z] batch=field-waveform-1789697452186-13 D2 MODE_SWITCH_START state=MODE_SWITCHING attempts=1 streak=0 attempt=1
[2026-09-18T02:15:17.454Z] batch=field-waveform-1789697452186-13 D2 MODE_SWITCH_OK state=MODE_SWITCH_OK attempts=1 streak=0
[2026-09-18T02:15:17.459Z] batch=field-waveform-1789697452186-13 D3 MODE_SWITCH_START state=MODE_SWITCHING attempts=1 streak=0 attempt=1
[2026-09-18T02:15:17.461Z] batch=field-waveform-1789697452186-13 D3 MODE_SWITCH_OK state=MODE_SWITCH_OK attempts=1 streak=0
[2026-09-18T02:15:17.470Z] batch=field-waveform-1789697452186-13 D5 MODE_SWITCH_START state=MODE_SWITCHING attempts=1 streak=0 attempt=1
[2026-09-18T02:15:17.471Z] batch=field-waveform-1789697452186-13 D5 MODE_SWITCH_OK state=MODE_SWITCH_OK attempts=1 streak=0
[2026-09-18T02:15:17.476Z] batch=field-waveform-1789697452186-13 D4 MODE_SWITCH_START state=MODE_SWITCHING attempts=1 streak=0 attempt=1
[2026-09-18T02:15:17.477Z] batch=field-waveform-1789697452186-13 D4 MODE_SWITCH_OK state=MODE_SWITCH_OK attempts=1 streak=0
[2026-09-18T02:15:27.546Z] batch=field-waveform-1789697452186-13 D6 MODE_SWITCH_START state=MODE_SWITCHING attempts=1 streak=0 attempt=1
[2026-09-18T02:15:27.547Z] batch=field-waveform-1789697452186-13 D6 MODE_SWITCH_OK state=MODE_SWITCH_OK attempts=1 streak=0
[2026-09-18T02:15:27.551Z] batch=field-waveform-1789697452186-13 D1 MODE_SWITCH_START state=MODE_SWITCHING attempts=1 streak=0 attempt=1
[2026-09-18T02:15:27.552Z] batch=field-waveform-1789697452186-13 D1 MODE_SWITCH_OK state=MODE_SWITCH_OK attempts=1 streak=0
[2026-09-18T02:15:27.557Z] batch=field-waveform-1789697452186-13 D2 MODE_SWITCH_START state=MODE_SWITCHING attempts=1 streak=0 attempt=1
[2026-09-18T02:15:27.558Z] batch=field-waveform-1789697452186-13 D2 MODE_SWITCH_OK state=MODE_SWITCH_OK attempts=1 streak=0
[2026-09-18T02:15:27.563Z] batch=field-waveform-1789697452186-13 D3 MODE_SWITCH_START state=MODE_SWITCHING attempts=1 streak=0 attempt=1
[2026-09-18T02:15:27.564Z] batch=field-waveform-1789697452186-13 D3 MODE_SWITCH_OK state=MODE_SWITCH_OK attempts=1 streak=0
[2026-09-18T02:15:27.569Z] batch=field-waveform-1789697452186-13 D5 MODE_SWITCH_START state=MODE_SWITCHING attempts=1 streak=0 attempt=1
[2026-09-18T02:15:27.570Z] batch=field-waveform-1789697452186-13 D5 MODE_SWITCH_OK state=MODE_SWITCH_OK attempts=1 streak=0
[2026-09-18T02:15:27.575Z] batch=field-waveform-1789697452186-13 D4 MODE_SWITCH_START state=MODE_SWITCHING attempts=1 streak=0 attempt=1
[2026-09-18T02:15:27.576Z] batch=field-waveform-1789697452186-13 D4 MODE_SWITCH_OK state=MODE_SWITCH_OK attempts=1 streak=0
[2026-09-18T02:15:37.611Z] batch=field-waveform-1789697452186-13 D6 MODE_SWITCH_START state=MODE_SWITCHING attempts=1 streak=0 attempt=1
[2026-09-18T02:15:37.613Z] batch=field-waveform-1789697452186-13 D6 MODE_SWITCH_OK state=MODE_SWITCH_OK attempts=1 streak=0
[2026-09-18T02:15:37.619Z] batch=field-waveform-1789697452186-13 D1 MODE_SWITCH_START state=MODE_SWITCHING attempts=1 streak=0 attempt=1
[2026-09-18T02:15:37.621Z] batch=field-waveform-1789697452186-13 D1 MODE_SWITCH_OK state=MODE_SWITCH_OK attempts=1 streak=0
[2026-09-18T02:15:37.626Z] batch=field-waveform-1789697452186-13 D2 MODE_SWITCH_START state=MODE_SWITCHING attempts=1 streak=0 attempt=1
[2026-09-18T02:15:37.629Z] batch=field-waveform-1789697452186-13 D2 MODE_SWITCH_OK state=MODE_SWITCH_OK attempts=1 streak=0
[2026-09-18T02:15:37.635Z] batch=field-waveform-1789697452186-13 D3 MODE_SWITCH_START state=MODE_SWITCHING attempts=1 streak=0 attempt=1
[2026-09-18T02:15:37.636Z] batch=field-waveform-1789697452186-13 D3 MODE_SWITCH_OK state=MODE_SWITCH_OK attempts=1 streak=0
[2026-09-18T02:15:37.641Z] batch=field-waveform-1789697452186-13 D5 MODE_SWITCH_START state=MODE_SWITCHING attempts=1 streak=0 attempt=1
[2026-09-18T02:15:37.641Z] batch=field-waveform-1789697452186-13 D5 MODE_SWITCH_OK state=MODE_SWITCH_OK attempts=1 streak=0
[2026-09-18T02:15:37.646Z] batch=field-waveform-1789697452186-13 D4 MODE_SWITCH_START state=MODE_SWITCHING attempts=1 streak=0 attempt=1
[2026-09-18T02:15:37.655Z] batch=field-waveform-1789697452186-13 D4 MODE_SWITCH_OK state=MODE_SWITCH_OK attempts=1 streak=0
[2026-09-18T02:15:47.959Z] batch=field-waveform-1789697452186-13 D6 MODE_SWITCH_START state=MODE_SWITCHING attempts=1 streak=0 attempt=1
[2026-09-18T02:15:47.961Z] batch=field-waveform-1789697452186-13 D6 MODE_SWITCH_OK state=MODE_SWITCH_OK attempts=1 streak=0
[2026-09-18T02:15:47.966Z] batch=field-waveform-1789697452186-13 D1 MODE_SWITCH_START state=MODE_SWITCHING attempts=1 streak=0 attempt=1
[2026-09-18T02:15:47.967Z] batch=field-waveform-1789697452186-13 D1 MODE_SWITCH_OK state=MODE_SWITCH_OK attempts=1 streak=0
[2026-09-18T02:15:47.972Z] batch=field-waveform-1789697452186-13 D2 MODE_SWITCH_START state=MODE_SWITCHING attempts=1 streak=0 attempt=1
[2026-09-18T02:15:47.973Z] batch=field-waveform-1789697452186-13 D2 MODE_SWITCH_OK state=MODE_SWITCH_OK attempts=1 streak=0
[2026-09-18T02:15:47.979Z] batch=field-waveform-1789697452186-13 D3 MODE_SWITCH_START state=MODE_SWITCHING attempts=1 streak=0 attempt=1
[2026-09-18T02:15:47.980Z] batch=field-waveform-1789697452186-13 D3 MODE_SWITCH_OK state=MODE_SWITCH_OK attempts=1 streak=0
[2026-09-18T02:15:47.985Z] batch=field-waveform-1789697452186-13 D5 MODE_SWITCH_START state=MODE_SWITCHING attempts=1 streak=0 attempt=1
[2026-09-18T02:15:47.986Z] batch=field-waveform-1789697452186-13 D5 MODE_SWITCH_OK state=MODE_SWITCH_OK attempts=1 streak=0
[2026-09-18T02:15:47.994Z] batch=field-waveform-1789697452186-13 D4 MODE_SWITCH_START state=MODE_SWITCHING attempts=1 streak=0 attempt=1
[2026-09-18T02:15:47.995Z] batch=field-waveform-1789697452186-13 D4 MODE_SWITCH_OK state=MODE_SWITCH_OK attempts=1 streak=0
[2026-09-18T02:15:58.240Z] batch=field-waveform-1789697452186-13 D6 MODE_SWITCH_START state=MODE_SWITCHING attempts=1 streak=0 attempt=1
[2026-09-18T02:15:58.242Z] batch=field-waveform-1789697452186-13 D6 MODE_SWITCH_OK state=MODE_SWITCH_OK attempts=1 streak=0
[2026-09-18T02:15:58.247Z] batch=field-waveform-1789697452186-13 D1 MODE_SWITCH_START state=MODE_SWITCHING attempts=1 streak=0 attempt=1
[2026-09-18T02:15:58.249Z] batch=field-waveform-1789697452186-13 D1 MODE_SWITCH_OK state=MODE_SWITCH_OK attempts=1 streak=0
[2026-09-18T02:15:58.253Z] batch=field-waveform-1789697452186-13 D2 MODE_SWITCH_START state=MODE_SWITCHING attempts=1 streak=0 attempt=1
[2026-09-18T02:15:58.254Z] batch=field-waveform-1789697452186-13 D2 MODE_SWITCH_OK state=MODE_SWITCH_OK attempts=1 streak=0
[2026-09-18T02:15:58.259Z] batch=field-waveform-1789697452186-13 D3 MODE_SWITCH_START state=MODE_SWITCHING attempts=1 streak=0 attempt=1
[2026-09-18T02:15:58.260Z] batch=field-waveform-1789697452186-13 D3 MODE_SWITCH_OK state=MODE_SWITCH_OK attempts=1 streak=0
[2026-09-18T02:15:58.267Z] batch=field-waveform-1789697452186-13 D5 MODE_SWITCH_START state=MODE_SWITCHING attempts=1 streak=0 attempt=1
[2026-09-18T02:15:58.267Z] batch=field-waveform-1789697452186-13 D5 MODE_SWITCH_OK state=MODE_SWITCH_OK attempts=1 streak=0
[2026-09-18T02:15:58.272Z] batch=field-waveform-1789697452186-13 D4 MODE_SWITCH_START state=MODE_SWITCHING attempts=1 streak=0 attempt=1
[2026-09-18T02:15:58.273Z] batch=field-waveform-1789697452186-13 D4 MODE_SWITCH_OK state=MODE_SWITCH_OK attempts=1 streak=0
[2026-09-18T02:16:08.434Z] batch=field-waveform-1789697452186-13 D6 MODE_SWITCH_START state=MODE_SWITCHING attempts=1 streak=0 attempt=1
[2026-09-18T02:16:08.437Z] batch=field-waveform-1789697452186-13 D6 MODE_SWITCH_OK state=MODE_SWITCH_OK attempts=1 streak=0
[2026-09-18T02:16:08.448Z] batch=field-waveform-1789697452186-13 D1 MODE_SWITCH_START state=MODE_SWITCHING attempts=1 streak=0 attempt=1
[2026-09-18T02:16:08.449Z] batch=field-waveform-1789697452186-13 D1 MODE_SWITCH_OK state=MODE_SWITCH_OK attempts=1 streak=0
[2026-09-18T02:16:08.454Z] batch=field-waveform-1789697452186-13 D2 MODE_SWITCH_START state=MODE_SWITCHING attempts=1 streak=0 attempt=1
[2026-09-18T02:16:08.456Z] batch=field-waveform-1789697452186-13 D2 MODE_SWITCH_OK state=MODE_SWITCH_OK attempts=1 streak=0
[2026-09-18T02:16:08.461Z] batch=field-waveform-1789697452186-13 D3 MODE_SWITCH_START state=MODE_SWITCHING attempts=1 streak=0 attempt=1
[2026-09-18T02:16:08.463Z] batch=field-waveform-1789697452186-13 D3 MODE_SWITCH_OK state=MODE_SWITCH_OK attempts=1 streak=0
[2026-09-18T02:16:08.469Z] batch=field-waveform-1789697452186-13 D5 MODE_SWITCH_START state=MODE_SWITCHING attempts=1 streak=0 attempt=1
[2026-09-18T02:16:08.471Z] batch=field-waveform-1789697452186-13 D5 MODE_SWITCH_OK state=MODE_SWITCH_OK attempts=1 streak=0
[2026-09-18T02:16:08.478Z] batch=field-waveform-1789697452186-13 D4 MODE_SWITCH_START state=MODE_SWITCHING attempts=1 streak=0 attempt=1
[2026-09-18T02:16:08.482Z] batch=field-waveform-1789697452186-13 D4 MODE_SWITCH_OK state=MODE_SWITCH_OK attempts=1 streak=0
[2026-09-18T02:16:18.720Z] batch=field-waveform-1789697452186-13 D6 MODE_SWITCH_START state=MODE_SWITCHING attempts=1 streak=0 attempt=1
[2026-09-18T02:16:18.721Z] batch=field-waveform-1789697452186-13 D6 MODE_SWITCH_OK state=MODE_SWITCH_OK attempts=1 streak=0
[2026-09-18T02:16:18.726Z] batch=field-waveform-1789697452186-13 D1 MODE_SWITCH_START state=MODE_SWITCHING attempts=1 streak=0 attempt=1
[2026-09-18T02:16:18.726Z] batch=field-waveform-1789697452186-13 D1 MODE_SWITCH_OK state=MODE_SWITCH_OK attempts=1 streak=0
[2026-09-18T02:16:18.731Z] batch=field-waveform-1789697452186-13 D2 MODE_SWITCH_START state=MODE_SWITCHING attempts=1 streak=0 attempt=1
[2026-09-18T02:16:18.732Z] batch=field-waveform-1789697452186-13 D2 MODE_SWITCH_OK state=MODE_SWITCH_OK attempts=1 streak=0
[2026-09-18T02:16:18.739Z] batch=field-waveform-1789697452186-13 D3 MODE_SWITCH_START state=MODE_SWITCHING attempts=1 streak=0 attempt=1
[2026-09-18T02:16:18.740Z] batch=field-waveform-1789697452186-13 D3 MODE_SWITCH_OK state=MODE_SWITCH_OK attempts=1 streak=0
[2026-09-18T02:16:18.745Z] batch=field-waveform-1789697452186-13 D5 MODE_SWITCH_START state=MODE_SWITCHING attempts=1 streak=0 attempt=1
[2026-09-18T02:16:18.746Z] batch=field-waveform-1789697452186-13 D5 MODE_SWITCH_OK state=MODE_SWITCH_OK attempts=1 streak=0
[2026-09-18T02:16:18.751Z] batch=field-waveform-1789697452186-13 D4 MODE_SWITCH_START state=MODE_SWITCHING attempts=1 streak=0 attempt=1
[2026-09-18T02:16:18.752Z] batch=field-waveform-1789697452186-13 D4 MODE_SWITCH_OK state=MODE_SWITCH_OK attempts=1 streak=0
[2026-09-18T02:16:28.856Z] batch=field-waveform-1789697452186-13 D6 MODE_SWITCH_START state=MODE_SWITCHING attempts=1 streak=0 attempt=1
[2026-09-18T02:16:28.858Z] batch=field-waveform-1789697452186-13 D6 MODE_SWITCH_OK state=MODE_SWITCH_OK attempts=1 streak=0
[2026-09-18T02:16:28.862Z] batch=field-waveform-1789697452186-13 D1 MODE_SWITCH_START state=MODE_SWITCHING attempts=1 streak=0 attempt=1
[2026-09-18T02:16:28.863Z] batch=field-waveform-1789697452186-13 D1 MODE_SWITCH_OK state=MODE_SWITCH_OK attempts=1 streak=0
[2026-09-18T02:16:28.868Z] batch=field-waveform-1789697452186-13 D2 MODE_SWITCH_START state=MODE_SWITCHING attempts=1 streak=0 attempt=1
[2026-09-18T02:16:28.869Z] batch=field-waveform-1789697452186-13 D2 MODE_SWITCH_OK state=MODE_SWITCH_OK attempts=1 streak=0
[2026-09-18T02:16:28.873Z] batch=field-waveform-1789697452186-13 D3 MODE_SWITCH_START state=MODE_SWITCHING attempts=1 streak=0 attempt=1
[2026-09-18T02:16:28.874Z] batch=field-waveform-1789697452186-13 D3 MODE_SWITCH_OK state=MODE_SWITCH_OK attempts=1 streak=0
[2026-09-18T02:16:28.883Z] batch=field-waveform-1789697452186-13 D5 MODE_SWITCH_START state=MODE_SWITCHING attempts=1 streak=0 attempt=1
[2026-09-18T02:16:28.884Z] batch=field-waveform-1789697452186-13 D5 MODE_SWITCH_OK state=MODE_SWITCH_OK attempts=1 streak=0
[2026-09-18T02:16:28.889Z] batch=field-waveform-1789697452186-13 D4 MODE_SWITCH_START state=MODE_SWITCHING attempts=1 streak=0 attempt=1
[2026-09-18T02:16:28.890Z] batch=field-waveform-1789697452186-13 D4 MODE_SWITCH_OK state=MODE_SWITCH_OK attempts=1 streak=0
[2026-09-18T02:16:39.047Z] batch=field-waveform-1789697452186-13 D6 MODE_SWITCH_START state=MODE_SWITCHING attempts=1 streak=0 attempt=1
[2026-09-18T02:16:39.048Z] batch=field-waveform-1789697452186-13 D6 MODE_SWITCH_OK state=MODE_SWITCH_OK attempts=1 streak=0
[2026-09-18T02:16:39.053Z] batch=field-waveform-1789697452186-13 D1 MODE_SWITCH_START state=MODE_SWITCHING attempts=1 streak=0 attempt=1
[2026-09-18T02:16:39.054Z] batch=field-waveform-1789697452186-13 D1 MODE_SWITCH_OK state=MODE_SWITCH_OK attempts=1 streak=0
[2026-09-18T02:16:39.059Z] batch=field-waveform-1789697452186-13 D2 MODE_SWITCH_START state=MODE_SWITCHING attempts=1 streak=0 attempt=1
[2026-09-18T02:16:39.061Z] batch=field-waveform-1789697452186-13 D2 MODE_SWITCH_OK state=MODE_SWITCH_OK attempts=1 streak=0
[2026-09-18T02:16:39.065Z] batch=field-waveform-1789697452186-13 D3 MODE_SWITCH_START state=MODE_SWITCHING attempts=1 streak=0 attempt=1
[2026-09-18T02:16:39.066Z] batch=field-waveform-1789697452186-13 D3 MODE_SWITCH_OK state=MODE_SWITCH_OK attempts=1 streak=0
[2026-09-18T02:16:39.071Z] batch=field-waveform-1789697452186-13 D5 MODE_SWITCH_START state=MODE_SWITCHING attempts=1 streak=0 attempt=1
[2026-09-18T02:16:39.071Z] batch=field-waveform-1789697452186-13 D5 MODE_SWITCH_OK state=MODE_SWITCH_OK attempts=1 streak=0
[2026-09-18T02:16:39.079Z] batch=field-waveform-1789697452186-13 D4 MODE_SWITCH_START state=MODE_SWITCHING attempts=1 streak=0 attempt=1
[2026-09-18T02:16:39.080Z] batch=field-waveform-1789697452186-13 D4 MODE_SWITCH_OK state=MODE_SWITCH_OK attempts=1 streak=0
[2026-09-18T02:16:49.094Z] batch=field-waveform-1789697452186-13 D6 MODE_SWITCH_START state=MODE_SWITCHING attempts=1 streak=0 attempt=1
[2026-09-18T02:16:49.096Z] batch=field-waveform-1789697452186-13 D6 MODE_SWITCH_OK state=MODE_SWITCH_OK attempts=1 streak=0
[2026-09-18T02:16:49.101Z] batch=field-waveform-1789697452186-13 D1 MODE_SWITCH_START state=MODE_SWITCHING attempts=1 streak=0 attempt=1
[2026-09-18T02:16:49.102Z] batch=field-waveform-1789697452186-13 D1 MODE_SWITCH_OK state=MODE_SWITCH_OK attempts=1 streak=0
[2026-09-18T02:16:49.111Z] batch=field-waveform-1789697452186-13 D2 MODE_SWITCH_START state=MODE_SWITCHING attempts=1 streak=0 attempt=1
[2026-09-18T02:16:49.112Z] batch=field-waveform-1789697452186-13 D2 MODE_SWITCH_OK state=MODE_SWITCH_OK attempts=1 streak=0
[2026-09-18T02:16:49.117Z] batch=field-waveform-1789697452186-13 D3 MODE_SWITCH_START state=MODE_SWITCHING attempts=1 streak=0 attempt=1
[2026-09-18T02:16:49.119Z] batch=field-waveform-1789697452186-13 D3 MODE_SWITCH_OK state=MODE_SWITCH_OK attempts=1 streak=0
[2026-09-18T02:16:49.123Z] batch=field-waveform-1789697452186-13 D5 MODE_SWITCH_START state=MODE_SWITCHING attempts=1 streak=0 attempt=1
[2026-09-18T02:16:49.125Z] batch=field-waveform-1789697452186-13 D5 MODE_SWITCH_OK state=MODE_SWITCH_OK attempts=1 streak=0
[2026-09-18T02:16:49.129Z] batch=field-waveform-1789697452186-13 D4 MODE_SWITCH_START state=MODE_SWITCHING attempts=1 streak=0 attempt=1
[2026-09-18T02:16:49.131Z] batch=field-waveform-1789697452186-13 D4 MODE_SWITCH_OK state=MODE_SWITCH_OK attempts=1 streak=0
[2026-09-18T02:16:59.197Z] batch=field-waveform-1789697452186-13 D6 MODE_SWITCH_START state=MODE_SWITCHING attempts=1 streak=0 attempt=1
[2026-09-18T02:16:59.199Z] batch=field-waveform-1789697452186-13 D6 MODE_SWITCH_OK state=MODE_SWITCH_OK attempts=1 streak=0
[2026-09-18T02:16:59.204Z] batch=field-waveform-1789697452186-13 D1 MODE_SWITCH_START state=MODE_SWITCHING attempts=1 streak=0 attempt=1
[2026-09-18T02:16:59.206Z] batch=field-waveform-1789697452186-13 D1 MODE_SWITCH_OK state=MODE_SWITCH_OK attempts=1 streak=0
[2026-09-18T02:16:59.212Z] batch=field-waveform-1789697452186-13 D2 MODE_SWITCH_START state=MODE_SWITCHING attempts=1 streak=0 attempt=1
[2026-09-18T02:16:59.213Z] batch=field-waveform-1789697452186-13 D2 MODE_SWITCH_OK state=MODE_SWITCH_OK attempts=1 streak=0
[2026-09-18T02:16:59.218Z] batch=field-waveform-1789697452186-13 D3 MODE_SWITCH_START state=MODE_SWITCHING attempts=1 streak=0 attempt=1
[2026-09-18T02:16:59.221Z] batch=field-waveform-1789697452186-13 D3 MODE_SWITCH_OK state=MODE_SWITCH_OK attempts=1 streak=0
[2026-09-18T02:16:59.227Z] batch=field-waveform-1789697452186-13 D5 MODE_SWITCH_START state=MODE_SWITCHING attempts=1 streak=0 attempt=1
[2026-09-18T02:16:59.228Z] batch=field-waveform-1789697452186-13 D5 MODE_SWITCH_OK state=MODE_SWITCH_OK attempts=1 streak=0
[2026-09-18T02:16:59.233Z] batch=field-waveform-1789697452186-13 D4 MODE_SWITCH_START state=MODE_SWITCHING attempts=1 streak=0 attempt=1
[2026-09-18T02:16:59.234Z] batch=field-waveform-1789697452186-13 D4 MODE_SWITCH_OK state=MODE_SWITCH_OK attempts=1 streak=0
[2026-09-18T02:17:09.320Z] batch=field-waveform-1789697452186-13 D6 MODE_SWITCH_START state=MODE_SWITCHING attempts=1 streak=0 attempt=1
[2026-09-18T02:17:09.321Z] batch=field-waveform-1789697452186-13 D6 MODE_SWITCH_OK state=MODE_SWITCH_OK attempts=1 streak=0
[2026-09-18T02:17:09.326Z] batch=field-waveform-1789697452186-13 D1 MODE_SWITCH_START state=MODE_SWITCHING attempts=1 streak=0 attempt=1
[2026-09-18T02:17:09.327Z] batch=field-waveform-1789697452186-13 D1 MODE_SWITCH_OK state=MODE_SWITCH_OK attempts=1 streak=0
[2026-09-18T02:17:09.331Z] batch=field-waveform-1789697452186-13 D2 MODE_SWITCH_START state=MODE_SWITCHING attempts=1 streak=0 attempt=1
[2026-09-18T02:17:09.333Z] batch=field-waveform-1789697452186-13 D2 MODE_SWITCH_OK state=MODE_SWITCH_OK attempts=1 streak=0
[2026-09-18T02:17:09.338Z] batch=field-waveform-1789697452186-13 D3 MODE_SWITCH_START state=MODE_SWITCHING attempts=1 streak=0 attempt=1
[2026-09-18T02:17:09.339Z] batch=field-waveform-1789697452186-13 D3 MODE_SWITCH_OK state=MODE_SWITCH_OK attempts=1 streak=0
[2026-09-18T02:17:09.348Z] batch=field-waveform-1789697452186-13 D5 MODE_SWITCH_START state=MODE_SWITCHING attempts=1 streak=0 attempt=1
[2026-09-18T02:17:09.350Z] batch=field-waveform-1789697452186-13 D5 MODE_SWITCH_OK state=MODE_SWITCH_OK attempts=1 streak=0
[2026-09-18T02:17:09.355Z] batch=field-waveform-1789697452186-13 D4 MODE_SWITCH_START state=MODE_SWITCHING attempts=1 streak=0 attempt=1
[2026-09-18T02:17:09.356Z] batch=field-waveform-1789697452186-13 D4 MODE_SWITCH_OK state=MODE_SWITCH_OK attempts=1 streak=0
[2026-09-18T02:17:19.595Z] batch=field-waveform-1789697452186-13 D6 MODE_SWITCH_START state=MODE_SWITCHING attempts=1 streak=0 attempt=1
[2026-09-18T02:17:19.597Z] batch=field-waveform-1789697452186-13 D6 MODE_SWITCH_OK state=MODE_SWITCH_OK attempts=1 streak=0
[2026-09-18T02:17:19.602Z] batch=field-waveform-1789697452186-13 D1 MODE_SWITCH_START state=MODE_SWITCHING attempts=1 streak=0 attempt=1
[2026-09-18T02:17:19.602Z] batch=field-waveform-1789697452186-13 D1 MODE_SWITCH_OK state=MODE_SWITCH_OK attempts=1 streak=0
[2026-09-18T02:17:19.608Z] batch=field-waveform-1789697452186-13 D2 MODE_SWITCH_START state=MODE_SWITCHING attempts=1 streak=0 attempt=1
[2026-09-18T02:17:19.609Z] batch=field-waveform-1789697452186-13 D2 MODE_SWITCH_OK state=MODE_SWITCH_OK attempts=1 streak=0
[2026-09-18T02:17:19.613Z] batch=field-waveform-1789697452186-13 D3 MODE_SWITCH_START state=MODE_SWITCHING attempts=1 streak=0 attempt=1
[2026-09-18T02:17:19.614Z] batch=field-waveform-1789697452186-13 D3 MODE_SWITCH_OK state=MODE_SWITCH_OK attempts=1 streak=0
[2026-09-18T02:17:19.619Z] batch=field-waveform-1789697452186-13 D5 MODE_SWITCH_START state=MODE_SWITCHING attempts=1 streak=0 attempt=1
[2026-09-18T02:17:19.620Z] batch=field-waveform-1789697452186-13 D5 MODE_SWITCH_OK state=MODE_SWITCH_OK attempts=1 streak=0
[2026-09-18T02:17:19.627Z] batch=field-waveform-1789697452186-13 D4 MODE_SWITCH_START state=MODE_SWITCHING attempts=1 streak=0 attempt=1
[2026-09-18T02:17:19.627Z] batch=field-waveform-1789697452186-13 D4 MODE_SWITCH_OK state=MODE_SWITCH_OK attempts=1 streak=0
[2026-09-18T02:17:29.787Z] batch=field-waveform-1789697452186-13 D6 MODE_SWITCH_START state=MODE_SWITCHING attempts=1 streak=0 attempt=1
[2026-09-18T02:17:29.791Z] batch=field-waveform-1789697452186-13 D6 MODE_SWITCH_OK state=MODE_SWITCH_OK attempts=1 streak=0
[2026-09-18T02:17:29.799Z] batch=field-waveform-1789697452186-13 D1 MODE_SWITCH_START state=MODE_SWITCHING attempts=1 streak=0 attempt=1
[2026-09-18T02:17:29.801Z] batch=field-waveform-1789697452186-13 D1 MODE_SWITCH_OK state=MODE_SWITCH_OK attempts=1 streak=0
[2026-09-18T02:17:29.806Z] batch=field-waveform-1789697452186-13 D2 MODE_SWITCH_START state=MODE_SWITCHING attempts=1 streak=0 attempt=1
[2026-09-18T02:17:29.807Z] batch=field-waveform-1789697452186-13 D2 MODE_SWITCH_OK state=MODE_SWITCH_OK attempts=1 streak=0
[2026-09-18T02:17:29.811Z] batch=field-waveform-1789697452186-13 D3 MODE_SWITCH_START state=MODE_SWITCHING attempts=1 streak=0 attempt=1
[2026-09-18T02:17:29.812Z] batch=field-waveform-1789697452186-13 D3 MODE_SWITCH_OK state=MODE_SWITCH_OK attempts=1 streak=0
[2026-09-18T02:17:29.821Z] batch=field-waveform-1789697452186-13 D5 MODE_SWITCH_START state=MODE_SWITCHING attempts=1 streak=0 attempt=1
[2026-09-18T02:17:29.822Z] batch=field-waveform-1789697452186-13 D5 MODE_SWITCH_OK state=MODE_SWITCH_OK attempts=1 streak=0
[2026-09-18T02:17:29.827Z] batch=field-waveform-1789697452186-13 D4 MODE_SWITCH_START state=MODE_SWITCHING attempts=1 streak=0 attempt=1
[2026-09-18T02:17:29.828Z] batch=field-waveform-1789697452186-13 D4 MODE_SWITCH_OK state=MODE_SWITCH_OK attempts=1 streak=0
[2026-09-18T02:17:39.853Z] batch=field-waveform-1789697452186-13 D6 MODE_SWITCH_START state=MODE_SWITCHING attempts=1 streak=0 attempt=1
[2026-09-18T02:17:39.857Z] batch=field-waveform-1789697452186-13 D6 MODE_SWITCH_OK state=MODE_SWITCH_OK attempts=1 streak=0
[2026-09-18T02:17:39.862Z] batch=field-waveform-1789697452186-13 D1 MODE_SWITCH_START state=MODE_SWITCHING attempts=1 streak=0 attempt=1
[2026-09-18T02:17:39.863Z] batch=field-waveform-1789697452186-13 D1 MODE_SWITCH_OK state=MODE_SWITCH_OK attempts=1 streak=0
[2026-09-18T02:17:39.867Z] batch=field-waveform-1789697452186-13 D2 MODE_SWITCH_START state=MODE_SWITCHING attempts=1 streak=0 attempt=1
[2026-09-18T02:17:39.868Z] batch=field-waveform-1789697452186-13 D2 MODE_SWITCH_OK state=MODE_SWITCH_OK attempts=1 streak=0
[2026-09-18T02:17:39.873Z] batch=field-waveform-1789697452186-13 D3 MODE_SWITCH_START state=MODE_SWITCHING attempts=1 streak=0 attempt=1
[2026-09-18T02:17:39.874Z] batch=field-waveform-1789697452186-13 D3 MODE_SWITCH_OK state=MODE_SWITCH_OK attempts=1 streak=0
[2026-09-18T02:17:39.878Z] batch=field-waveform-1789697452186-13 D5 MODE_SWITCH_START state=MODE_SWITCHING attempts=1 streak=0 attempt=1
[2026-09-18T02:17:39.879Z] batch=field-waveform-1789697452186-13 D5 MODE_SWITCH_OK state=MODE_SWITCH_OK attempts=1 streak=0
[2026-09-18T02:17:39.886Z] batch=field-waveform-1789697452186-13 D4 MODE_SWITCH_START state=MODE_SWITCHING attempts=1 streak=0 attempt=1
[2026-09-18T02:17:39.887Z] batch=field-waveform-1789697452186-13 D4 MODE_SWITCH_OK state=MODE_SWITCH_OK attempts=1 streak=0
[2026-09-18T02:17:45.116Z] batch=field-waveform-1789697865114-14 D1 MODE_SWITCH_START state=MODE_SWITCHING attempts=1 streak=0 attempt=1
[2026-09-18T02:17:45.117Z] batch=field-waveform-1789697865114-14 D2 MODE_SWITCH_START state=MODE_SWITCHING attempts=1 streak=0 attempt=1
[2026-09-18T02:17:45.118Z] batch=field-waveform-1789697865114-14 D3 MODE_SWITCH_START state=MODE_SWITCHING attempts=1 streak=0 attempt=1
[2026-09-18T02:17:45.119Z] batch=field-waveform-1789697865114-14 D4 MODE_SWITCH_START state=MODE_SWITCHING attempts=1 streak=0 attempt=1
[2026-09-18T02:17:45.119Z] batch=field-waveform-1789697865114-14 D5 MODE_SWITCH_START state=MODE_SWITCHING attempts=1 streak=0 attempt=1
[2026-09-18T02:17:45.120Z] batch=field-waveform-1789697865114-14 D6 MODE_SWITCH_START state=MODE_SWITCHING attempts=1 streak=0 attempt=1
[2026-09-18T02:17:45.122Z] batch=field-waveform-1789697865114-14 D1 MODE_SWITCH_OK state=MODE_SWITCH_OK attempts=1 streak=0
[2026-09-18T02:17:45.123Z] batch=field-waveform-1789697865114-14 D2 MODE_SWITCH_OK state=MODE_SWITCH_OK attempts=1 streak=0
[2026-09-18T02:17:45.124Z] batch=field-waveform-1789697865114-14 D3 MODE_SWITCH_OK state=MODE_SWITCH_OK attempts=1 streak=0
[2026-09-18T02:17:45.124Z] batch=field-waveform-1789697865114-14 D4 MODE_SWITCH_OK state=MODE_SWITCH_OK attempts=1 streak=0
[2026-09-18T02:17:45.126Z] batch=field-waveform-1789697865114-14 D5 MODE_SWITCH_OK state=MODE_SWITCH_OK attempts=1 streak=0
[2026-09-18T02:17:45.127Z] batch=field-waveform-1789697865114-14 D6 MODE_SWITCH_OK state=MODE_SWITCH_OK attempts=1 streak=0
[2026-09-18T02:17:49.872Z] batch=field-waveform-1789697865114-14 D6 MODE_SWITCH_START state=MODE_SWITCHING attempts=1 streak=0 attempt=1
[2026-09-18T02:17:49.875Z] batch=field-waveform-1789697865114-14 D6 MODE_SWITCH_OK state=MODE_SWITCH_OK attempts=1 streak=0
[2026-09-18T02:17:49.875Z] batch=field-waveform-1789697865114-14 D1 MODE_SWITCH_START state=MODE_SWITCHING attempts=1 streak=0 attempt=1
[2026-09-18T02:17:49.876Z] batch=field-waveform-1789697865114-14 D1 MODE_SWITCH_OK state=MODE_SWITCH_OK attempts=1 streak=0
[2026-09-18T02:17:49.877Z] batch=field-waveform-1789697865114-14 D2 MODE_SWITCH_START state=MODE_SWITCHING attempts=1 streak=0 attempt=1
[2026-09-18T02:17:49.878Z] batch=field-waveform-1789697865114-14 D2 MODE_SWITCH_OK state=MODE_SWITCH_OK attempts=1 streak=0
[2026-09-18T02:17:49.880Z] batch=field-waveform-1789697865114-14 D3 MODE_SWITCH_START state=MODE_SWITCHING attempts=1 streak=0 attempt=1
[2026-09-18T02:17:49.881Z] batch=field-waveform-1789697865114-14 D3 MODE_SWITCH_OK state=MODE_SWITCH_OK attempts=1 streak=0
[2026-09-18T02:17:49.881Z] batch=field-waveform-1789697865114-14 D5 MODE_SWITCH_START state=MODE_SWITCHING attempts=1 streak=0 attempt=1
[2026-09-18T02:17:49.882Z] batch=field-waveform-1789697865114-14 D5 MODE_SWITCH_OK state=MODE_SWITCH_OK attempts=1 streak=0
[2026-09-18T02:17:49.887Z] batch=field-waveform-1789697865114-14 D4 MODE_SWITCH_START state=MODE_SWITCHING attempts=1 streak=0 attempt=1
[2026-09-18T02:17:49.891Z] batch=field-waveform-1789697865114-14 D4 MODE_SWITCH_OK state=MODE_SWITCH_OK attempts=1 streak=0
[2026-09-18T02:17:59.885Z] batch=field-waveform-1789697865114-14 D6 MODE_SWITCH_START state=MODE_SWITCHING attempts=1 streak=0 attempt=1
[2026-09-18T02:17:59.887Z] batch=field-waveform-1789697865114-14 D6 MODE_SWITCH_OK state=MODE_SWITCH_OK attempts=1 streak=0
[2026-09-18T02:17:59.888Z] batch=field-waveform-1789697865114-14 D1 MODE_SWITCH_START state=MODE_SWITCHING attempts=1 streak=0 attempt=1
[2026-09-18T02:17:59.889Z] batch=field-waveform-1789697865114-14 D1 MODE_SWITCH_OK state=MODE_SWITCH_OK attempts=1 streak=0
[2026-09-18T02:17:59.889Z] batch=field-waveform-1789697865114-14 D2 MODE_SWITCH_START state=MODE_SWITCHING attempts=1 streak=0 attempt=1
[2026-09-18T02:17:59.890Z] batch=field-waveform-1789697865114-14 D2 MODE_SWITCH_OK state=MODE_SWITCH_OK attempts=1 streak=0
[2026-09-18T02:17:59.891Z] batch=field-waveform-1789697865114-14 D3 MODE_SWITCH_START state=MODE_SWITCHING attempts=1 streak=0 attempt=1
[2026-09-18T02:17:59.892Z] batch=field-waveform-1789697865114-14 D3 MODE_SWITCH_OK state=MODE_SWITCH_OK attempts=1 streak=0
[2026-09-18T02:17:59.892Z] batch=field-waveform-1789697865114-14 D5 MODE_SWITCH_START state=MODE_SWITCHING attempts=1 streak=0 attempt=1
[2026-09-18T02:17:59.893Z] batch=field-waveform-1789697865114-14 D5 MODE_SWITCH_OK state=MODE_SWITCH_OK attempts=1 streak=0
[2026-09-18T02:17:59.894Z] batch=field-waveform-1789697865114-14 D4 MODE_SWITCH_START state=MODE_SWITCHING attempts=1 streak=0 attempt=1
[2026-09-18T02:17:59.895Z] batch=field-waveform-1789697865114-14 D4 MODE_SWITCH_OK state=MODE_SWITCH_OK attempts=1 streak=0
[2026-09-18T02:18:09.903Z] batch=field-waveform-1789697865114-14 D6 MODE_SWITCH_START state=MODE_SWITCHING attempts=1 streak=0 attempt=1
[2026-09-18T02:18:09.905Z] batch=field-waveform-1789697865114-14 D6 MODE_SWITCH_OK state=MODE_SWITCH_OK attempts=1 streak=0
[2026-09-18T02:18:09.906Z] batch=field-waveform-1789697865114-14 D1 MODE_SWITCH_START state=MODE_SWITCHING attempts=1 streak=0 attempt=1
[2026-09-18T02:18:09.907Z] batch=field-waveform-1789697865114-14 D1 MODE_SWITCH_OK state=MODE_SWITCH_OK attempts=1 streak=0
[2026-09-18T02:18:09.908Z] batch=field-waveform-1789697865114-14 D2 MODE_SWITCH_START state=MODE_SWITCHING attempts=1 streak=0 attempt=1
[2026-09-18T02:18:09.908Z] batch=field-waveform-1789697865114-14 D2 MODE_SWITCH_OK state=MODE_SWITCH_OK attempts=1 streak=0
[2026-09-18T02:18:09.909Z] batch=field-waveform-1789697865114-14 D3 MODE_SWITCH_START state=MODE_SWITCHING attempts=1 streak=0 attempt=1
[2026-09-18T02:18:09.912Z] batch=field-waveform-1789697865114-14 D3 MODE_SWITCH_OK state=MODE_SWITCH_OK attempts=1 streak=0
[2026-09-18T02:18:09.913Z] batch=field-waveform-1789697865114-14 D5 MODE_SWITCH_START state=MODE_SWITCHING attempts=1 streak=0 attempt=1
[2026-09-18T02:18:09.914Z] batch=field-waveform-1789697865114-14 D5 MODE_SWITCH_OK state=MODE_SWITCH_OK attempts=1 streak=0
[2026-09-18T02:18:09.915Z] batch=field-waveform-1789697865114-14 D4 MODE_SWITCH_START state=MODE_SWITCHING attempts=1 streak=0 attempt=1
[2026-09-18T02:18:09.917Z] batch=field-waveform-1789697865114-14 D4 MODE_SWITCH_OK state=MODE_SWITCH_OK attempts=1 streak=0
[2026-09-18T02:18:14.950Z] batch=field-waveform-1789697865114-14 D1 FIRST_FRAME state=FIRST_FRAME_RECEIVED attempts=1 streak=1
[2026-09-18T02:18:14.950Z] batch=field-waveform-1789697865114-14 D1 FIRST_VALID_SAMPLE state=FIRST_FRAME_RECEIVED attempts=1 streak=1
[2026-09-18T02:18:14.979Z] batch=field-waveform-1789697865114-14 D6 FIRST_FRAME state=FIRST_FRAME_RECEIVED attempts=1 streak=1
[2026-09-18T02:18:14.979Z] batch=field-waveform-1789697865114-14 D6 FIRST_VALID_SAMPLE state=FIRST_FRAME_RECEIVED attempts=1 streak=1
[2026-09-18T02:18:14.981Z] batch=field-waveform-1789697865114-14 D5 FIRST_FRAME state=FIRST_FRAME_RECEIVED attempts=1 streak=1
[2026-09-18T02:18:14.981Z] batch=field-waveform-1789697865114-14 D5 FIRST_VALID_SAMPLE state=FIRST_FRAME_RECEIVED attempts=1 streak=1
[2026-09-18T02:18:14.982Z] batch=field-waveform-1789697865114-14 D2 FIRST_FRAME state=FIRST_FRAME_RECEIVED attempts=1 streak=1
[2026-09-18T02:18:14.982Z] batch=field-waveform-1789697865114-14 D2 FIRST_VALID_SAMPLE state=FIRST_FRAME_RECEIVED attempts=1 streak=1
[2026-09-18T02:18:14.983Z] batch=field-waveform-1789697865114-14 D3 FIRST_FRAME state=FIRST_FRAME_RECEIVED attempts=1 streak=1
[2026-09-18T02:18:14.983Z] batch=field-waveform-1789697865114-14 D3 FIRST_VALID_SAMPLE state=FIRST_FRAME_RECEIVED attempts=1 streak=1
[2026-09-18T02:18:14.984Z] batch=field-waveform-1789697865114-14 D4 FIRST_FRAME state=FIRST_FRAME_RECEIVED attempts=1 streak=1
[2026-09-18T02:18:14.984Z] batch=field-waveform-1789697865114-14 D4 FIRST_VALID_SAMPLE state=FIRST_FRAME_RECEIVED attempts=1 streak=1
[2026-09-18T02:18:15.206Z] batch=field-waveform-1789697865114-14 D1 CHANNEL_SYNC_OK state=TEST_READY attempts=1 streak=5
[2026-09-18T02:18:15.206Z] batch=field-waveform-1789697865114-14 D1 TEST_READY state=TEST_READY attempts=1 streak=5
[2026-09-18T02:18:15.221Z] batch=field-waveform-1789697865114-14 D6 CHANNEL_SYNC_OK state=TEST_READY attempts=1 streak=5
[2026-09-18T02:18:15.222Z] batch=field-waveform-1789697865114-14 D6 TEST_READY state=TEST_READY attempts=1 streak=5
[2026-09-18T02:18:15.223Z] batch=field-waveform-1789697865114-14 D5 CHANNEL_SYNC_OK state=TEST_READY attempts=1 streak=5
[2026-09-18T02:18:15.223Z] batch=field-waveform-1789697865114-14 D5 TEST_READY state=TEST_READY attempts=1 streak=5
[2026-09-18T02:18:15.226Z] batch=field-waveform-1789697865114-14 D2 CHANNEL_SYNC_OK state=TEST_READY attempts=1 streak=5
[2026-09-18T02:18:15.226Z] batch=field-waveform-1789697865114-14 D2 TEST_READY state=TEST_READY attempts=1 streak=5
[2026-09-18T02:18:15.230Z] batch=field-waveform-1789697865114-14 D3 CHANNEL_SYNC_OK state=TEST_READY attempts=1 streak=5
[2026-09-18T02:18:15.231Z] batch=field-waveform-1789697865114-14 D3 TEST_READY state=TEST_READY attempts=1 streak=5
[2026-09-18T02:18:15.235Z] batch=field-waveform-1789697865114-14 D4 CHANNEL_SYNC_OK state=TEST_READY attempts=1 streak=5
[2026-09-18T02:18:15.237Z] batch=field-waveform-1789697865114-14 D4 TEST_READY state=TEST_READY attempts=1 streak=5
[2026-09-18T02:18:26.136Z] batch=field-waveform-1789697865114-14 D4 MODE_SWITCH_START state=MODE_SWITCHING attempts=1 streak=0 attempt=1
[2026-09-18T02:18:26.140Z] batch=field-waveform-1789697865114-14 D4 MODE_SWITCH_OK state=MODE_SWITCH_OK attempts=1 streak=0
[2026-09-18T02:18:26.143Z] batch=field-waveform-1789697865114-14 D1 MODE_SWITCH_START state=MODE_SWITCHING attempts=1 streak=0 attempt=1
[2026-09-18T02:18:26.146Z] batch=field-waveform-1789697865114-14 D1 MODE_SWITCH_OK state=MODE_SWITCH_OK attempts=1 streak=0
[2026-09-18T02:18:26.237Z] batch=field-waveform-1789697865114-14 D6 MODE_SWITCH_START state=MODE_SWITCHING attempts=1 streak=0 attempt=1
[2026-09-18T02:18:26.239Z] batch=field-waveform-1789697865114-14 D6 MODE_SWITCH_OK state=MODE_SWITCH_OK attempts=1 streak=0
[2026-09-18T02:18:26.241Z] batch=field-waveform-1789697865114-14 D5 MODE_SWITCH_START state=MODE_SWITCHING attempts=1 streak=0 attempt=1
[2026-09-18T02:18:26.242Z] batch=field-waveform-1789697865114-14 D5 MODE_SWITCH_OK state=MODE_SWITCH_OK attempts=1 streak=0
[2026-09-18T02:18:26.266Z] batch=field-waveform-1789697865114-14 D2 MODE_SWITCH_START state=MODE_SWITCHING attempts=1 streak=0 attempt=1
[2026-09-18T02:18:26.268Z] batch=field-waveform-1789697865114-14 D2 MODE_SWITCH_OK state=MODE_SWITCH_OK attempts=1 streak=0
[2026-09-18T02:18:26.269Z] batch=field-waveform-1789697865114-14 D3 MODE_SWITCH_START state=MODE_SWITCHING attempts=1 streak=0 attempt=1
[2026-09-18T02:18:26.270Z] batch=field-waveform-1789697865114-14 D3 MODE_SWITCH_OK state=MODE_SWITCH_OK attempts=1 streak=0
[2026-09-18T02:18:26.417Z] batch=field-waveform-1789697865114-14 D3 FIRST_FRAME state=FIRST_FRAME_RECEIVED attempts=1 streak=1
[2026-09-18T02:18:26.418Z] batch=field-waveform-1789697865114-14 D3 FIRST_VALID_SAMPLE state=FIRST_FRAME_RECEIVED attempts=1 streak=1
[2026-09-18T02:18:26.679Z] batch=field-waveform-1789697865114-14 D3 CHANNEL_SYNC_OK state=TEST_READY attempts=1 streak=5
[2026-09-18T02:18:26.679Z] batch=field-waveform-1789697865114-14 D3 TEST_READY state=TEST_READY attempts=1 streak=5
[2026-09-18T02:18:31.203Z] batch=field-waveform-1789697865114-14 D1 FIRST_FRAME state=FIRST_FRAME_RECEIVED attempts=1 streak=1
[2026-09-18T02:18:31.204Z] batch=field-waveform-1789697865114-14 D1 FIRST_VALID_SAMPLE state=FIRST_FRAME_RECEIVED attempts=1 streak=1
[2026-09-18T02:18:31.253Z] batch=field-waveform-1789697865114-14 D4 FIRST_FRAME state=FIRST_FRAME_RECEIVED attempts=1 streak=1
[2026-09-18T02:18:31.253Z] batch=field-waveform-1789697865114-14 D4 FIRST_VALID_SAMPLE state=FIRST_FRAME_RECEIVED attempts=1 streak=1
[2026-09-18T02:18:31.286Z] batch=field-waveform-1789697865114-14 D5 FIRST_FRAME state=FIRST_FRAME_RECEIVED attempts=1 streak=1
[2026-09-18T02:18:31.286Z] batch=field-waveform-1789697865114-14 D5 FIRST_VALID_SAMPLE state=FIRST_FRAME_RECEIVED attempts=1 streak=1
[2026-09-18T02:18:31.288Z] batch=field-waveform-1789697865114-14 D6 FIRST_FRAME state=FIRST_FRAME_RECEIVED attempts=1 streak=1
[2026-09-18T02:18:31.288Z] batch=field-waveform-1789697865114-14 D6 FIRST_VALID_SAMPLE state=FIRST_FRAME_RECEIVED attempts=1 streak=1
[2026-09-18T02:18:31.353Z] batch=field-waveform-1789697865114-14 D2 FIRST_FRAME state=FIRST_FRAME_RECEIVED attempts=1 streak=1
[2026-09-18T02:18:31.354Z] batch=field-waveform-1789697865114-14 D2 FIRST_VALID_SAMPLE state=FIRST_FRAME_RECEIVED attempts=1 streak=1
[2026-09-18T02:18:31.467Z] batch=field-waveform-1789697865114-14 D1 CHANNEL_SYNC_OK state=TEST_READY attempts=1 streak=5
[2026-09-18T02:18:31.467Z] batch=field-waveform-1789697865114-14 D1 TEST_READY state=TEST_READY attempts=1 streak=5
[2026-09-18T02:18:31.483Z] batch=field-waveform-1789697865114-14 D4 CHANNEL_SYNC_OK state=TEST_READY attempts=1 streak=5
[2026-09-18T02:18:31.484Z] batch=field-waveform-1789697865114-14 D4 TEST_READY state=TEST_READY attempts=1 streak=5
[2026-09-18T02:18:31.536Z] batch=field-waveform-1789697865114-14 D5 CHANNEL_SYNC_OK state=TEST_READY attempts=1 streak=5
[2026-09-18T02:18:31.536Z] batch=field-waveform-1789697865114-14 D5 TEST_READY state=TEST_READY attempts=1 streak=5
[2026-09-18T02:18:31.538Z] batch=field-waveform-1789697865114-14 D6 CHANNEL_SYNC_OK state=TEST_READY attempts=1 streak=5
[2026-09-18T02:18:31.539Z] batch=field-waveform-1789697865114-14 D6 TEST_READY state=TEST_READY attempts=1 streak=5
[2026-09-18T02:18:31.604Z] batch=field-waveform-1789697865114-14 D2 CHANNEL_SYNC_OK state=TEST_READY attempts=1 streak=5
[2026-09-18T02:18:31.604Z] batch=field-waveform-1789697865114-14 D2 TEST_READY state=TEST_READY attempts=1 streak=5
[2026-09-18T02:19:23.598Z] batch=field-waveform-1789697865114-14 D4 MODE_SWITCH_START state=MODE_SWITCHING attempts=1 streak=0 attempt=1
[2026-09-18T02:19:23.599Z] batch=field-waveform-1789697865114-14 D4 MODE_SWITCH_OK state=MODE_SWITCH_OK attempts=1 streak=0
[2026-09-18T02:19:23.601Z] batch=field-waveform-1789697865114-14 D1 MODE_SWITCH_START state=MODE_SWITCHING attempts=1 streak=0 attempt=1
[2026-09-18T02:19:23.602Z] batch=field-waveform-1789697865114-14 D1 MODE_SWITCH_OK state=MODE_SWITCH_OK attempts=1 streak=0
[2026-09-18T02:19:23.605Z] batch=field-waveform-1789697865114-14 D6 MODE_SWITCH_START state=MODE_SWITCHING attempts=1 streak=0 attempt=1
[2026-09-18T02:19:23.614Z] batch=field-waveform-1789697865114-14 D6 MODE_SWITCH_OK state=MODE_SWITCH_OK attempts=1 streak=0
[2026-09-18T02:19:23.620Z] batch=field-waveform-1789697865114-14 D5 MODE_SWITCH_START state=MODE_SWITCHING attempts=1 streak=0 attempt=1
[2026-09-18T02:19:23.621Z] batch=field-waveform-1789697865114-14 D5 MODE_SWITCH_OK state=MODE_SWITCH_OK attempts=1 streak=0
[2026-09-18T02:19:23.624Z] batch=field-waveform-1789697865114-14 D2 MODE_SWITCH_START state=MODE_SWITCHING attempts=1 streak=0 attempt=1
[2026-09-18T02:19:23.625Z] batch=field-waveform-1789697865114-14 D2 MODE_SWITCH_OK state=MODE_SWITCH_OK attempts=1 streak=0
[2026-09-18T02:19:23.628Z] batch=field-waveform-1789697865114-14 D3 MODE_SWITCH_START state=MODE_SWITCHING attempts=1 streak=0 attempt=1
[2026-09-18T02:19:23.630Z] batch=field-waveform-1789697865114-14 D3 MODE_SWITCH_OK state=MODE_SWITCH_OK attempts=1 streak=0
[2026-09-18T02:19:33.664Z] batch=field-waveform-1789697865114-14 D4 MODE_SWITCH_START state=MODE_SWITCHING attempts=1 streak=0 attempt=1
[2026-09-18T02:19:33.666Z] batch=field-waveform-1789697865114-14 D4 MODE_SWITCH_OK state=MODE_SWITCH_OK attempts=1 streak=0
[2026-09-18T02:19:33.671Z] batch=field-waveform-1789697865114-14 D1 MODE_SWITCH_START state=MODE_SWITCHING attempts=1 streak=0 attempt=1
[2026-09-18T02:19:33.672Z] batch=field-waveform-1789697865114-14 D1 MODE_SWITCH_OK state=MODE_SWITCH_OK attempts=1 streak=0
[2026-09-18T02:19:33.675Z] batch=field-waveform-1789697865114-14 D6 MODE_SWITCH_START state=MODE_SWITCHING attempts=1 streak=0 attempt=1
[2026-09-18T02:19:33.676Z] batch=field-waveform-1789697865114-14 D6 MODE_SWITCH_OK state=MODE_SWITCH_OK attempts=1 streak=0
[2026-09-18T02:19:33.679Z] batch=field-waveform-1789697865114-14 D5 MODE_SWITCH_START state=MODE_SWITCHING attempts=1 streak=0 attempt=1
[2026-09-18T02:19:33.681Z] batch=field-waveform-1789697865114-14 D5 MODE_SWITCH_OK state=MODE_SWITCH_OK attempts=1 streak=0
[2026-09-18T02:19:33.684Z] batch=field-waveform-1789697865114-14 D2 MODE_SWITCH_START state=MODE_SWITCHING attempts=1 streak=0 attempt=1
[2026-09-18T02:19:33.686Z] batch=field-waveform-1789697865114-14 D2 MODE_SWITCH_OK state=MODE_SWITCH_OK attempts=1 streak=0
[2026-09-18T02:19:33.690Z] batch=field-waveform-1789697865114-14 D3 MODE_SWITCH_START state=MODE_SWITCHING attempts=1 streak=0 attempt=1
[2026-09-18T02:19:33.691Z] batch=field-waveform-1789697865114-14 D3 MODE_SWITCH_OK state=MODE_SWITCH_OK attempts=1 streak=0
[2026-09-18T02:19:38.987Z] batch=field-waveform-1789697865114-14 D4 FIRST_FRAME state=FIRST_FRAME_RECEIVED attempts=1 streak=1
[2026-09-18T02:19:38.987Z] batch=field-waveform-1789697865114-14 D4 FIRST_VALID_SAMPLE state=FIRST_FRAME_RECEIVED attempts=1 streak=1
[2026-09-18T02:19:38.991Z] batch=field-waveform-1789697865114-14 D4 CHANNEL_SYNC_OK state=TEST_READY attempts=1 streak=5
[2026-09-18T02:19:38.991Z] batch=field-waveform-1789697865114-14 D4 TEST_READY state=TEST_READY attempts=1 streak=5
[2026-09-18T02:19:39.010Z] batch=field-waveform-1789697865114-14 D1 FIRST_FRAME state=FIRST_FRAME_RECEIVED attempts=1 streak=1
[2026-09-18T02:19:39.010Z] batch=field-waveform-1789697865114-14 D1 FIRST_VALID_SAMPLE state=FIRST_FRAME_RECEIVED attempts=1 streak=1
[2026-09-18T02:19:39.012Z] batch=field-waveform-1789697865114-14 D1 CHANNEL_SYNC_OK state=TEST_READY attempts=1 streak=5
[2026-09-18T02:19:39.012Z] batch=field-waveform-1789697865114-14 D1 TEST_READY state=TEST_READY attempts=1 streak=5
[2026-09-18T02:19:39.013Z] batch=field-waveform-1789697865114-14 D6 FIRST_FRAME state=FIRST_FRAME_RECEIVED attempts=1 streak=1
[2026-09-18T02:19:39.013Z] batch=field-waveform-1789697865114-14 D6 FIRST_VALID_SAMPLE state=FIRST_FRAME_RECEIVED attempts=1 streak=1
[2026-09-18T02:19:39.014Z] batch=field-waveform-1789697865114-14 D6 CHANNEL_SYNC_OK state=TEST_READY attempts=1 streak=5
[2026-09-18T02:19:39.015Z] batch=field-waveform-1789697865114-14 D6 TEST_READY state=TEST_READY attempts=1 streak=5
[2026-09-18T02:19:39.015Z] batch=field-waveform-1789697865114-14 D5 FIRST_FRAME state=FIRST_FRAME_RECEIVED attempts=1 streak=1
[2026-09-18T02:19:39.015Z] batch=field-waveform-1789697865114-14 D5 FIRST_VALID_SAMPLE state=FIRST_FRAME_RECEIVED attempts=1 streak=1
[2026-09-18T02:19:39.016Z] batch=field-waveform-1789697865114-14 D5 CHANNEL_SYNC_OK state=TEST_READY attempts=1 streak=5
[2026-09-18T02:19:39.017Z] batch=field-waveform-1789697865114-14 D5 TEST_READY state=TEST_READY attempts=1 streak=5
[2026-09-18T02:19:39.017Z] batch=field-waveform-1789697865114-14 D3 FIRST_FRAME state=FIRST_FRAME_RECEIVED attempts=1 streak=1
[2026-09-18T02:19:39.018Z] batch=field-waveform-1789697865114-14 D3 FIRST_VALID_SAMPLE state=FIRST_FRAME_RECEIVED attempts=1 streak=1
[2026-09-18T02:19:39.019Z] batch=field-waveform-1789697865114-14 D3 CHANNEL_SYNC_OK state=TEST_READY attempts=1 streak=5
[2026-09-18T02:19:39.019Z] batch=field-waveform-1789697865114-14 D3 TEST_READY state=TEST_READY attempts=1 streak=5
[2026-09-18T02:19:39.019Z] batch=field-waveform-1789697865114-14 D2 FIRST_FRAME state=FIRST_FRAME_RECEIVED attempts=1 streak=1
[2026-09-18T02:19:39.020Z] batch=field-waveform-1789697865114-14 D2 FIRST_VALID_SAMPLE state=FIRST_FRAME_RECEIVED attempts=1 streak=1
[2026-09-18T02:19:39.021Z] batch=field-waveform-1789697865114-14 D2 CHANNEL_SYNC_OK state=TEST_READY attempts=1 streak=5
[2026-09-18T02:19:39.021Z] batch=field-waveform-1789697865114-14 D2 TEST_READY state=TEST_READY attempts=1 streak=5
