[2026-09-10T01:11:19.600Z][STDOUT] [标签打印] 批次 field-waveform-1789002522735-12 已生成 6 个标签任务（D1→D6）。
[2026-09-10T01:11:20.989Z][STDOUT] [WaveformDiag][WS] mode=delta clients=2 resync=0 maxBuffered=0 stateAgeMs=9 D1{on=0,ready=0,sync=0,startup=MODE_SWITCH_OK,attempts=1,streak=0,firstAgeMs=-1,readyAgeMs=-1,total=1608,delta=0,hist=1000,lastAgeMs=9747,reset=0} D2{on=1,ready=1,sync=1,startup=TEST_READY,attempts=1,streak=403,firstAgeMs=45015,readyAgeMs=44796,total=1612,delta=0,hist=1000,lastAgeMs=19741,reset=0} D3{on=0,ready=0,sync=0,startup=DISCONNECTED,attempts=0,streak=0,firstAgeMs=-1,readyAgeMs=-1,total=1624,delta=0,hist=1000,lastAgeMs=9,reset=0} D4{on=0,ready=0,sync=0,startup=MODE_SWITCH_OK,attempts=1,streak=0,firstAgeMs=-1,readyAgeMs=-1,total=1600,delta=0,hist=1000,lastAgeMs=9790,reset=0} D5{on=0,ready=0,sync=0,startup=MODE_SWITCH_OK,attempts=1,streak=0,firstAgeMs=-1,readyAgeMs=-1,total=1608,delta=0,hist=1000,lastAgeMs=9779,reset=0} D6{on=0,ready=0,sync=0,startup=MODE_SWITCH_OK,attempts=1,streak=0,firstAgeMs=-1,readyAgeMs=-1,total=1600,delta=0,hist=1000,lastAgeMs=9766,reset=0}
[2026-09-10T01:11:20.991Z][STDOUT] [FlameService] 设备 3 发送波形模式切换请求 (模式 1, 持续重试第 1 次)
[2026-09-10T01:11:21.000Z][STDOUT] [FlameService] 设备 3 波形模式切换已确认，继续等待波形数据
[2026-09-10T01:11:21.001Z][STDOUT] [FlameService] 设备 3 发送模式切换指令已确认
[2026-09-10T01:11:21.002Z][RENDERER/1] file:///D:/%E4%B8%8A%E4%BD%8D%E6%9C%BA%E7%95%8C%E9%9D%A2%E5%8E%9F%E5%9E%8B%E7%89%88/flame-detector-bench-desktop/dist/assets/index-A9TaTnGI.js:264 [WaveformDiag][UI] kind=delta wireAgeMs=11 payloadAgeMs=11 D1{on=0,total=1608,delta=0,lastAgeMs=9749,reset=0} D2{on=1,total=1612,delta=0,lastAgeMs=19743,reset=0} D3{on=0,total=1624,delta=0,lastAgeMs=11,reset=0} D4{on=0,total=1600,delta=0,lastAgeMs=9792,reset=0} D5{on=0,total=1608,delta=0,lastAgeMs=9781,reset=0} D6{on=0,total=1600,delta=0,lastAgeMs=9768,reset=0}
[2026-09-10T01:11:21.258Z][STDOUT] [FlameService] 设备 4 发送波形模式切换请求 (模式 1, 持续重试第 1 次)
[2026-09-10T01:11:21.259Z][STDOUT] [FlameService] 设备 4 波形模式切换已确认，继续等待波形数据
[2026-09-10T01:11:21.268Z][STDOUT] [FlameService] 设备 4 发送模式切换指令已确认
[2026-09-10T01:11:21.286Z][STDOUT] [FlameService] 设备 2 发送波形模式切换请求 (模式 1, 持续重试第 1 次)
[2026-09-10T01:11:21.289Z][STDOUT] [FlameService] 设备 2 波形模式切换已确认，继续等待波形数据
[2026-09-10T01:11:21.290Z][STDOUT] [FlameService] 设备 2 发送模式切换指令已确认
[2026-09-10T01:11:21.299Z][STDOUT] [FlameService] 设备 5 发送波形模式切换请求 (模式 1, 持续重试第 1 次)
[2026-09-10T01:11:21.308Z][STDOUT] [FlameService] 设备 5 波形模式切换已确认，继续等待波形数据
[2026-09-10T01:11:21.309Z][STDOUT] [FlameService] 设备 5 发送模式切换指令已确认
[2026-09-10T01:11:21.318Z][STDOUT] [FlameService] 设备 6 发送波形模式切换请求 (模式 1, 持续重试第 1 次)
[2026-09-10T01:11:21.319Z][STDOUT] [FlameService] 设备 6 波形模式切换已确认，继续等待波形数据
[2026-09-10T01:11:21.328Z][STDOUT] [FlameService] 设备 6 发送模式切换指令已确认
[2026-09-10T01:11:21.339Z][STDOUT] [FlameService] 设备 1 发送波形模式切换请求 (模式 1, 持续重试第 1 次)
[2026-09-10T01:11:21.340Z][STDOUT] [FlameService] 设备 1 波形模式切换已确认，继续等待波形数据
[2026-09-10T01:11:21.349Z][STDOUT] [FlameService] 设备 1 发送模式切换指令已确认
[2026-09-10T01:11:27.923Z][STDOUT] [日志自动上传] GitHub commit=2f5e6f9d5c43814332ccf2b9da4d8814a40d0763 path=diagnostic-logs/20260910T011116Z-field-waveform-1789002522735-12
[2026-09-10T01:11:27.923Z][STDOUT] [日志自动上传] 上传完成 batch=field-waveform-1789002522735-12
[2026-09-10T01:11:31.066Z][STDOUT] [WaveformDiag][WS] mode=delta clients=2 resync=0 maxBuffered=3566934 stateAgeMs=8 D1{on=0,ready=0,sync=0,startup=MODE_SWITCH_OK,attempts=1,streak=0,firstAgeMs=-1,readyAgeMs=-1,total=1608,delta=0,hist=1000,lastAgeMs=9717,reset=0} D2{on=0,ready=0,sync=0,startup=MODE_SWITCH_OK,attempts=1,streak=0,firstAgeMs=-1,readyAgeMs=-1,total=1612,delta=0,hist=1000,lastAgeMs=9776,reset=0} D3{on=0,ready=0,sync=0,startup=DISCONNECTED,attempts=0,streak=0,firstAgeMs=-1,readyAgeMs=-1,total=1624,delta=0,hist=1000,lastAgeMs=8,reset=0} D4{on=0,ready=0,sync=0,startup=MODE_SWITCH_OK,attempts=1,streak=0,firstAgeMs=-1,readyAgeMs=-1,total=1600,delta=0,hist=1000,lastAgeMs=9798,reset=0} D5{on=0,ready=0,sync=0,startup=MODE_SWITCH_OK,attempts=1,streak=0,firstAgeMs=-1,readyAgeMs=-1,total=1608,delta=0,hist=1000,lastAgeMs=9757,reset=0} D6{on=0,ready=0,sync=0,startup=MODE_SWITCH_OK,attempts=1,streak=0,firstAgeMs=-1,readyAgeMs=-1,total=1600,delta=0,hist=1000,lastAgeMs=9738,reset=0}
[2026-09-10T01:11:31.068Z][STDOUT] [FlameService] 设备 3 发送波形模式切换请求 (模式 1, 持续重试第 1 次)
[2026-09-10T01:11:31.079Z][STDOUT] [FlameService] 设备 3 波形模式切换已确认，继续等待波形数据
[2026-09-10T01:11:31.080Z][STDOUT] [FlameService] 设备 3 发送模式切换指令已确认
[2026-09-10T01:11:31.083Z][RENDERER/1] file:///D:/%E4%B8%8A%E4%BD%8D%E6%9C%BA%E7%95%8C%E9%9D%A2%E5%8E%9F%E5%9E%8B%E7%89%88/flame-detector-bench-desktop/dist/assets/index-A9TaTnGI.js:264 [WaveformDiag][UI] kind=delta wireAgeMs=11 payloadAgeMs=11 D1{on=0,total=1608,delta=0,lastAgeMs=9720,reset=0} D2{on=0,total=1612,delta=0,lastAgeMs=9779,reset=0} D3{on=0,total=1624,delta=0,lastAgeMs=11,reset=0} D4{on=0,total=1600,delta=0,lastAgeMs=9801,reset=0} D5{on=0,total=1608,delta=0,lastAgeMs=9760,reset=0} D6{on=0,total=1600,delta=0,lastAgeMs=9741,reset=0}
[2026-09-10T01:11:31.484Z][STDOUT] [FlameService] 设备 4 发送波形模式切换请求 (模式 1, 持续重试第 1 次)
[2026-09-10T01:11:31.493Z][STDOUT] [FlameService] 设备 4 波形模式切换已确认，继续等待波形数据
[2026-09-10T01:11:31.494Z][STDOUT] [FlameService] 设备 4 发送模式切换指令已确认
[2026-09-10T01:11:31.512Z][STDOUT] [FlameService] 设备 2 发送波形模式切换请求 (模式 1, 持续重试第 1 次)
[2026-09-10T01:11:31.518Z][STDOUT] [FlameService] 设备 2 波形模式切换已确认，继续等待波形数据
[2026-09-10T01:11:31.519Z][STDOUT] [FlameService] 设备 2 发送模式切换指令已确认
[2026-09-10T01:11:31.536Z][STDOUT] [FlameService] 设备 5 发送波形模式切换请求 (模式 1, 持续重试第 1 次)
[2026-09-10T01:11:31.543Z][STDOUT] [FlameService] 设备 5 波形模式切换已确认，继续等待波形数据
[2026-09-10T01:11:31.549Z][STDOUT] [FlameService] 设备 5 发送模式切换指令已确认
[2026-09-10T01:11:31.559Z][STDOUT] [FlameService] 设备 6 发送波形模式切换请求 (模式 1, 持续重试第 1 次)
[2026-09-10T01:11:31.566Z][STDOUT] [FlameService] 设备 6 波形模式切换已确认，继续等待波形数据
[2026-09-10T01:11:31.567Z][STDOUT] [FlameService] 设备 6 发送模式切换指令已确认
[2026-09-10T01:11:31.577Z][STDOUT] [FlameService] 设备 1 发送波形模式切换请求 (模式 1, 持续重试第 1 次)
[2026-09-10T01:11:31.583Z][STDOUT] [FlameService] 设备 1 波形模式切换已确认，继续等待波形数据
[2026-09-10T01:11:31.584Z][STDOUT] [FlameService] 设备 1 发送模式切换指令已确认
[2026-09-10T01:11:41.260Z][STDOUT] [WaveformDiag][WS] mode=delta clients=2 resync=0 maxBuffered=3566934 stateAgeMs=6 D1{on=0,ready=0,sync=0,startup=MODE_SWITCH_OK,attempts=1,streak=0,firstAgeMs=-1,readyAgeMs=-1,total=1608,delta=0,hist=1000,lastAgeMs=9676,reset=0} D2{on=0,ready=0,sync=0,startup=MODE_SWITCH_OK,attempts=1,streak=0,firstAgeMs=-1,readyAgeMs=-1,total=1612,delta=0,hist=1000,lastAgeMs=9741,reset=0} D3{on=0,ready=0,sync=0,startup=DISCONNECTED,attempts=0,streak=0,firstAgeMs=-1,readyAgeMs=-1,total=1624,delta=0,hist=1000,lastAgeMs=6,reset=0} D4{on=0,ready=0,sync=0,startup=MODE_SWITCH_OK,attempts=1,streak=0,firstAgeMs=-1,readyAgeMs=-1,total=1600,delta=0,hist=1000,lastAgeMs=9767,reset=0} D5{on=0,ready=0,sync=0,startup=MODE_SWITCH_OK,attempts=1,streak=0,firstAgeMs=-1,readyAgeMs=-1,total=1608,delta=0,hist=1000,lastAgeMs=9711,reset=0} D6{on=0,ready=0,sync=0,startup=MODE_SWITCH_OK,attempts=1,streak=0,firstAgeMs=-1,readyAgeMs=-1,total=1600,delta=0,hist=1000,lastAgeMs=9693,reset=0}
[2026-09-10T01:11:41.262Z][STDOUT] [FlameService] 设备 3 发送波形模式切换请求 (模式 1, 持续重试第 1 次)
[2026-09-10T01:11:41.272Z][STDOUT] [FlameService] 设备 3 波形模式切换已确认，继续等待波形数据
[2026-09-10T01:11:41.274Z][STDOUT] [FlameService] 设备 3 发送模式切换指令已确认
[2026-09-10T01:11:41.274Z][RENDERER/1] file:///D:/%E4%B8%8A%E4%BD%8D%E6%9C%BA%E7%95%8C%E9%9D%A2%E5%8E%9F%E5%9E%8B%E7%89%88/flame-detector-bench-desktop/dist/assets/index-A9TaTnGI.js:264 [WaveformDiag][UI] kind=delta wireAgeMs=9 payloadAgeMs=9 D1{on=0,total=1608,delta=0,lastAgeMs=9679,reset=0} D2{on=0,total=1612,delta=0,lastAgeMs=9744,reset=0} D3{on=0,total=1624,delta=0,lastAgeMs=9,reset=0} D4{on=0,total=1600,delta=0,lastAgeMs=9770,reset=0} D5{on=0,total=1608,delta=0,lastAgeMs=9714,reset=0} D6{on=0,total=1600,delta=0,lastAgeMs=9696,reset=0}
[2026-09-10T01:11:41.546Z][STDOUT] [FlameService] 设备 4 发送波形模式切换请求 (模式 1, 持续重试第 1 次)
[2026-09-10T01:11:41.547Z][STDOUT] [FlameService] 设备 4 波形模式切换已确认，继续等待波形数据
[2026-09-10T01:11:41.557Z][STDOUT] [FlameService] 设备 4 发送模式切换指令已确认
[2026-09-10T01:11:41.567Z][STDOUT] [FlameService] 设备 2 发送波形模式切换请求 (模式 1, 持续重试第 1 次)
[2026-09-10T01:11:41.575Z][STDOUT] [FlameService] 设备 2 波形模式切换已确认，继续等待波形数据
[2026-09-10T01:11:41.588Z][STDOUT] [FlameService] 设备 2 发送模式切换指令已确认
[2026-09-10T01:11:41.597Z][STDOUT] [FlameService] 设备 5 发送波形模式切换请求 (模式 1, 持续重试第 1 次)
[2026-09-10T01:11:41.599Z][STDOUT] [FlameService] 设备 5 波形模式切换已确认，继续等待波形数据
[2026-09-10T01:11:41.600Z][STDOUT] [FlameService] 设备 5 发送模式切换指令已确认
[2026-09-10T01:11:41.613Z][STDOUT] [FlameService] 设备 6 发送波形模式切换请求 (模式 1, 持续重试第 1 次)
[2026-09-10T01:11:41.621Z][STDOUT] [FlameService] 设备 6 波形模式切换已确认，继续等待波形数据
[2026-09-10T01:11:41.622Z][STDOUT] [FlameService] 设备 6 发送模式切换指令已确认
[2026-09-10T01:11:41.632Z][STDOUT] [FlameService] 设备 1 发送波形模式切换请求 (模式 1, 持续重试第 1 次)
[2026-09-10T01:11:41.644Z][STDOUT] [FlameService] 设备 1 波形模式切换已确认，继续等待波形数据
[2026-09-10T01:11:41.648Z][STDOUT] [FlameService] 设备 1 发送模式切换指令已确认
[2026-09-10T01:11:44.376Z][STDOUT] [FlameService] 设备 1 发送波形模式切换请求 (模式 1, 持续重试第 1 次)
[2026-09-10T01:11:44.391Z][STDOUT] [FlameService] 设备 2 发送波形模式切换请求 (模式 1, 持续重试第 1 次)
[2026-09-10T01:11:44.392Z][STDOUT] [FlameService] 设备 3 发送波形模式切换请求 (模式 1, 持续重试第 1 次)
[2026-09-10T01:11:44.400Z][STDOUT] [FlameService] 设备 4 发送波形模式切换请求 (模式 1, 持续重试第 1 次)
[2026-09-10T01:11:44.402Z][STDOUT] [FlameService] 设备 5 发送波形模式切换请求 (模式 1, 持续重试第 1 次)
[2026-09-10T01:11:44.411Z][STDOUT] [FlameService] 设备 6 发送波形模式切换请求 (模式 1, 持续重试第 1 次)
[2026-09-10T01:11:44.419Z][STDOUT] [WaveformDiag][WS] mode=delta clients=2 resync=0 maxBuffered=0 stateAgeMs=0 D1{on=0,ready=0,sync=0,startup=MODE_SWITCHING,attempts=1,streak=0,firstAgeMs=-1,readyAgeMs=-1,total=1608,delta=0,hist=1000,lastAgeMs=43,reset=0} D2{on=0,ready=0,sync=0,startup=MODE_SWITCHING,attempts=1,streak=0,firstAgeMs=-1,readyAgeMs=-1,total=1612,delta=0,hist=1000,lastAgeMs=43,reset=0} D3{on=0,ready=0,sync=0,startup=MODE_SWITCHING,attempts=1,streak=0,firstAgeMs=-1,readyAgeMs=-1,total=1624,delta=0,hist=1000,lastAgeMs=43,reset=0} D4{on=0,ready=0,sync=0,startup=MODE_SWITCHING,attempts=1,streak=0,firstAgeMs=-1,readyAgeMs=-1,total=1600,delta=0,hist=1000,lastAgeMs=43,reset=0} D5{on=0,ready=0,sync=0,startup=MODE_SWITCHING,attempts=1,streak=0,firstAgeMs=-1,readyAgeMs=-1,total=1608,delta=0,hist=1000,lastAgeMs=43,reset=0} D6{on=0,ready=0,sync=0,startup=MODE_SWITCHING,attempts=1,streak=0,firstAgeMs=-1,readyAgeMs=-1,total=1600,delta=0,hist=1000,lastAgeMs=43,reset=0}
[2026-09-10T01:11:44.423Z][STDOUT] [FlameService] 设备 1 波形模式切换已确认，继续等待波形数据
[2026-09-10T01:11:44.424Z][STDOUT] [FlameService] 设备 2 波形模式切换已确认，继续等待波形数据
[2026-09-10T01:11:44.430Z][STDOUT] [FlameService] 设备 3 波形模式切换已确认，继续等待波形数据
[2026-09-10T01:11:44.431Z][STDOUT] [FlameService] 设备 4 波形模式切换已确认，继续等待波形数据
[2026-09-10T01:11:44.431Z][STDOUT] [FlameService] 设备 5 波形模式切换已确认，继续等待波形数据
[2026-09-10T01:11:44.432Z][STDOUT] [FlameService] 设备 6 波形模式切换已确认，继续等待波形数据
[2026-09-10T01:11:44.433Z][STDOUT] [FlameService] 设备 1 发送模式切换指令已确认
[2026-09-10T01:11:44.433Z][STDOUT] [FlameService] 设备 2 发送模式切换指令已确认
[2026-09-10T01:11:44.434Z][STDOUT] [FlameService] 设备 3 发送模式切换指令已确认
[2026-09-10T01:11:44.434Z][STDOUT] [FlameService] 设备 4 发送模式切换指令已确认
[2026-09-10T01:11:44.434Z][STDOUT] [FlameService] 设备 5 发送模式切换指令已确认
[2026-09-10T01:11:44.434Z][STDOUT] [FlameService] 设备 6 发送模式切换指令已确认
[2026-09-10T01:11:44.471Z][RENDERER/1] file:///D:/%E4%B8%8A%E4%BD%8D%E6%9C%BA%E7%95%8C%E9%9D%A2%E5%8E%9F%E5%9E%8B%E7%89%88/flame-detector-bench-desktop/dist/assets/index-A9TaTnGI.js:264 [WaveformDiag][UI] kind=delta wireAgeMs=27 payloadAgeMs=27 D1{on=0,total=1608,delta=0,lastAgeMs=70,reset=0} D2{on=0,total=1612,delta=0,lastAgeMs=70,reset=0} D3{on=0,total=1624,delta=0,lastAgeMs=70,reset=0} D4{on=0,total=1600,delta=0,lastAgeMs=70,reset=0} D5{on=0,total=1608,delta=0,lastAgeMs=70,reset=0} D6{on=0,total=1600,delta=0,lastAgeMs=70,reset=0}
[2026-09-10T01:11:51.286Z][STDOUT] [WaveformDiag][WS] mode=delta clients=2 resync=0 maxBuffered=0 stateAgeMs=0 D1{on=0,ready=0,sync=0,startup=MODE_SWITCH_OK,attempts=1,streak=0,firstAgeMs=-1,readyAgeMs=-1,total=0,delta=0,hist=0,lastAgeMs=6862,reset=0} D2{on=0,ready=0,sync=0,startup=MODE_SWITCH_OK,attempts=1,streak=0,firstAgeMs=-1,readyAgeMs=-1,total=0,delta=0,hist=0,lastAgeMs=6856,reset=0} D3{on=0,ready=0,sync=0,startup=DISCONNECTED,attempts=0,streak=0,firstAgeMs=-1,readyAgeMs=-1,total=0,delta=0,hist=0,lastAgeMs=0,reset=0} D4{on=0,ready=0,sync=0,startup=MODE_SWITCH_OK,attempts=1,streak=0,firstAgeMs=-1,readyAgeMs=-1,total=0,delta=0,hist=0,lastAgeMs=6855,reset=0} D5{on=0,ready=0,sync=0,startup=MODE_SWITCH_OK,attempts=1,streak=0,firstAgeMs=-1,readyAgeMs=-1,total=0,delta=0,hist=0,lastAgeMs=6854,reset=0} D6{on=0,ready=0,sync=0,startup=MODE_SWITCH_OK,attempts=1,streak=0,firstAgeMs=-1,readyAgeMs=-1,total=0,delta=0,hist=0,lastAgeMs=6853,reset=0}
[2026-09-10T01:11:51.289Z][STDOUT] [FlameService] 设备 3 发送波形模式切换请求 (模式 1, 持续重试第 1 次)
[2026-09-10T01:11:51.300Z][STDOUT] [FlameService] 设备 3 波形模式切换已确认，继续等待波形数据
[2026-09-10T01:11:51.301Z][STDOUT] [FlameService] 设备 3 发送模式切换指令已确认
[2026-09-10T01:11:51.304Z][RENDERER/1] file:///D:/%E4%B8%8A%E4%BD%8D%E6%9C%BA%E7%95%8C%E9%9D%A2%E5%8E%9F%E5%9E%8B%E7%89%88/flame-detector-bench-desktop/dist/assets/index-A9TaTnGI.js:264 [WaveformDiag][UI] kind=delta wireAgeMs=4 payloadAgeMs=4 D1{on=0,total=0,delta=0,lastAgeMs=6866,reset=0} D2{on=0,total=0,delta=0,lastAgeMs=6860,reset=0} D3{on=0,total=0,delta=0,lastAgeMs=4,reset=0} D4{on=0,total=0,delta=0,lastAgeMs=6859,reset=0} D5{on=0,total=0,delta=0,lastAgeMs=6858,reset=0} D6{on=0,total=0,delta=0,lastAgeMs=6857,reset=0}
[2026-09-10T01:11:51.565Z][STDOUT] [FlameService] 设备 4 发送波形模式切换请求 (模式 1, 持续重试第 1 次)
[2026-09-10T01:11:51.573Z][STDOUT] [FlameService] 设备 4 波形模式切换已确认，继续等待波形数据
[2026-09-10T01:11:51.575Z][STDOUT] [FlameService] 设备 4 发送模式切换指令已确认
[2026-09-10T01:11:51.593Z][STDOUT] [FlameService] 设备 2 发送波形模式切换请求 (模式 1, 持续重试第 1 次)
[2026-09-10T01:11:51.606Z][STDOUT] [FlameService] 设备 2 波形模式切换已确认，继续等待波形数据
[2026-09-10T01:11:51.607Z][STDOUT] [FlameService] 设备 2 发送模式切换指令已确认
[2026-09-10T01:11:51.617Z][STDOUT] [FlameService] 设备 5 发送波形模式切换请求 (模式 1, 持续重试第 1 次)
[2026-09-10T01:11:51.628Z][STDOUT] [FlameService] 设备 5 波形模式切换已确认，继续等待波形数据
[2026-09-10T01:11:51.629Z][STDOUT] [FlameService] 设备 5 发送模式切换指令已确认
[2026-09-10T01:11:51.630Z][STDOUT] [FlameService] 设备 6 发送波形模式切换请求 (模式 1, 持续重试第 1 次)
[2026-09-10T01:11:51.630Z][STDOUT] [FlameService] 设备 6 波形模式切换已确认，继续等待波形数据
[2026-09-10T01:11:51.631Z][STDOUT] [FlameService] 设备 6 发送模式切换指令已确认
[2026-09-10T01:11:51.655Z][STDOUT] [FlameService] 设备 1 发送波形模式切换请求 (模式 1, 持续重试第 1 次)
[2026-09-10T01:11:51.656Z][STDOUT] [FlameService] 设备 1 波形模式切换已确认，继续等待波形数据
[2026-09-10T01:11:51.657Z][STDOUT] [FlameService] 设备 1 发送模式切换指令已确认
[2026-09-10T01:12:01.308Z][STDOUT] [WaveformDiag][WS] mode=delta clients=2 resync=0 maxBuffered=0 stateAgeMs=0 D1{on=0,ready=0,sync=0,startup=MODE_SWITCH_OK,attempts=1,streak=0,firstAgeMs=-1,readyAgeMs=-1,total=0,delta=0,hist=0,lastAgeMs=9651,reset=0} D2{on=0,ready=0,sync=0,startup=MODE_SWITCH_OK,attempts=1,streak=0,firstAgeMs=-1,readyAgeMs=-1,total=0,delta=0,hist=0,lastAgeMs=9701,reset=0} D3{on=0,ready=0,sync=0,startup=DISCONNECTED,attempts=0,streak=0,firstAgeMs=-1,readyAgeMs=-1,total=0,delta=0,hist=0,lastAgeMs=0,reset=0} D4{on=0,ready=0,sync=0,startup=MODE_SWITCH_OK,attempts=1,streak=0,firstAgeMs=-1,readyAgeMs=-1,total=0,delta=0,hist=0,lastAgeMs=9733,reset=0} D5{on=0,ready=0,sync=0,startup=MODE_SWITCH_OK,attempts=1,streak=0,firstAgeMs=-1,readyAgeMs=-1,total=0,delta=0,hist=0,lastAgeMs=9679,reset=0} D6{on=0,ready=0,sync=0,startup=MODE_SWITCH_OK,attempts=1,streak=0,firstAgeMs=-1,readyAgeMs=-1,total=0,delta=0,hist=0,lastAgeMs=9677,reset=0}
[2026-09-10T01:12:01.311Z][STDOUT] [FlameService] 设备 3 发送波形模式切换请求 (模式 1, 持续重试第 1 次)
[2026-09-10T01:12:01.335Z][STDOUT] [FlameService] 设备 3 波形模式切换已确认，继续等待波形数据
[2026-09-10T01:12:01.337Z][STDOUT] [FlameService] 设备 3 发送模式切换指令已确认
[2026-09-10T01:12:01.338Z][RENDERER/1] file:///D:/%E4%B8%8A%E4%BD%8D%E6%9C%BA%E7%95%8C%E9%9D%A2%E5%8E%9F%E5%9E%8B%E7%89%88/flame-detector-bench-desktop/dist/assets/index-A9TaTnGI.js:264 [WaveformDiag][UI] kind=delta wireAgeMs=6 payloadAgeMs=6 D1{on=0,total=0,delta=0,lastAgeMs=9657,reset=0} D2{on=0,total=0,delta=0,lastAgeMs=9707,reset=0} D3{on=0,total=0,delta=0,lastAgeMs=6,reset=0} D4{on=0,total=0,delta=0,lastAgeMs=9739,reset=0} D5{on=0,total=0,delta=0,lastAgeMs=9685,reset=0} D6{on=0,total=0,delta=0,lastAgeMs=9683,reset=0}
[2026-09-10T01:12:01.587Z][STDOUT] [FlameService] 设备 4 发送波形模式切换请求 (模式 1, 持续重试第 1 次)
[2026-09-10T01:12:01.594Z][STDOUT] [FlameService] 设备 4 波形模式切换已确认，继续等待波形数据
[2026-09-10T01:12:01.596Z][STDOUT] [FlameService] 设备 4 发送模式切换指令已确认
[2026-09-10T01:12:01.608Z][STDOUT] [FlameService] 设备 2 发送波形模式切换请求 (模式 1, 持续重试第 1 次)
[2026-09-10T01:12:01.613Z][STDOUT] [FlameService] 设备 2 波形模式切换已确认，继续等待波形数据
[2026-09-10T01:12:01.629Z][STDOUT] [FlameService] 设备 2 发送模式切换指令已确认
[2026-09-10T01:12:01.631Z][STDOUT] [FlameService] 设备 5 发送波形模式切换请求 (模式 1, 持续重试第 1 次)
[2026-09-10T01:12:01.633Z][STDOUT] [FlameService] 设备 5 波形模式切换已确认，继续等待波形数据
[2026-09-10T01:12:01.636Z][STDOUT] [FlameService] 设备 5 发送模式切换指令已确认
[2026-09-10T01:12:01.638Z][STDOUT] [FlameService] 设备 6 发送波形模式切换请求 (模式 1, 持续重试第 1 次)
[2026-09-10T01:12:01.638Z][STDOUT] [FlameService] 设备 6 波形模式切换已确认，继续等待波形数据
[2026-09-10T01:12:01.639Z][STDOUT] [FlameService] 设备 6 发送模式切换指令已确认
[2026-09-10T01:12:01.662Z][STDOUT] [FlameService] 设备 1 发送波形模式切换请求 (模式 1, 持续重试第 1 次)
[2026-09-10T01:12:01.663Z][STDOUT] [FlameService] 设备 1 波形模式切换已确认，继续等待波形数据
[2026-09-10T01:12:01.666Z][STDOUT] [FlameService] 设备 1 发送模式切换指令已确认
[2026-09-10T01:12:06.601Z][STDOUT] [产品预检] 信号稳定阶段开始，前 15000ms 仅保持波形稳定，随后在稳定阶段后段执行预检 batch=field-waveform-1789002704375-13
[2026-09-10T01:12:11.342Z][STDOUT] [WaveformDiag][WS] mode=delta clients=2 resync=0 maxBuffered=0 stateAgeMs=1 D1{on=0,ready=0,sync=0,startup=MODE_SWITCH_OK,attempts=1,streak=0,firstAgeMs=-1,readyAgeMs=-1,total=0,delta=0,hist=0,lastAgeMs=9676,reset=0} D2{on=0,ready=0,sync=0,startup=MODE_SWITCH_OK,attempts=1,streak=0,firstAgeMs=-1,readyAgeMs=-1,total=0,delta=0,hist=0,lastAgeMs=9714,reset=0} D3{on=0,ready=0,sync=0,startup=DISCONNECTED,attempts=0,streak=0,firstAgeMs=-1,readyAgeMs=-1,total=0,delta=0,hist=0,lastAgeMs=1,reset=0} D4{on=0,ready=0,sync=0,startup=MODE_SWITCH_OK,attempts=1,streak=0,firstAgeMs=-1,readyAgeMs=-1,total=0,delta=0,hist=0,lastAgeMs=9746,reset=0} D5{on=0,ready=0,sync=0,startup=MODE_SWITCH_OK,attempts=1,streak=0,firstAgeMs=-1,readyAgeMs=-1,total=0,delta=0,hist=0,lastAgeMs=9706,reset=0} D6{on=0,ready=0,sync=0,startup=MODE_SWITCH_OK,attempts=1,streak=0,firstAgeMs=-1,readyAgeMs=-1,total=0,delta=0,hist=0,lastAgeMs=9703,reset=0}
[2026-09-10T01:12:11.345Z][STDOUT] [FlameService] 设备 3 发送波形模式切换请求 (模式 1, 持续重试第 1 次)
[2026-09-10T01:12:11.351Z][STDOUT] [FlameService] 设备 3 波形模式切换已确认，继续等待波形数据
[2026-09-10T01:12:11.353Z][STDOUT] [FlameService] 设备 3 发送模式切换指令已确认
[2026-09-10T01:12:11.354Z][RENDERER/1] file:///D:/%E4%B8%8A%E4%BD%8D%E6%9C%BA%E7%95%8C%E9%9D%A2%E5%8E%9F%E5%9E%8B%E7%89%88/flame-detector-bench-desktop/dist/assets/index-A9TaTnGI.js:264 [WaveformDiag][UI] kind=delta wireAgeMs=5 payloadAgeMs=5 D1{on=0,total=0,delta=0,lastAgeMs=9680,reset=0} D2{on=0,total=0,delta=0,lastAgeMs=9718,reset=0} D3{on=0,total=0,delta=0,lastAgeMs=5,reset=0} D4{on=0,total=0,delta=0,lastAgeMs=9750,reset=0} D5{on=0,total=0,delta=0,lastAgeMs=9710,reset=0} D6{on=0,total=0,delta=0,lastAgeMs=9707,reset=0}
[2026-09-10T01:12:11.603Z][STDOUT] [FlameService] 设备 4 发送波形模式切换请求 (模式 1, 持续重试第 1 次)
[2026-09-10T01:12:11.614Z][STDOUT] [FlameService] 设备 4 波形模式切换已确认，继续等待波形数据
[2026-09-10T01:12:11.615Z][STDOUT] [FlameService] 设备 4 发送模式切换指令已确认
[2026-09-10T01:12:11.629Z][STDOUT] [FlameService] 设备 2 发送波形模式切换请求 (模式 1, 持续重试第 1 次)
[2026-09-10T01:12:11.636Z][STDOUT] [FlameService] 设备 2 波形模式切换已确认，继续等待波形数据
[2026-09-10T01:12:11.639Z][STDOUT] [FlameService] 设备 2 发送模式切换指令已确认
[2026-09-10T01:12:11.647Z][STDOUT] [FlameService] 设备 5 发送波形模式切换请求 (模式 1, 持续重试第 1 次)
[2026-09-10T01:12:11.648Z][STDOUT] [FlameService] 设备 5 波形模式切换已确认，继续等待波形数据
[2026-09-10T01:12:11.648Z][STDOUT] [FlameService] 设备 5 发送模式切换指令已确认
[2026-09-10T01:12:11.649Z][STDOUT] [FlameService] 设备 6 发送波形模式切换请求 (模式 1, 持续重试第 1 次)
[2026-09-10T01:12:11.650Z][STDOUT] [FlameService] 设备 6 波形模式切换已确认，继续等待波形数据
[2026-09-10T01:12:11.650Z][STDOUT] [FlameService] 设备 6 发送模式切换指令已确认
[2026-09-10T01:12:11.667Z][STDOUT] [FlameService] 设备 1 发送波形模式切换请求 (模式 1, 持续重试第 1 次)
[2026-09-10T01:12:11.669Z][STDOUT] [FlameService] 设备 1 波形模式切换已确认，继续等待波形数据
[2026-09-10T01:12:11.679Z][STDOUT] [FlameService] 设备 1 发送模式切换指令已确认
[2026-09-10T01:12:16.439Z][STDOUT] [DetectorDiag] D3 RX FRAME mode=custom hex=5AA50180417BE17A0180417BF17A0180417BD17A0180417BF17A6F
[2026-09-10T01:12:16.440Z][STDOUT] [DetectorDiag] D3 PARSE P1=-32767 P2=31553 P3=31473 P4=-
[2026-09-10T01:12:16.444Z][STDOUT] [WaveformDiag][WS] mode=delta clients=2 resync=0 maxBuffered=0 stateAgeMs=0 D1{on=0,ready=0,sync=0,startup=MODE_SWITCH_OK,attempts=1,streak=0,firstAgeMs=-1,readyAgeMs=-1,total=0,delta=0,hist=0,lastAgeMs=4765,reset=0} D2{on=0,ready=0,sync=0,startup=MODE_SWITCH_OK,attempts=1,streak=0,firstAgeMs=-1,readyAgeMs=-1,total=0,delta=0,hist=0,lastAgeMs=4805,reset=0} D3{on=1,ready=1,sync=0,startup=FIRST_FRAME_RECEIVED,attempts=1,streak=1,firstAgeMs=2,readyAgeMs=-1,total=4,delta=4,hist=4,lastAgeMs=0,reset=0} D4{on=0,ready=0,sync=0,startup=MODE_SWITCH_OK,attempts=1,streak=0,firstAgeMs=-1,readyAgeMs=-1,total=0,delta=0,hist=0,lastAgeMs=4829,reset=0} D5{on=0,ready=0,sync=0,startup=MODE_SWITCH_OK,attempts=1,streak=0,firstAgeMs=-1,readyAgeMs=-1,total=0,delta=0,hist=0,lastAgeMs=4796,reset=0} D6{on=0,ready=0,sync=0,startup=MODE_SWITCH_OK,attempts=1,streak=0,firstAgeMs=-1,readyAgeMs=-1,total=0,delta=0,hist=0,lastAgeMs=4794,reset=0}
[2026-09-10T01:12:16.477Z][RENDERER/1] file:///D:/%E4%B8%8A%E4%BD%8D%E6%9C%BA%E7%95%8C%E9%9D%A2%E5%8E%9F%E5%9E%8B%E7%89%88/flame-detector-bench-desktop/dist/assets/index-A9TaTnGI.js:264 [WaveformDiag][UI] kind=delta wireAgeMs=24 payloadAgeMs=24 D1{on=0,total=0,delta=0,lastAgeMs=4789,reset=0} D2{on=0,total=0,delta=0,lastAgeMs=4829,reset=0} D3{on=1,total=4,delta=4,lastAgeMs=24,reset=0} D4{on=0,total=0,delta=0,lastAgeMs=4853,reset=0} D5{on=0,total=0,delta=0,lastAgeMs=4820,reset=0} D6{on=0,total=0,delta=0,lastAgeMs=4818,reset=0}
[2026-09-10T01:12:16.498Z][STDOUT] [DetectorDiag] D3 RX FRAME mode=custom hex=5AA50180417BE17A0180417BF17A0180417BF17A0180517BF17A9F
[2026-09-10T01:12:16.514Z][STDOUT] [DetectorDiag] D3 PARSE P1=-32767 P2=31569 P3=31473 P4=-
[2026-09-10T01:12:16.565Z][STDOUT] [DetectorDiag] D3 RX FRAME mode=custom hex=5AA50180417BF17A0180317BF17A0180317B017B0180517BE17A90
[2026-09-10T01:12:16.567Z][STDOUT] [DetectorDiag] D3 PARSE P1=-32767 P2=31569 P3=31457 P4=-
[2026-09-10T01:12:16.623Z][STDOUT] [DetectorDiag] D3 RX FRAME mode=custom hex=5AA50180417BE17A0180417BD17A0180317BF17A0180417BF17A5F
[2026-09-10T01:12:16.623Z][STDOUT] [DetectorDiag] D3 PARSE P1=-32767 P2=31553 P3=31473 P4=-
[2026-09-10T01:12:16.686Z][STDOUT] [DetectorDiag] D3 RX FRAME mode=custom hex=5AA50180417BF17A0180317BF17A0180317BD17A0180317BE17A3F
[2026-09-10T01:12:16.686Z][STDOUT] [DetectorDiag] D3 PARSE P1=-32767 P2=31537 P3=31457 P4=-
[2026-09-10T01:12:16.706Z][STDOUT] [DetectorDiag] D4 RX FRAME mode=custom hex=5AA50180A17AE17B0180B17AE17B0180A17AF17B0180C17AE17B1F
[2026-09-10T01:12:16.708Z][STDOUT] [DetectorDiag] D4 PARSE P1=-32767 P2=31425 P3=31713 P4=-
[2026-09-10T01:12:16.711Z][STDOUT] [DetectorDiag] D5 RX FRAME mode=custom hex=5AA50180317CF17B0180517C017C1180417CF17B0180417CF17BC8
[2026-09-10T01:12:16.723Z][STDOUT] [DetectorDiag] D5 PARSE P1=-32767 P2=31809 P3=31729 P4=-
[2026-09-10T01:12:16.724Z][STDOUT] [DetectorDiag] D2 RX FRAME mode=custom hex=5AA51180217D517C0180217D517C1180317D417C0180317D517CDF
[2026-09-10T01:12:16.725Z][STDOUT] [DetectorDiag] D2 PARSE P1=-32767 P2=32049 P3=31825 P4=-
[2026-09-10T01:12:16.732Z][STDOUT] [DetectorDiag] D1 RX FRAME mode=custom hex=5AA50180317C017C0180417C117C0180417C117C0180317C117CFB
[2026-09-10T01:12:16.733Z][STDOUT] [DetectorDiag] D1 PARSE P1=-32767 P2=31793 P3=31761 P4=-
[2026-09-10T01:12:16.741Z][STDOUT] [DetectorDiag] D6 RX FRAME mode=custom hex=5AA50180217E217E0180017E217E0180217E217E1180117E117ECB
[2026-09-10T01:12:16.742Z][STDOUT] [DetectorDiag] D6 PARSE P1=-32751 P2=32273 P3=32273 P4=-
[2026-09-10T01:12:16.760Z][STDOUT] [DetectorDiag] D2 RX FRAME mode=custom hex=5AA50180317D517C0180217D617C1180217D517C0180217D517CDF
[2026-09-10T01:12:16.761Z][STDOUT] [DetectorDiag] D2 PARSE P1=-32767 P2=32033 P3=31825 P4=-
[2026-09-10T01:12:16.765Z][STDOUT] [DetectorDiag] D5 RX FRAME mode=custom hex=5AA50180317C017C1180317CF17B0180317C017C0180317CF17B99
[2026-09-10T01:12:16.765Z][STDOUT] [DetectorDiag] D5 PARSE P1=-32767 P2=31793 P3=31729 P4=-
[2026-09-10T01:12:16.766Z][STDOUT] [DetectorDiag] D4 RX FRAME mode=custom hex=5AA50180B17AE17B0180A17AE17B0180D17AE17B0180A17AE17B1F
[2026-09-10T01:12:16.766Z][STDOUT] [DetectorDiag] D4 PARSE P1=-32767 P2=31393 P3=31713 P4=-
[2026-09-10T01:12:16.769Z][STDOUT] [DetectorDiag] D6 RX FRAME mode=custom hex=5AA50180217E317E0180117E117E0180217E217E0180017E217ECB
[2026-09-10T01:12:16.770Z][STDOUT] [DetectorDiag] D6 PARSE P1=-32767 P2=32257 P3=32289 P4=-
[2026-09-10T01:12:16.772Z][STDOUT] [DetectorDiag] D1 RX FRAME mode=custom hex=5AA50180417C117C0180417C117C0180517C317C0180217C117C3B
[2026-09-10T01:12:16.772Z][STDOUT] [DetectorDiag] D1 PARSE P1=-32767 P2=31777 P3=31761 P4=-
[2026-09-10T01:12:16.827Z][STDOUT] [DetectorDiag] D4 RX FRAME mode=custom hex=5AA50180B17AF17B0180B17AF17B0180B17AE17B0180B17AE17B3F
[2026-09-10T01:12:16.830Z][STDOUT] [DetectorDiag] D4 PARSE P1=-32767 P2=31409 P3=31713 P4=-
[2026-09-10T01:12:16.832Z][STDOUT] [DetectorDiag] D2 RX FRAME mode=custom hex=5AA50180217D517C0180217D517C0180217D717C1180117D517CCF
[2026-09-10T01:12:16.833Z][STDOUT] [DetectorDiag] D2 PARSE P1=-32751 P2=32017 P3=31825 P4=-
[2026-09-10T01:12:16.835Z][STDOUT] [DetectorDiag] D6 RX FRAME mode=custom hex=5AA50180117E217E0180117E217E0180217E317E1180117E217EEB
[2026-09-10T01:12:16.836Z][STDOUT] [DetectorDiag] D6 PARSE P1=-32751 P2=32273 P3=32289 P4=-
[2026-09-10T01:12:16.837Z][STDOUT] [DetectorDiag] D5 RX FRAME mode=custom hex=5AA50180517CF17B1180317C017C1180517C017C0180317CF17BE9
[2026-09-10T01:12:16.838Z][STDOUT] [DetectorDiag] D5 PARSE P1=-32767 P2=31793 P3=31729 P4=-
[2026-09-10T01:12:16.842Z][STDOUT] [DetectorDiag] D1 RX FRAME mode=custom hex=5AA50180517C117C0180417C017C0180517C117C0180317C117C2B
[2026-09-10T01:12:16.843Z][STDOUT] [DetectorDiag] D1 PARSE P1=-32767 P2=31793 P3=31761 P4=-
[2026-09-10T01:12:16.885Z][STDOUT] [DetectorDiag] D2 RX FRAME mode=custom hex=5AA50180117D517C1180217D417C0180317D617C0180217D517CBF
[2026-09-10T01:12:16.897Z][STDOUT] [DetectorDiag] D2 PARSE P1=-32767 P2=32033 P3=31825 P4=-
[2026-09-10T01:12:16.899Z][STDOUT] [DetectorDiag] D5 RX FRAME mode=custom hex=5AA50180417CF17B0180317C017C0180417C017C0180317C017CBA
[2026-09-10T01:12:16.908Z][STDOUT] [DetectorDiag] D5 PARSE P1=-32767 P2=31793 P3=31745 P4=-
[2026-09-10T01:12:16.913Z][STDOUT] [DetectorDiag] D4 RX FRAME mode=custom hex=5AA50180C17AF17B0180A17AF17B0180A17AF17B0180B17AF17B4F
[2026-09-10T01:12:16.914Z][STDOUT] [DetectorDiag] D4 PARSE P1=-32767 P2=31409 P3=31729 P4=-
[2026-09-10T01:12:16.914Z][STDOUT] [DetectorDiag] D1 RX FRAME mode=custom hex=5AA50180417C117C0180417C217C0180317C117C0180417C117C2B
[2026-09-10T01:12:16.915Z][STDOUT] [DetectorDiag] D1 PARSE P1=-32767 P2=31809 P3=31761 P4=-
[2026-09-10T01:12:16.915Z][STDOUT] [DetectorDiag] D6 RX FRAME mode=custom hex=5AA50180117E317E1180117E117E0180017E117E0180117E217EAB
[2026-09-10T01:12:16.916Z][STDOUT] [DetectorDiag] D6 PARSE P1=-32767 P2=32273 P3=32289 P4=-
[2026-09-10T01:12:16.947Z][STDOUT] [DetectorDiag] D2 RX FRAME mode=custom hex=5AA51180217D617C0180217D617C0180317D517C1180217D417CEF
[2026-09-10T01:12:16.959Z][STDOUT] [DetectorDiag] D2 PARSE P1=-32751 P2=32033 P3=31809 P4=-
[2026-09-10T01:12:16.961Z][STDOUT] [DetectorDiag] D4 RX FRAME mode=custom hex=5AA50180A17AE17B0180B17AD17B0180C17A017C0180B17AF17B40
[2026-09-10T01:12:16.970Z][STDOUT] [DetectorDiag] D4 PARSE P1=-32767 P2=31409 P3=31729 P4=-
[2026-09-10T01:12:16.972Z][STDOUT] [DetectorDiag] D5 RX FRAME mode=custom hex=5AA50180417C117C0180417C017C0180317C017C0180317C117CEB
[2026-09-10T01:12:16.972Z][STDOUT] [DetectorDiag] D5 PARSE P1=-32767 P2=31793 P3=31761 P4=-
[2026-09-10T01:12:16.973Z][STDOUT] [DetectorDiag] D6 RX FRAME mode=custom hex=5AA50180017E117E0180117E217E0180017E217E0180017E217E7B
[2026-09-10T01:12:16.974Z][STDOUT] [DetectorDiag] D6 PARSE P1=-32767 P2=32257 P3=32289 P4=-
[2026-09-10T01:12:16.979Z][STDOUT] [DetectorDiag] D1 RX FRAME mode=custom hex=5AA50180317C117C0180417C017C0180317C117C0180517C117C0B
[2026-09-10T01:12:16.979Z][STDOUT] [DetectorDiag] D1 PARSE P1=-32767 P2=31825 P3=31761 P4=-
[2026-09-10T01:12:17.466Z][STDOUT] [WaveformDiag][WS] mode=delta clients=2 resync=0 maxBuffered=0 stateAgeMs=34 D1{on=1,ready=1,sync=1,startup=TEST_READY,attempts=1,streak=13,firstAgeMs=733,readyAgeMs=486,total=52,delta=16,hist=52,lastAgeMs=0,reset=0} D2{on=1,ready=1,sync=1,startup=TEST_READY,attempts=1,streak=13,firstAgeMs=741,readyAgeMs=507,total=52,delta=16,hist=52,lastAgeMs=14,reset=0} D3{on=1,ready=1,sync=1,startup=TEST_READY,attempts=1,streak=17,firstAgeMs=1024,readyAgeMs=779,total=68,delta=12,hist=68,lastAgeMs=31,reset=0} D4{on=1,ready=1,sync=1,startup=TEST_READY,attempts=1,streak=13,firstAgeMs=757,readyAgeMs=495,total=52,delta=16,hist=52,lastAgeMs=14,reset=0} D5{on=1,ready=1,sync=1,startup=TEST_READY,attempts=1,streak=13,firstAgeMs=743,readyAgeMs=493,total=52,delta=16,hist=52,lastAgeMs=14,reset=0} D6{on=1,ready=1,sync=1,startup=TEST_READY,attempts=1,streak=13,firstAgeMs=721,readyAgeMs=492,total=52,delta=16,hist=52,lastAgeMs=9,reset=0}
[2026-09-10T01:12:17.473Z][RENDERER/1] file:///D:/%E4%B8%8A%E4%BD%8D%E6%9C%BA%E7%95%8C%E9%9D%A2%E5%8E%9F%E5%9E%8B%E7%89%88/flame-detector-bench-desktop/dist/assets/index-A9TaTnGI.js:264 [WaveformDiag][UI] kind=delta wireAgeMs=39 payloadAgeMs=39 D1{on=1,total=52,delta=16,lastAgeMs=5,reset=0} D2{on=1,total=52,delta=16,lastAgeMs=19,reset=0} D3{on=1,total=68,delta=12,lastAgeMs=36,reset=0} D4{on=1,total=52,delta=16,lastAgeMs=19,reset=0} D5{on=1,total=52,delta=16,lastAgeMs=19,reset=0} D6{on=1,total=52,delta=16,lastAgeMs=14,reset=0}
[2026-09-10T01:12:18.499Z][STDOUT] [WaveformDiag][WS] mode=delta clients=2 resync=0 maxBuffered=0 stateAgeMs=31 D1{on=1,ready=1,sync=1,startup=TEST_READY,attempts=1,streak=29,firstAgeMs=1766,readyAgeMs=1519,total=116,delta=12,hist=116,lastAgeMs=31,reset=0} D2{on=1,ready=1,sync=1,startup=TEST_READY,attempts=1,streak=29,firstAgeMs=1774,readyAgeMs=1540,total=116,delta=12,hist=116,lastAgeMs=46,reset=0} D3{on=1,ready=1,sync=1,startup=TEST_READY,attempts=1,streak=34,firstAgeMs=2057,readyAgeMs=1812,total=136,delta=16,hist=136,lastAgeMs=0,reset=0} D4{on=1,ready=1,sync=1,startup=TEST_READY,attempts=1,streak=29,firstAgeMs=1790,readyAgeMs=1528,total=116,delta=12,hist=116,lastAgeMs=47,reset=0} D5{on=1,ready=1,sync=1,startup=TEST_READY,attempts=1,streak=29,firstAgeMs=1776,readyAgeMs=1526,total=116,delta=12,hist=116,lastAgeMs=47,reset=0} D6{on=1,ready=1,sync=1,startup=TEST_READY,attempts=1,streak=29,firstAgeMs=1754,readyAgeMs=1525,total=116,delta=12,hist=116,lastAgeMs=42,reset=0}
[2026-09-10T01:12:18.503Z][RENDERER/1] file:///D:/%E4%B8%8A%E4%BD%8D%E6%9C%BA%E7%95%8C%E9%9D%A2%E5%8E%9F%E5%9E%8B%E7%89%88/flame-detector-bench-desktop/dist/assets/index-A9TaTnGI.js:264 [WaveformDiag][UI] kind=delta wireAgeMs=34 payloadAgeMs=34 D1{on=1,total=116,delta=12,lastAgeMs=34,reset=0} D2{on=1,total=116,delta=12,lastAgeMs=49,reset=0} D3{on=1,total=136,delta=16,lastAgeMs=3,reset=0} D4{on=1,total=116,delta=12,lastAgeMs=50,reset=0} D5{on=1,total=116,delta=12,lastAgeMs=50,reset=0} D6{on=1,total=116,delta=12,lastAgeMs=45,reset=0}
[2026-09-10T01:12:19.524Z][STDOUT] [WaveformDiag][WS] mode=delta clients=2 resync=0 maxBuffered=0 stateAgeMs=3 D1{on=1,ready=1,sync=1,startup=TEST_READY,attempts=1,streak=45,firstAgeMs=2790,readyAgeMs=2543,total=180,delta=12,hist=180,lastAgeMs=58,reset=0} D2{on=1,ready=1,sync=1,startup=TEST_READY,attempts=1,streak=46,firstAgeMs=2798,readyAgeMs=2564,total=184,delta=12,hist=184,lastAgeMs=13,reset=0} D3{on=1,ready=1,sync=1,startup=TEST_READY,attempts=1,streak=50,firstAgeMs=3081,readyAgeMs=2836,total=200,delta=12,hist=200,lastAgeMs=25,reset=0} D4{on=1,ready=1,sync=1,startup=TEST_READY,attempts=1,streak=46,firstAgeMs=2814,readyAgeMs=2552,total=184,delta=16,hist=184,lastAgeMs=4,reset=0} D5{on=1,ready=1,sync=1,startup=TEST_READY,attempts=1,streak=46,firstAgeMs=2800,readyAgeMs=2550,total=184,delta=16,hist=184,lastAgeMs=3,reset=0} D6{on=1,ready=1,sync=1,startup=TEST_READY,attempts=1,streak=45,firstAgeMs=2778,readyAgeMs=2549,total=180,delta=12,hist=180,lastAgeMs=66,reset=0}
[2026-09-10T01:12:19.530Z][RENDERER/1] file:///D:/%E4%B8%8A%E4%BD%8D%E6%9C%BA%E7%95%8C%E9%9D%A2%E5%8E%9F%E5%9E%8B%E7%89%88/flame-detector-bench-desktop/dist/assets/index-A9TaTnGI.js:264 [WaveformDiag][UI] kind=delta wireAgeMs=8 payloadAgeMs=8 D1{on=1,total=180,delta=12,lastAgeMs=63,reset=0} D2{on=1,total=184,delta=12,lastAgeMs=18,reset=0} D3{on=1,total=200,delta=12,lastAgeMs=30,reset=0} D4{on=1,total=184,delta=16,lastAgeMs=9,reset=0} D5{on=1,total=184,delta=16,lastAgeMs=8,reset=0} D6{on=1,total=180,delta=12,lastAgeMs=71,reset=0}
[2026-09-10T01:12:20.557Z][STDOUT] [WaveformDiag][WS] mode=delta clients=2 resync=0 maxBuffered=0 stateAgeMs=32 D1{on=1,ready=1,sync=1,startup=TEST_READY,attempts=1,streak=62,firstAgeMs=3824,readyAgeMs=3577,total=248,delta=12,hist=248,lastAgeMs=29,reset=0} D2{on=1,ready=1,sync=1,startup=TEST_READY,attempts=1,streak=62,firstAgeMs=3832,readyAgeMs=3598,total=248,delta=12,hist=248,lastAgeMs=41,reset=0} D3{on=1,ready=1,sync=1,startup=TEST_READY,attempts=1,streak=66,firstAgeMs=4115,readyAgeMs=3870,total=264,delta=12,hist=264,lastAgeMs=59,reset=0} D4{on=1,ready=1,sync=1,startup=TEST_READY,attempts=1,streak=62,firstAgeMs=3848,readyAgeMs=3586,total=248,delta=12,hist=248,lastAgeMs=42,reset=0} D5{on=1,ready=1,sync=1,startup=TEST_READY,attempts=1,streak=62,firstAgeMs=3834,readyAgeMs=3584,total=248,delta=12,hist=248,lastAgeMs=41,reset=0} D6{on=1,ready=1,sync=1,startup=TEST_READY,attempts=1,streak=62,firstAgeMs=3812,readyAgeMs=3583,total=248,delta=12,hist=248,lastAgeMs=32,reset=0}
[2026-09-10T01:12:20.568Z][RENDERER/1] file:///D:/%E4%B8%8A%E4%BD%8D%E6%9C%BA%E7%95%8C%E9%9D%A2%E5%8E%9F%E5%9E%8B%E7%89%88/flame-detector-bench-desktop/dist/assets/index-A9TaTnGI.js:264 [WaveformDiag][UI] kind=delta wireAgeMs=38 payloadAgeMs=38 D1{on=1,total=248,delta=12,lastAgeMs=35,reset=0} D2{on=1,total=248,delta=12,lastAgeMs=47,reset=0} D3{on=1,total=264,delta=12,lastAgeMs=65,reset=0} D4{on=1,total=248,delta=12,lastAgeMs=48,reset=0} D5{on=1,total=248,delta=12,lastAgeMs=47,reset=0} D6{on=1,total=248,delta=12,lastAgeMs=38,reset=0}
[2026-09-10T01:12:21.578Z][STDOUT] [WaveformDiag][WS] mode=delta clients=2 resync=0 maxBuffered=0 stateAgeMs=40 D1{on=1,ready=1,sync=1,startup=TEST_READY,attempts=1,streak=78,firstAgeMs=4844,readyAgeMs=4597,total=312,delta=12,hist=312,lastAgeMs=54,reset=0} D2{on=1,ready=1,sync=1,startup=TEST_READY,attempts=1,streak=78,firstAgeMs=4852,readyAgeMs=4618,total=312,delta=12,hist=312,lastAgeMs=65,reset=0} D3{on=1,ready=1,sync=1,startup=TEST_READY,attempts=1,streak=83,firstAgeMs=5135,readyAgeMs=4890,total=332,delta=16,hist=332,lastAgeMs=16,reset=0} D4{on=1,ready=1,sync=1,startup=TEST_READY,attempts=1,streak=79,firstAgeMs=4868,readyAgeMs=4606,total=316,delta=16,hist=316,lastAgeMs=0,reset=0} D5{on=1,ready=1,sync=1,startup=TEST_READY,attempts=1,streak=78,firstAgeMs=4854,readyAgeMs=4604,total=312,delta=12,hist=312,lastAgeMs=58,reset=0} D6{on=1,ready=1,sync=1,startup=TEST_READY,attempts=1,streak=78,firstAgeMs=4832,readyAgeMs=4603,total=312,delta=12,hist=312,lastAgeMs=53,reset=0}
[2026-09-10T01:12:21.592Z][RENDERER/1] file:///D:/%E4%B8%8A%E4%BD%8D%E6%9C%BA%E7%95%8C%E9%9D%A2%E5%8E%9F%E5%9E%8B%E7%89%88/flame-detector-bench-desktop/dist/assets/index-A9TaTnGI.js:264 [WaveformDiag][UI] kind=delta wireAgeMs=55 payloadAgeMs=55 D1{on=1,total=312,delta=12,lastAgeMs=69,reset=0} D2{on=1,total=312,delta=12,lastAgeMs=80,reset=0} D3{on=1,total=332,delta=16,lastAgeMs=31,reset=0} D4{on=1,total=316,delta=16,lastAgeMs=15,reset=0} D5{on=1,total=312,delta=12,lastAgeMs=73,reset=0} D6{on=1,total=312,delta=12,lastAgeMs=68,reset=0}
[2026-09-10T01:12:21.615Z][STDOUT] [产品预检] 已进入信号稳定后段，开始读取版本/探头/灵敏度/状态并执行继电器功能检测 batch=field-waveform-1789002704375-13
[2026-09-10T01:12:22.601Z][STDOUT] [WaveformDiag][WS] mode=delta clients=2 resync=0 maxBuffered=0 stateAgeMs=35 D1{on=1,ready=0,sync=0,startup=TEST_READY,attempts=1,streak=92,firstAgeMs=5868,readyAgeMs=5621,total=368,delta=4,hist=368,lastAgeMs=204,reset=0} D2{on=1,ready=0,sync=0,startup=TEST_READY,attempts=1,streak=92,firstAgeMs=5876,readyAgeMs=5642,total=368,delta=4,hist=368,lastAgeMs=207,reset=0} D3{on=1,ready=0,sync=0,startup=TEST_READY,attempts=1,streak=99,firstAgeMs=6159,readyAgeMs=5914,total=396,delta=16,hist=396,lastAgeMs=35,reset=0} D4{on=1,ready=0,sync=0,startup=TEST_READY,attempts=1,streak=92,firstAgeMs=5892,readyAgeMs=5630,total=368,delta=4,hist=368,lastAgeMs=211,reset=0} D5{on=1,ready=0,sync=0,startup=TEST_READY,attempts=1,streak=92,firstAgeMs=5878,readyAgeMs=5628,total=368,delta=4,hist=368,lastAgeMs=211,reset=0} D6{on=1,ready=0,sync=0,startup=TEST_READY,attempts=1,streak=92,firstAgeMs=5856,readyAgeMs=5627,total=368,delta=4,hist=368,lastAgeMs=207,reset=0}
[2026-09-10T01:12:22.607Z][RENDERER/1] file:///D:/%E4%B8%8A%E4%BD%8D%E6%9C%BA%E7%95%8C%E9%9D%A2%E5%8E%9F%E5%9E%8B%E7%89%88/flame-detector-bench-desktop/dist/assets/index-A9TaTnGI.js:264 [WaveformDiag][UI] kind=delta wireAgeMs=39 payloadAgeMs=39 D1{on=1,total=368,delta=4,lastAgeMs=208,reset=0} D2{on=1,total=368,delta=4,lastAgeMs=211,reset=0} D3{on=1,total=396,delta=16,lastAgeMs=39,reset=0} D4{on=1,total=368,delta=4,lastAgeMs=215,reset=0} D5{on=1,total=368,delta=4,lastAgeMs=215,reset=0} D6{on=1,total=368,delta=4,lastAgeMs=211,reset=0}
[2026-09-10T01:12:33.514Z][STDOUT] [WaveformDiag][WS] mode=delta clients=2 resync=0 maxBuffered=0 stateAgeMs=0 D1{on=1,ready=1,sync=1,startup=TEST_READY,attempts=1,streak=92,firstAgeMs=16780,readyAgeMs=16533,total=368,delta=0,hist=368,lastAgeMs=11116,reset=0} D2{on=1,ready=1,sync=1,startup=TEST_READY,attempts=1,streak=93,firstAgeMs=16788,readyAgeMs=16554,total=372,delta=4,hist=372,lastAgeMs=0,reset=0} D3{on=1,ready=1,sync=1,startup=TEST_READY,attempts=1,streak=109,firstAgeMs=17071,readyAgeMs=16826,total=436,delta=0,hist=436,lastAgeMs=10328,reset=0} D4{on=1,ready=1,sync=1,startup=TEST_READY,attempts=1,streak=92,firstAgeMs=16804,readyAgeMs=16542,total=368,delta=0,hist=368,lastAgeMs=11123,reset=0} D5{on=1,ready=1,sync=1,startup=TEST_READY,attempts=1,streak=92,firstAgeMs=16790,readyAgeMs=16540,total=368,delta=0,hist=368,lastAgeMs=11123,reset=0} D6{on=1,ready=1,sync=1,startup=TEST_READY,attempts=1,streak=92,firstAgeMs=16768,readyAgeMs=16539,total=368,delta=0,hist=368,lastAgeMs=11119,reset=0}
[2026-09-10T01:12:33.518Z][RENDERER/1] file:///D:/%E4%B8%8A%E4%BD%8D%E6%9C%BA%E7%95%8C%E9%9D%A2%E5%8E%9F%E5%9E%8B%E7%89%88/flame-detector-bench-desktop/dist/assets/index-A9TaTnGI.js:264 [WaveformDiag][UI] kind=delta wireAgeMs=4 payloadAgeMs=4 D1{on=1,total=368,delta=0,lastAgeMs=11120,reset=0} D2{on=1,total=372,delta=4,lastAgeMs=4,reset=0} D3{on=1,total=436,delta=0,lastAgeMs=10332,reset=0} D4{on=1,total=368,delta=0,lastAgeMs=11127,reset=0} D5{on=1,total=368,delta=0,lastAgeMs=11127,reset=0} D6{on=1,total=368,delta=0,lastAgeMs=11123,reset=0}
[2026-09-10T01:12:34.538Z][STDOUT] [WaveformDiag][WS] mode=delta clients=2 resync=0 maxBuffered=0 stateAgeMs=1 D1{on=1,ready=1,sync=1,startup=TEST_READY,attempts=1,streak=109,firstAgeMs=17805,readyAgeMs=17558,total=436,delta=16,hist=436,lastAgeMs=1,reset=0} D2{on=1,ready=1,sync=1,startup=TEST_READY,attempts=1,streak=109,firstAgeMs=17813,readyAgeMs=17579,total=436,delta=12,hist=436,lastAgeMs=25,reset=0} D3{on=1,ready=1,sync=1,startup=TEST_READY,attempts=1,streak=125,firstAgeMs=18096,readyAgeMs=17851,total=500,delta=12,hist=500,lastAgeMs=37,reset=0} D4{on=1,ready=1,sync=1,startup=TEST_READY,attempts=1,streak=108,firstAgeMs=17829,readyAgeMs=17567,total=432,delta=12,hist=432,lastAgeMs=16,reset=0} D5{on=1,ready=1,sync=1,startup=TEST_READY,attempts=1,streak=108,firstAgeMs=17815,readyAgeMs=17565,total=432,delta=12,hist=432,lastAgeMs=16,reset=0} D6{on=1,ready=1,sync=1,startup=TEST_READY,attempts=1,streak=108,firstAgeMs=17793,readyAgeMs=17564,total=432,delta=12,hist=432,lastAgeMs=79,reset=0}
[2026-09-10T01:12:34.550Z][RENDERER/1] file:///D:/%E4%B8%8A%E4%BD%8D%E6%9C%BA%E7%95%8C%E9%9D%A2%E5%8E%9F%E5%9E%8B%E7%89%88/flame-detector-bench-desktop/dist/assets/index-A9TaTnGI.js:264 [WaveformDiag][UI] kind=delta wireAgeMs=9 payloadAgeMs=9 D1{on=1,total=436,delta=16,lastAgeMs=9,reset=0} D2{on=1,total=436,delta=12,lastAgeMs=33,reset=0} D3{on=1,total=500,delta=12,lastAgeMs=45,reset=0} D4{on=1,total=432,delta=12,lastAgeMs=24,reset=0} D5{on=1,total=432,delta=12,lastAgeMs=24,reset=0} D6{on=1,total=432,delta=12,lastAgeMs=87,reset=0}
[2026-09-10T01:12:35.541Z][STDOUT] [WaveformDiag][WS] mode=delta clients=2 resync=0 maxBuffered=0 stateAgeMs=47 D1{on=1,ready=1,sync=1,startup=TEST_READY,attempts=1,streak=125,firstAgeMs=18808,readyAgeMs=18561,total=500,delta=16,hist=500,lastAgeMs=1,reset=0} D2{on=1,ready=1,sync=1,startup=TEST_READY,attempts=1,streak=125,firstAgeMs=18816,readyAgeMs=18582,total=500,delta=12,hist=500,lastAgeMs=28,reset=0} D3{on=1,ready=1,sync=1,startup=TEST_READY,attempts=1,streak=141,firstAgeMs=19099,readyAgeMs=18854,total=564,delta=12,hist=564,lastAgeMs=35,reset=0} D4{on=1,ready=1,sync=1,startup=TEST_READY,attempts=1,streak=124,firstAgeMs=18832,readyAgeMs=18570,total=496,delta=12,hist=496,lastAgeMs=19,reset=0} D5{on=1,ready=1,sync=1,startup=TEST_READY,attempts=1,streak=124,firstAgeMs=18818,readyAgeMs=18568,total=496,delta=12,hist=496,lastAgeMs=19,reset=0} D6{on=1,ready=1,sync=1,startup=TEST_READY,attempts=1,streak=125,firstAgeMs=18796,readyAgeMs=18567,total=500,delta=12,hist=500,lastAgeMs=18,reset=0}
[2026-09-10T01:12:35.550Z][RENDERER/1] file:///D:/%E4%B8%8A%E4%BD%8D%E6%9C%BA%E7%95%8C%E9%9D%A2%E5%8E%9F%E5%9E%8B%E7%89%88/flame-detector-bench-desktop/dist/assets/index-A9TaTnGI.js:264 [WaveformDiag][UI] kind=delta wireAgeMs=56 payloadAgeMs=56 D1{on=1,total=500,delta=16,lastAgeMs=10,reset=0} D2{on=1,total=500,delta=12,lastAgeMs=37,reset=0} D3{on=1,total=564,delta=12,lastAgeMs=44,reset=0} D4{on=1,total=496,delta=12,lastAgeMs=28,reset=0} D5{on=1,total=496,delta=12,lastAgeMs=28,reset=0} D6{on=1,total=500,delta=12,lastAgeMs=27,reset=0}
[2026-09-10T01:12:36.452Z][STDOUT] [噪声窗口][PLC] 开启 batch=field-waveform-1789002704375-13 at=1789002756452/2026-09-10T01:12:36.452Z
[2026-09-10T01:12:36.564Z][STDOUT] [WaveformDiag][WS] mode=delta clients=2 resync=0 maxBuffered=0 stateAgeMs=56 D1{on=1,ready=1,sync=1,startup=TEST_READY,attempts=1,streak=141,firstAgeMs=19831,readyAgeMs=19584,total=564,delta=12,hist=564,lastAgeMs=21,reset=0} D2{on=1,ready=1,sync=1,startup=TEST_READY,attempts=1,streak=141,firstAgeMs=19839,readyAgeMs=19605,total=564,delta=12,hist=564,lastAgeMs=51,reset=0} D3{on=1,ready=1,sync=1,startup=TEST_READY,attempts=1,streak=158,firstAgeMs=20122,readyAgeMs=19877,total=632,delta=16,hist=632,lastAgeMs=1,reset=0} D4{on=1,ready=1,sync=1,startup=TEST_READY,attempts=1,streak=140,firstAgeMs=19855,readyAgeMs=19593,total=560,delta=12,hist=560,lastAgeMs=43,reset=0} D5{on=1,ready=1,sync=1,startup=TEST_READY,attempts=1,streak=140,firstAgeMs=19841,readyAgeMs=19591,total=560,delta=12,hist=560,lastAgeMs=43,reset=0} D6{on=1,ready=1,sync=1,startup=TEST_READY,attempts=1,streak=141,firstAgeMs=19819,readyAgeMs=19590,total=564,delta=12,hist=564,lastAgeMs=37,reset=0}
[2026-09-10T01:12:36.567Z][RENDERER/1] file:///D:/%E4%B8%8A%E4%BD%8D%E6%9C%BA%E7%95%8C%E9%9D%A2%E5%8E%9F%E5%9E%8B%E7%89%88/flame-detector-bench-desktop/dist/assets/index-A9TaTnGI.js:264 [WaveformDiag][UI] kind=delta wireAgeMs=58 payloadAgeMs=58 D1{on=1,total=564,delta=12,lastAgeMs=23,reset=0} D2{on=1,total=564,delta=12,lastAgeMs=53,reset=0} D3{on=1,total=632,delta=16,lastAgeMs=3,reset=0} D4{on=1,total=560,delta=12,lastAgeMs=45,reset=0} D5{on=1,total=560,delta=12,lastAgeMs=45,reset=0} D6{on=1,total=564,delta=12,lastAgeMs=39,reset=0}
[2026-09-10T01:12:37.590Z][STDOUT] [WaveformDiag][WS] mode=delta clients=2 resync=0 maxBuffered=0 stateAgeMs=6 D1{on=1,ready=1,sync=1,startup=TEST_READY,attempts=1,streak=158,firstAgeMs=20857,readyAgeMs=20610,total=632,delta=16,hist=632,lastAgeMs=2,reset=0} D2{on=1,ready=1,sync=1,startup=TEST_READY,attempts=1,streak=158,firstAgeMs=20865,readyAgeMs=20631,total=632,delta=12,hist=632,lastAgeMs=14,reset=0} D3{on=1,ready=1,sync=1,startup=TEST_READY,attempts=1,streak=174,firstAgeMs=21148,readyAgeMs=20903,total=696,delta=12,hist=696,lastAgeMs=27,reset=0} D4{on=1,ready=1,sync=1,startup=TEST_READY,attempts=1,streak=157,firstAgeMs=20881,readyAgeMs=20619,total=628,delta=16,hist=628,lastAgeMs=11,reset=0} D5{on=1,ready=1,sync=1,startup=TEST_READY,attempts=1,streak=157,firstAgeMs=20867,readyAgeMs=20617,total=628,delta=16,hist=628,lastAgeMs=11,reset=0} D6{on=1,ready=1,sync=1,startup=TEST_READY,attempts=1,streak=158,firstAgeMs=20845,readyAgeMs=20616,total=632,delta=16,hist=632,lastAgeMs=0,reset=0}
[2026-09-10T01:12:37.598Z][RENDERER/1] file:///D:/%E4%B8%8A%E4%BD%8D%E6%9C%BA%E7%95%8C%E9%9D%A2%E5%8E%9F%E5%9E%8B%E7%89%88/flame-detector-bench-desktop/dist/assets/index-A9TaTnGI.js:264 [WaveformDiag][UI] kind=delta wireAgeMs=14 payloadAgeMs=14 D1{on=1,total=632,delta=16,lastAgeMs=10,reset=0} D2{on=1,total=632,delta=12,lastAgeMs=22,reset=0} D3{on=1,total=696,delta=12,lastAgeMs=35,reset=0} D4{on=1,total=628,delta=16,lastAgeMs=19,reset=0} D5{on=1,total=628,delta=16,lastAgeMs=19,reset=0} D6{on=1,total=632,delta=16,lastAgeMs=8,reset=0}
[2026-09-10T01:12:38.612Z][STDOUT] [WaveformDiag][WS] mode=delta clients=2 resync=0 maxBuffered=0 stateAgeMs=48 D1{on=1,ready=1,sync=1,startup=TEST_READY,attempts=1,streak=174,firstAgeMs=21879,readyAgeMs=21632,total=696,delta=16,hist=696,lastAgeMs=21,reset=0} D2{on=1,ready=1,sync=1,startup=TEST_READY,attempts=1,streak=174,firstAgeMs=21887,readyAgeMs=21653,total=696,delta=12,hist=696,lastAgeMs=28,reset=0} D3{on=1,ready=1,sync=1,startup=TEST_READY,attempts=1,streak=190,firstAgeMs=22170,readyAgeMs=21925,total=760,delta=12,hist=760,lastAgeMs=47,reset=0} D4{on=1,ready=1,sync=1,startup=TEST_READY,attempts=1,streak=173,firstAgeMs=21903,readyAgeMs=21641,total=692,delta=12,hist=692,lastAgeMs=28,reset=0} D5{on=1,ready=1,sync=1,startup=TEST_READY,attempts=1,streak=173,firstAgeMs=21889,readyAgeMs=21639,total=692,delta=12,hist=692,lastAgeMs=21,reset=0} D6{on=1,ready=1,sync=1,startup=TEST_READY,attempts=1,streak=174,firstAgeMs=21867,readyAgeMs=21638,total=696,delta=16,hist=696,lastAgeMs=21,reset=0}
[2026-09-10T01:12:38.623Z][RENDERER/1] file:///D:/%E4%B8%8A%E4%BD%8D%E6%9C%BA%E7%95%8C%E9%9D%A2%E5%8E%9F%E5%9E%8B%E7%89%88/flame-detector-bench-desktop/dist/assets/index-A9TaTnGI.js:264 [WaveformDiag][UI] kind=delta wireAgeMs=59 payloadAgeMs=59 D1{on=1,total=696,delta=16,lastAgeMs=32,reset=0} D2{on=1,total=696,delta=12,lastAgeMs=39,reset=0} D3{on=1,total=760,delta=12,lastAgeMs=58,reset=0} D4{on=1,total=692,delta=12,lastAgeMs=39,reset=0} D5{on=1,total=692,delta=12,lastAgeMs=32,reset=0} D6{on=1,total=696,delta=16,lastAgeMs=32,reset=0}
[2026-09-10T01:12:39.620Z][STDOUT] [WaveformDiag][WS] mode=delta clients=2 resync=0 maxBuffered=0 stateAgeMs=0 D1{on=1,ready=1,sync=1,startup=TEST_READY,attempts=1,streak=189,firstAgeMs=22887,readyAgeMs=22640,total=756,delta=8,hist=756,lastAgeMs=90,reset=0} D2{on=1,ready=1,sync=1,startup=TEST_READY,attempts=1,streak=189,firstAgeMs=22895,readyAgeMs=22661,total=756,delta=8,hist=756,lastAgeMs=106,reset=0} D3{on=1,ready=1,sync=1,startup=TEST_READY,attempts=1,streak=206,firstAgeMs=23178,readyAgeMs=22933,total=824,delta=12,hist=824,lastAgeMs=49,reset=0} D4{on=1,ready=1,sync=1,startup=TEST_READY,attempts=1,streak=188,firstAgeMs=22911,readyAgeMs=22649,total=752,delta=8,hist=752,lastAgeMs=98,reset=0} D5{on=1,ready=1,sync=1,startup=TEST_READY,attempts=1,streak=188,firstAgeMs=22897,readyAgeMs=22647,total=752,delta=8,hist=752,lastAgeMs=102,reset=0} D6{on=1,ready=1,sync=1,startup=TEST_READY,attempts=1,streak=189,firstAgeMs=22875,readyAgeMs=22646,total=756,delta=8,hist=756,lastAgeMs=92,reset=0}
[2026-09-10T01:12:39.624Z][RENDERER/1] file:///D:/%E4%B8%8A%E4%BD%8D%E6%9C%BA%E7%95%8C%E9%9D%A2%E5%8E%9F%E5%9E%8B%E7%89%88/flame-detector-bench-desktop/dist/assets/index-A9TaTnGI.js:264 [WaveformDiag][UI] kind=delta wireAgeMs=3 payloadAgeMs=3 D1{on=1,total=756,delta=8,lastAgeMs=93,reset=0} D2{on=1,total=756,delta=8,lastAgeMs=109,reset=0} D3{on=1,total=824,delta=12,lastAgeMs=52,reset=0} D4{on=1,total=752,delta=8,lastAgeMs=101,reset=0} D5{on=1,total=752,delta=8,lastAgeMs=105,reset=0} D6{on=1,total=756,delta=8,lastAgeMs=95,reset=0}
[2026-09-10T01:12:40.645Z][STDOUT] [WaveformDiag][WS] mode=delta clients=2 resync=0 maxBuffered=0 stateAgeMs=30 D1{on=1,ready=1,sync=1,startup=TEST_READY,attempts=1,streak=206,firstAgeMs=23912,readyAgeMs=23665,total=824,delta=12,hist=824,lastAgeMs=29,reset=0} D2{on=1,ready=1,sync=1,startup=TEST_READY,attempts=1,streak=206,firstAgeMs=23920,readyAgeMs=23686,total=824,delta=12,hist=824,lastAgeMs=62,reset=0} D3{on=1,ready=1,sync=1,startup=TEST_READY,attempts=1,streak=222,firstAgeMs=24203,readyAgeMs=23958,total=888,delta=8,hist=888,lastAgeMs=69,reset=0} D4{on=1,ready=1,sync=1,startup=TEST_READY,attempts=1,streak=205,firstAgeMs=23936,readyAgeMs=23674,total=820,delta=12,hist=820,lastAgeMs=62,reset=0} D5{on=1,ready=1,sync=1,startup=TEST_READY,attempts=1,streak=205,firstAgeMs=23922,readyAgeMs=23672,total=820,delta=12,hist=820,lastAgeMs=62,reset=0} D6{on=1,ready=1,sync=1,startup=TEST_READY,attempts=1,streak=206,firstAgeMs=23900,readyAgeMs=23671,total=824,delta=12,hist=824,lastAgeMs=7,reset=0}
[2026-09-10T01:12:40.650Z][RENDERER/1] file:///D:/%E4%B8%8A%E4%BD%8D%E6%9C%BA%E7%95%8C%E9%9D%A2%E5%8E%9F%E5%9E%8B%E7%89%88/flame-detector-bench-desktop/dist/assets/index-A9TaTnGI.js:264 [WaveformDiag][UI] kind=delta wireAgeMs=35 payloadAgeMs=35 D1{on=1,total=824,delta=12,lastAgeMs=34,reset=0} D2{on=1,total=824,delta=12,lastAgeMs=67,reset=0} D3{on=1,total=888,delta=8,lastAgeMs=74,reset=0} D4{on=1,total=820,delta=12,lastAgeMs=67,reset=0} D5{on=1,total=820,delta=12,lastAgeMs=67,reset=0} D6{on=1,total=824,delta=12,lastAgeMs=12,reset=0}
[2026-09-10T01:12:41.664Z][STDOUT] [WaveformDiag][WS] mode=delta clients=2 resync=0 maxBuffered=0 stateAgeMs=29 D1{on=1,ready=1,sync=1,startup=TEST_READY,attempts=1,streak=222,firstAgeMs=24931,readyAgeMs=24684,total=888,delta=12,hist=888,lastAgeMs=68,reset=0} D2{on=1,ready=1,sync=1,startup=TEST_READY,attempts=1,streak=222,firstAgeMs=24939,readyAgeMs=24705,total=888,delta=8,hist=888,lastAgeMs=75,reset=0} D3{on=1,ready=1,sync=1,startup=TEST_READY,attempts=1,streak=239,firstAgeMs=25222,readyAgeMs=24977,total=956,delta=12,hist=956,lastAgeMs=27,reset=0} D4{on=1,ready=1,sync=1,startup=TEST_READY,attempts=1,streak=221,firstAgeMs=24955,readyAgeMs=24693,total=884,delta=8,hist=884,lastAgeMs=75,reset=0} D5{on=1,ready=1,sync=1,startup=TEST_READY,attempts=1,streak=221,firstAgeMs=24941,readyAgeMs=24691,total=884,delta=8,hist=884,lastAgeMs=75,reset=0} D6{on=1,ready=1,sync=1,startup=TEST_READY,attempts=1,streak=222,firstAgeMs=24919,readyAgeMs=24690,total=888,delta=12,hist=888,lastAgeMs=67,reset=0}
[2026-09-10T01:12:41.672Z][RENDERER/1] file:///D:/%E4%B8%8A%E4%BD%8D%E6%9C%BA%E7%95%8C%E9%9D%A2%E5%8E%9F%E5%9E%8B%E7%89%88/flame-detector-bench-desktop/dist/assets/index-A9TaTnGI.js:264 [WaveformDiag][UI] kind=delta wireAgeMs=37 payloadAgeMs=37 D1{on=1,total=888,delta=12,lastAgeMs=76,reset=0} D2{on=1,total=888,delta=8,lastAgeMs=83,reset=0} D3{on=1,total=956,delta=12,lastAgeMs=35,reset=0} D4{on=1,total=884,delta=8,lastAgeMs=83,reset=0} D5{on=1,total=884,delta=8,lastAgeMs=83,reset=0} D6{on=1,total=888,delta=12,lastAgeMs=75,reset=0}
[2026-09-10T01:12:42.673Z][STDOUT] [WaveformDiag][WS] mode=delta clients=2 resync=0 maxBuffered=0 stateAgeMs=0 D1{on=1,ready=1,sync=1,startup=TEST_READY,attempts=1,streak=238,firstAgeMs=25940,readyAgeMs=25693,total=952,delta=12,hist=952,lastAgeMs=76,reset=0} D2{on=1,ready=1,sync=1,startup=TEST_READY,attempts=1,streak=239,firstAgeMs=25948,readyAgeMs=25714,total=956,delta=16,hist=956,lastAgeMs=26,reset=0} D3{on=1,ready=1,sync=1,startup=TEST_READY,attempts=1,streak=255,firstAgeMs=26231,readyAgeMs=25986,total=1020,delta=12,hist=1000,lastAgeMs=27,reset=0} D4{on=1,ready=1,sync=1,startup=TEST_READY,attempts=1,streak=238,firstAgeMs=25964,readyAgeMs=25702,total=952,delta=16,hist=952,lastAgeMs=26,reset=0} D5{on=1,ready=1,sync=1,startup=TEST_READY,attempts=1,streak=237,firstAgeMs=25950,readyAgeMs=25700,total=948,delta=12,hist=948,lastAgeMs=85,reset=0} D6{on=1,ready=1,sync=1,startup=TEST_READY,attempts=1,streak=238,firstAgeMs=25928,readyAgeMs=25699,total=952,delta=12,hist=952,lastAgeMs=77,reset=0}
[2026-09-10T01:12:42.678Z][RENDERER/1] file:///D:/%E4%B8%8A%E4%BD%8D%E6%9C%BA%E7%95%8C%E9%9D%A2%E5%8E%9F%E5%9E%8B%E7%89%88/flame-detector-bench-desktop/dist/assets/index-A9TaTnGI.js:264 [WaveformDiag][UI] kind=delta wireAgeMs=5 payloadAgeMs=5 D1{on=1,total=952,delta=12,lastAgeMs=81,reset=0} D2{on=1,total=956,delta=16,lastAgeMs=31,reset=0} D3{on=1,total=1020,delta=12,lastAgeMs=32,reset=0} D4{on=1,total=952,delta=16,lastAgeMs=31,reset=0} D5{on=1,total=948,delta=12,lastAgeMs=90,reset=0} D6{on=1,total=952,delta=12,lastAgeMs=82,reset=0}
[2026-09-10T01:12:43.704Z][STDOUT] [WaveformDiag][WS] mode=delta clients=2 resync=0 maxBuffered=0 stateAgeMs=36 D1{on=1,ready=1,sync=1,startup=TEST_READY,attempts=1,streak=255,firstAgeMs=26971,readyAgeMs=26724,total=1020,delta=12,hist=1000,lastAgeMs=48,reset=0} D2{on=1,ready=1,sync=1,startup=TEST_READY,attempts=1,streak=255,firstAgeMs=26979,readyAgeMs=26745,total=1020,delta=12,hist=1000,lastAgeMs=49,reset=0} D3{on=1,ready=1,sync=1,startup=TEST_READY,attempts=1,streak=272,firstAgeMs=27262,readyAgeMs=27017,total=1088,delta=12,hist=1000,lastAgeMs=6,reset=0} D4{on=1,ready=1,sync=1,startup=TEST_READY,attempts=1,streak=255,firstAgeMs=26995,readyAgeMs=26733,total=1020,delta=16,hist=1000,lastAgeMs=0,reset=0} D5{on=1,ready=1,sync=1,startup=TEST_READY,attempts=1,streak=254,firstAgeMs=26981,readyAgeMs=26731,total=1016,delta=12,hist=1000,lastAgeMs=48,reset=0} D6{on=1,ready=1,sync=1,startup=TEST_READY,attempts=1,streak=255,firstAgeMs=26959,readyAgeMs=26730,total=1020,delta=12,hist=1000,lastAgeMs=48,reset=0}
[2026-09-10T01:12:43.709Z][RENDERER/1] file:///D:/%E4%B8%8A%E4%BD%8D%E6%9C%BA%E7%95%8C%E9%9D%A2%E5%8E%9F%E5%9E%8B%E7%89%88/flame-detector-bench-desktop/dist/assets/index-A9TaTnGI.js:264 [WaveformDiag][UI] kind=delta wireAgeMs=38 payloadAgeMs=38 D1{on=1,total=1020,delta=12,lastAgeMs=50,reset=0} D2{on=1,total=1020,delta=12,lastAgeMs=51,reset=0} D3{on=1,total=1088,delta=12,lastAgeMs=8,reset=0} D4{on=1,total=1020,delta=16,lastAgeMs=2,reset=0} D5{on=1,total=1016,delta=12,lastAgeMs=50,reset=0} D6{on=1,total=1020,delta=12,lastAgeMs=50,reset=0}
[2026-09-10T01:12:44.724Z][STDOUT] [WaveformDiag][WS] mode=delta clients=2 resync=0 maxBuffered=0 stateAgeMs=0 D1{on=1,ready=1,sync=1,startup=TEST_READY,attempts=1,streak=271,firstAgeMs=27991,readyAgeMs=27744,total=1084,delta=12,hist=1000,lastAgeMs=55,reset=0} D2{on=1,ready=1,sync=1,startup=TEST_READY,attempts=1,streak=271,firstAgeMs=27999,readyAgeMs=27765,total=1084,delta=12,hist=1000,lastAgeMs=55,reset=0} D3{on=1,ready=1,sync=1,startup=TEST_READY,attempts=1,streak=288,firstAgeMs=28282,readyAgeMs=28037,total=1152,delta=16,hist=1000,lastAgeMs=35,reset=0} D4{on=1,ready=1,sync=1,startup=TEST_READY,attempts=1,streak=270,firstAgeMs=28015,readyAgeMs=27753,total=1080,delta=12,hist=1000,lastAgeMs=56,reset=0} D5{on=1,ready=1,sync=1,startup=TEST_READY,attempts=1,streak=270,firstAgeMs=28001,readyAgeMs=27751,total=1080,delta=12,hist=1000,lastAgeMs=56,reset=0} D6{on=1,ready=1,sync=1,startup=TEST_READY,attempts=1,streak=271,firstAgeMs=27979,readyAgeMs=27750,total=1084,delta=12,hist=1000,lastAgeMs=55,reset=0}
[2026-09-10T01:12:44.730Z][RENDERER/1] file:///D:/%E4%B8%8A%E4%BD%8D%E6%9C%BA%E7%95%8C%E9%9D%A2%E5%8E%9F%E5%9E%8B%E7%89%88/flame-detector-bench-desktop/dist/assets/index-A9TaTnGI.js:264 [WaveformDiag][UI] kind=delta wireAgeMs=5 payloadAgeMs=5 D1{on=1,total=1084,delta=12,lastAgeMs=60,reset=0} D2{on=1,total=1084,delta=12,lastAgeMs=60,reset=0} D3{on=1,total=1152,delta=16,lastAgeMs=40,reset=0} D4{on=1,total=1080,delta=12,lastAgeMs=61,reset=0} D5{on=1,total=1080,delta=12,lastAgeMs=61,reset=0} D6{on=1,total=1084,delta=12,lastAgeMs=60,reset=0}
[2026-09-10T01:12:45.757Z][STDOUT] [WaveformDiag][WS] mode=delta clients=2 resync=0 maxBuffered=0 stateAgeMs=16 D1{on=1,ready=1,sync=1,startup=TEST_READY,attempts=1,streak=288,firstAgeMs=29024,readyAgeMs=28777,total=1152,delta=12,hist=1000,lastAgeMs=16,reset=0} D2{on=1,ready=1,sync=1,startup=TEST_READY,attempts=1,streak=288,firstAgeMs=29032,readyAgeMs=28798,total=1152,delta=12,hist=1000,lastAgeMs=56,reset=0} D3{on=1,ready=1,sync=1,startup=TEST_READY,attempts=1,streak=305,firstAgeMs=29315,readyAgeMs=29070,total=1220,delta=16,hist=1000,lastAgeMs=0,reset=0} D4{on=1,ready=1,sync=1,startup=TEST_READY,attempts=1,streak=287,firstAgeMs=29048,readyAgeMs=28786,total=1148,delta=12,hist=1000,lastAgeMs=53,reset=0} D5{on=1,ready=1,sync=1,startup=TEST_READY,attempts=1,streak=287,firstAgeMs=29034,readyAgeMs=28784,total=1148,delta=12,hist=1000,lastAgeMs=52,reset=0} D6{on=1,ready=1,sync=1,startup=TEST_READY,attempts=1,streak=288,firstAgeMs=29012,readyAgeMs=28783,total=1152,delta=12,hist=1000,lastAgeMs=16,reset=0}
[2026-09-10T01:12:45.762Z][RENDERER/1] file:///D:/%E4%B8%8A%E4%BD%8D%E6%9C%BA%E7%95%8C%E9%9D%A2%E5%8E%9F%E5%9E%8B%E7%89%88/flame-detector-bench-desktop/dist/assets/index-A9TaTnGI.js:264 [WaveformDiag][UI] kind=delta wireAgeMs=19 payloadAgeMs=19 D1{on=1,total=1152,delta=12,lastAgeMs=19,reset=0} D2{on=1,total=1152,delta=12,lastAgeMs=59,reset=0} D3{on=1,total=1220,delta=16,lastAgeMs=3,reset=0} D4{on=1,total=1148,delta=12,lastAgeMs=56,reset=0} D5{on=1,total=1148,delta=12,lastAgeMs=55,reset=0} D6{on=1,total=1152,delta=12,lastAgeMs=19,reset=0}
[2026-09-10T01:12:46.474Z][STDOUT] [噪声窗口] 开始 batch=field-waveform-1789002704375-13 plcOpenAt=1789002756452/2026-09-10T01:12:36.452Z captureStartAt=1789002766474/2026-09-10T01:12:46.474Z stabilizationWaitMs=10000
[2026-09-10T01:12:46.775Z][STDOUT] [WaveformDiag][WS] mode=delta clients=2 resync=0 maxBuffered=0 stateAgeMs=55 D1{on=1,ready=1,sync=1,startup=TEST_READY,attempts=1,streak=304,firstAgeMs=30042,readyAgeMs=29795,total=1216,delta=16,hist=1000,lastAgeMs=53,reset=0} D2{on=1,ready=1,sync=1,startup=TEST_READY,attempts=1,streak=304,firstAgeMs=30050,readyAgeMs=29816,total=1216,delta=12,hist=1000,lastAgeMs=54,reset=0} D3{on=1,ready=1,sync=1,startup=TEST_READY,attempts=1,streak=320,firstAgeMs=30333,readyAgeMs=30088,total=1280,delta=12,hist=1000,lastAgeMs=55,reset=0} D4{on=1,ready=1,sync=1,startup=TEST_READY,attempts=1,streak=303,firstAgeMs=30066,readyAgeMs=29804,total=1212,delta=12,hist=1000,lastAgeMs=53,reset=0} D5{on=1,ready=1,sync=1,startup=TEST_READY,attempts=1,streak=303,firstAgeMs=30052,readyAgeMs=29802,total=1212,delta=12,hist=1000,lastAgeMs=53,reset=0} D6{on=1,ready=1,sync=1,startup=TEST_READY,attempts=1,streak=304,firstAgeMs=30030,readyAgeMs=29801,total=1216,delta=12,hist=1000,lastAgeMs=53,reset=0}
[2026-09-10T01:12:46.792Z][RENDERER/1] file:///D:/%E4%B8%8A%E4%BD%8D%E6%9C%BA%E7%95%8C%E9%9D%A2%E5%8E%9F%E5%9E%8B%E7%89%88/flame-detector-bench-desktop/dist/assets/index-A9TaTnGI.js:264 [WaveformDiag][UI] kind=delta wireAgeMs=72 payloadAgeMs=72 D1{on=1,total=1216,delta=16,lastAgeMs=70,reset=0} D2{on=1,total=1216,delta=12,lastAgeMs=71,reset=0} D3{on=1,total=1280,delta=12,lastAgeMs=72,reset=0} D4{on=1,total=1212,delta=12,lastAgeMs=70,reset=0} D5{on=1,total=1212,delta=12,lastAgeMs=70,reset=0} D6{on=1,total=1216,delta=12,lastAgeMs=70,reset=0}
[2026-09-10T01:12:47.523Z][STDOUT] [噪声窗口][每秒] at=1789002767523/2026-09-10T01:12:47.523Z D1{frames=16,reject=0,samples=64/64,ageMs=60,maxGapMs=108,ready=1,sync=1,N[P1{n=4,min=0,max=0,last=0};P2{n=4,min=-283,max=-155,last=-235};P3{n=4,min=-268,max=-140,last=-252};P4{n=0}]} D2{frames=16,reject=0,samples=64/64,ageMs=66,maxGapMs=112,ready=1,sync=1,N[P1{n=4,min=-5,max=11,last=-5};P2{n=4,min=-242,max=-98,last=-242};P3{n=4,min=-271,max=-111,last=-271};P4{n=0}]} D3{frames=16,reject=0,samples=64/64,ageMs=83,maxGapMs=130,ready=1,sync=1,N[P1{n=4,min=-1,max=-1,last=-1};P2{n=4,min=-243,max=-147,last=-211};P3{n=4,min=-274,max=-146,last=-258};P4{n=0}]} D4{frames=16,reject=0,samples=64/64,ageMs=64,maxGapMs=112,ready=1,sync=1,N[P1{n=4,min=0,max=0,last=0};P2{n=4,min=-309,max=-229,last=-229};P3{n=4,min=-253,max=-205,last=-205};P4{n=0}]} D5{frames=16,reject=0,samples=64/64,ageMs=66,maxGapMs=112,ready=1,sync=1,N[P1{n=4,min=-1,max=-1,last=-1};P2{n=4,min=-211,max=-179,last=-179};P3{n=4,min=-246,max=-198,last=-214};P4{n=0}]} D6{frames=16,reject=0,samples=64/64,ageMs=62,maxGapMs=126,ready=1,sync=1,N[P1{n=4,min=-6,max=10,last=-6};P2{n=4,min=-271,max=-223,last=-271};P3{n=4,min=-262,max=-214,last=-262};P4{n=0}]}
[2026-09-10T01:12:47.808Z][STDOUT] [WaveformDiag][WS] mode=delta clients=2 resync=0 maxBuffered=0 stateAgeMs=62 D1{on=1,ready=1,sync=1,startup=TEST_READY,attempts=1,streak=321,firstAgeMs=31075,readyAgeMs=30828,total=1284,delta=12,hist=1000,lastAgeMs=20,reset=0} D2{on=1,ready=1,sync=1,startup=TEST_READY,attempts=1,streak=321,firstAgeMs=31083,readyAgeMs=30849,total=1284,delta=12,hist=1000,lastAgeMs=21,reset=0} D3{on=1,ready=1,sync=1,startup=TEST_READY,attempts=1,streak=337,firstAgeMs=31366,readyAgeMs=31121,total=1348,delta=12,hist=1000,lastAgeMs=19,reset=0} D4{on=1,ready=1,sync=1,startup=TEST_READY,attempts=1,streak=320,firstAgeMs=31099,readyAgeMs=30837,total=1280,delta=12,hist=1000,lastAgeMs=20,reset=0} D5{on=1,ready=1,sync=1,startup=TEST_READY,attempts=1,streak=320,firstAgeMs=31085,readyAgeMs=30835,total=1280,delta=12,hist=1000,lastAgeMs=20,reset=0} D6{on=1,ready=1,sync=1,startup=TEST_READY,attempts=1,streak=321,firstAgeMs=31063,readyAgeMs=30834,total=1284,delta=12,hist=1000,lastAgeMs=20,reset=0}
[2026-09-10T01:12:47.815Z][RENDERER/1] file:///D:/%E4%B8%8A%E4%BD%8D%E6%9C%BA%E7%95%8C%E9%9D%A2%E5%8E%9F%E5%9E%8B%E7%89%88/flame-detector-bench-desktop/dist/assets/index-A9TaTnGI.js:264 [WaveformDiag][UI] kind=delta wireAgeMs=65 payloadAgeMs=65 D1{on=1,total=1284,delta=12,lastAgeMs=23,reset=0} D2{on=1,total=1284,delta=12,lastAgeMs=24,reset=0} D3{on=1,total=1348,delta=12,lastAgeMs=22,reset=0} D4{on=1,total=1280,delta=12,lastAgeMs=23,reset=0} D5{on=1,total=1280,delta=12,lastAgeMs=23,reset=0} D6{on=1,total=1284,delta=12,lastAgeMs=23,reset=0}
[2026-09-10T01:12:48.508Z][STDOUT] [噪声窗口][每秒] at=1789002768508/2026-09-10T01:12:48.508Z D1{frames=33,reject=0,samples=132/132,ageMs=44,maxGapMs=108,ready=1,sync=1,N[P1{n=4,min=0,max=0,last=0};P2{n=4,min=-204,max=-156,last=-172};P3{n=4,min=-236,max=-108,last=-108};P4{n=0}]} D2{frames=33,reject=0,samples=132/132,ageMs=57,maxGapMs=122,ready=1,sync=1,N[P1{n=4,min=-5,max=11,last=-5};P2{n=4,min=-155,max=-107,last=-155};P3{n=4,min=-166,max=-118,last=-166};P4{n=0}]} D3{frames=33,reject=0,samples=132/132,ageMs=1,maxGapMs=130,ready=1,sync=1,N[P1{n=4,min=-1,max=-1,last=-1};P2{n=4,min=-138,max=-58,last=-122};P3{n=4,min=-195,max=-99,last=-131};P4{n=0}]} D4{frames=33,reject=0,samples=132/132,ageMs=53,maxGapMs=126,ready=1,sync=1,N[P1{n=4,min=-1,max=-1,last=-1};P2{n=4,min=-215,max=-71,last=-215};P3{n=4,min=-210,max=-66,last=-210};P4{n=0}]} D5{frames=33,reject=0,samples=132/132,ageMs=52,maxGapMs=126,ready=1,sync=1,N[P1{n=4,min=-1,max=-1,last=-1};P2{n=4,min=-203,max=-107,last=-187};P3{n=4,min=-227,max=-147,last=-179};P4{n=0}]} D6{frames=33,reject=0,samples=132/132,ageMs=42,maxGapMs=126,ready=1,sync=1,N[P1{n=4,min=-5,max=-5,last=-5};P2{n=4,min=-230,max=-86,last=-134};P3{n=4,min=-221,max=-109,last=-173};P4{n=0}]}
[2026-09-10T01:12:48.859Z][STDOUT] [WaveformDiag][WS] mode=delta clients=2 resync=0 maxBuffered=0 stateAgeMs=46 D1{on=1,ready=1,sync=1,startup=TEST_READY,attempts=1,streak=338,firstAgeMs=32126,readyAgeMs=31879,total=1352,delta=16,hist=1000,lastAgeMs=21,reset=0} D2{on=1,ready=1,sync=1,startup=TEST_READY,attempts=1,streak=338,firstAgeMs=32134,readyAgeMs=31900,total=1352,delta=16,hist=1000,lastAgeMs=33,reset=0} D3{on=1,ready=1,sync=1,startup=TEST_READY,attempts=1,streak=354,firstAgeMs=32417,readyAgeMs=32172,total=1416,delta=16,hist=1000,lastAgeMs=44,reset=0} D4{on=1,ready=1,sync=1,startup=TEST_READY,attempts=1,streak=337,firstAgeMs=32150,readyAgeMs=31888,total=1348,delta=16,hist=1000,lastAgeMs=24,reset=0} D5{on=1,ready=1,sync=1,startup=TEST_READY,attempts=1,streak=337,firstAgeMs=32136,readyAgeMs=31886,total=1348,delta=16,hist=1000,lastAgeMs=28,reset=0} D6{on=1,ready=1,sync=1,startup=TEST_READY,attempts=1,streak=338,firstAgeMs=32114,readyAgeMs=31885,total=1352,delta=16,hist=1000,lastAgeMs=23,reset=0}
[2026-09-10T01:12:48.870Z][RENDERER/1] file:///D:/%E4%B8%8A%E4%BD%8D%E6%9C%BA%E7%95%8C%E9%9D%A2%E5%8E%9F%E5%9E%8B%E7%89%88/flame-detector-bench-desktop/dist/assets/index-A9TaTnGI.js:264 [WaveformDiag][UI] kind=delta wireAgeMs=51 payloadAgeMs=51 D1{on=1,total=1352,delta=16,lastAgeMs=26,reset=0} D2{on=1,total=1352,delta=16,lastAgeMs=38,reset=0} D3{on=1,total=1416,delta=16,lastAgeMs=49,reset=0} D4{on=1,total=1348,delta=16,lastAgeMs=29,reset=0} D5{on=1,total=1348,delta=16,lastAgeMs=33,reset=0} D6{on=1,total=1352,delta=16,lastAgeMs=28,reset=0}
[2026-09-10T01:12:49.503Z][STDOUT] [噪声窗口][每秒] at=1789002769502/2026-09-10T01:12:49.502Z D1{frames=49,reject=0,samples=196/196,ageMs=39,maxGapMs=138,ready=1,sync=1,N[P1{n=4,min=0,max=16,last=0};P2{n=4,min=-157,max=-109,last=-141};P3{n=4,min=-144,max=-144,last=-144};P4{n=0}]} D2{frames=49,reject=0,samples=196/196,ageMs=51,maxGapMs=139,ready=1,sync=1,N[P1{n=4,min=-5,max=11,last=11};P2{n=4,min=-130,max=-66,last=-114};P3{n=4,min=-108,max=-44,last=-92};P4{n=0}]} D3{frames=49,reject=0,samples=196/196,ageMs=60,maxGapMs=130,ready=1,sync=1,N[P1{n=4,min=-1,max=-1,last=-1};P2{n=4,min=-133,max=-69,last=-69};P3{n=4,min=-138,max=-58,last=-90};P4{n=0}]} D4{frames=49,reject=0,samples=196/196,ageMs=47,maxGapMs=136,ready=1,sync=1,N[P1{n=4,min=-1,max=-1,last=-1};P2{n=4,min=-169,max=-105,last=-153};P3{n=4,min=-164,max=-116,last=-164};P4{n=0}]} D5{frames=49,reject=0,samples=196/196,ageMs=47,maxGapMs=135,ready=1,sync=1,N[P1{n=4,min=-2,max=14,last=-2};P2{n=4,min=-147,max=-99,last=-147};P3{n=4,min=-162,max=-114,last=-146};P4{n=0}]} D6{frames=49,reject=0,samples=196/196,ageMs=41,maxGapMs=130,ready=1,sync=1,N[P1{n=4,min=-5,max=11,last=11};P2{n=4,min=-169,max=-89,last=-105};P3{n=4,min=-145,max=-97,last=-113};P4{n=0}]}
[2026-09-10T01:12:49.899Z][STDOUT] [WaveformDiag][WS] mode=delta clients=2 resync=0 maxBuffered=0 stateAgeMs=42 D1{on=1,ready=1,sync=1,startup=TEST_READY,attempts=1,streak=354,firstAgeMs=33166,readyAgeMs=32919,total=1416,delta=12,hist=1000,lastAgeMs=39,reset=0} D2{on=1,ready=1,sync=1,startup=TEST_READY,attempts=1,streak=355,firstAgeMs=33174,readyAgeMs=32940,total=1420,delta=16,hist=1000,lastAgeMs=10,reset=0} D3{on=1,ready=1,sync=1,startup=TEST_READY,attempts=1,streak=371,firstAgeMs=33457,readyAgeMs=33212,total=1484,delta=16,hist=1000,lastAgeMs=21,reset=0} D4{on=1,ready=1,sync=1,startup=TEST_READY,attempts=1,streak=354,firstAgeMs=33190,readyAgeMs=32928,total=1416,delta=16,hist=1000,lastAgeMs=7,reset=0} D5{on=1,ready=1,sync=1,startup=TEST_READY,attempts=1,streak=354,firstAgeMs=33176,readyAgeMs=32926,total=1416,delta=16,hist=1000,lastAgeMs=6,reset=0} D6{on=1,ready=1,sync=1,startup=TEST_READY,attempts=1,streak=355,firstAgeMs=33154,readyAgeMs=32925,total=1420,delta=16,hist=1000,lastAgeMs=0,reset=0}
[2026-09-10T01:12:49.911Z][RENDERER/1] file:///D:/%E4%B8%8A%E4%BD%8D%E6%9C%BA%E7%95%8C%E9%9D%A2%E5%8E%9F%E5%9E%8B%E7%89%88/flame-detector-bench-desktop/dist/assets/index-A9TaTnGI.js:264 [WaveformDiag][UI] kind=delta wireAgeMs=54 payloadAgeMs=54 D1{on=1,total=1416,delta=12,lastAgeMs=51,reset=0} D2{on=1,total=1420,delta=16,lastAgeMs=22,reset=0} D3{on=1,total=1484,delta=16,lastAgeMs=33,reset=0} D4{on=1,total=1416,delta=16,lastAgeMs=19,reset=0} D5{on=1,total=1416,delta=16,lastAgeMs=18,reset=0} D6{on=1,total=1420,delta=16,lastAgeMs=12,reset=0}
[2026-09-10T01:12:50.523Z][STDOUT] [噪声窗口][每秒] at=1789002770523/2026-09-10T01:12:50.523Z D1{frames=64,reject=0,samples=256/256,ageMs=51,maxGapMs=138,ready=1,sync=1,N[P1{n=4,min=0,max=0,last=0};P2{n=4,min=-75,max=5,last=5};P3{n=4,min=-77,max=19,last=19};P4{n=0}]} D2{frames=64,reject=0,samples=256/256,ageMs=4,maxGapMs=139,ready=1,sync=1,N[P1{n=4,min=-4,max=-4,last=-4};P2{n=4,min=-66,max=46,last=-66};P3{n=4,min=-75,max=37,last=-75};P4{n=0}]} D3{frames=64,reject=0,samples=256/256,ageMs=21,maxGapMs=130,ready=1,sync=1,N[P1{n=4,min=-1,max=15,last=-1};P2{n=4,min=-84,max=-68,last=-68};P3{n=4,min=-118,max=-70,last=-70};P4{n=0}]} D4{frames=64,reject=0,samples=256/256,ageMs=6,maxGapMs=136,ready=1,sync=1,N[P1{n=4,min=-1,max=-1,last=-1};P2{n=4,min=-149,max=-37,last=-69};P3{n=4,min=-130,max=-34,last=-66};P4{n=0}]} D5{frames=64,reject=0,samples=256/256,ageMs=5,maxGapMs=135,ready=1,sync=1,N[P1{n=4,min=-2,max=-2,last=-2};P2{n=4,min=-194,max=-50,last=-194};P3{n=4,min=-202,max=-106,last=-202};P4{n=0}]} D6{frames=64,reject=0,samples=256/256,ageMs=0,maxGapMs=130,ready=1,sync=1,N[P1{n=4,min=-5,max=11,last=11};P2{n=4,min=-166,max=-102,last=-102};P3{n=4,min=-174,max=-78,last=-78};P4{n=0}]}
[2026-09-10T01:12:50.926Z][STDOUT] [WaveformDiag][WS] mode=delta clients=2 resync=0 maxBuffered=0 stateAgeMs=53 D1{on=1,ready=1,sync=1,startup=TEST_READY,attempts=1,streak=371,firstAgeMs=34193,readyAgeMs=33946,total=1484,delta=16,hist=1000,lastAgeMs=21,reset=0} D2{on=1,ready=1,sync=1,startup=TEST_READY,attempts=1,streak=371,firstAgeMs=34201,readyAgeMs=33967,total=1484,delta=12,hist=1000,lastAgeMs=37,reset=0} D3{on=1,ready=1,sync=1,startup=TEST_READY,attempts=1,streak=387,firstAgeMs=34484,readyAgeMs=34239,total=1548,delta=12,hist=1000,lastAgeMs=44,reset=0} D4{on=1,ready=1,sync=1,startup=TEST_READY,attempts=1,streak=370,firstAgeMs=34217,readyAgeMs=33955,total=1480,delta=12,hist=1000,lastAgeMs=30,reset=0} D5{on=1,ready=1,sync=1,startup=TEST_READY,attempts=1,streak=370,firstAgeMs=34203,readyAgeMs=33953,total=1480,delta=12,hist=1000,lastAgeMs=28,reset=0} D6{on=1,ready=1,sync=1,startup=TEST_READY,attempts=1,streak=371,firstAgeMs=34181,readyAgeMs=33952,total=1484,delta=12,hist=1000,lastAgeMs=28,reset=0}
[2026-09-10T01:12:50.931Z][RENDERER/1] file:///D:/%E4%B8%8A%E4%BD%8D%E6%9C%BA%E7%95%8C%E9%9D%A2%E5%8E%9F%E5%9E%8B%E7%89%88/flame-detector-bench-desktop/dist/assets/index-A9TaTnGI.js:264 [WaveformDiag][UI] kind=delta wireAgeMs=58 payloadAgeMs=58 D1{on=1,total=1484,delta=16,lastAgeMs=26,reset=0} D2{on=1,total=1484,delta=12,lastAgeMs=42,reset=0} D3{on=1,total=1548,delta=12,lastAgeMs=49,reset=0} D4{on=1,total=1480,delta=12,lastAgeMs=35,reset=0} D5{on=1,total=1480,delta=12,lastAgeMs=33,reset=0} D6{on=1,total=1484,delta=12,lastAgeMs=33,reset=0}
[2026-09-10T01:12:51.522Z][STDOUT] [噪声窗口][每秒] at=1789002771522/2026-09-10T01:12:51.522Z D1{frames=79,reject=0,samples=316/316,ageMs=48,maxGapMs=138,ready=1,sync=1,N[P1{n=4,min=0,max=0,last=0};P2{n=4,min=-174,max=18,last=18};P3{n=4,min=-146,max=30,last=30};P4{n=0}]} D2{frames=79,reject=0,samples=316/316,ageMs=8,maxGapMs=139,ready=1,sync=1,N[P1{n=4,min=-4,max=-4,last=-4};P2{n=4,min=-122,max=22,last=-90};P3{n=4,min=-144,max=0,last=-80};P4{n=0}]} D3{frames=79,reject=0,samples=316/316,ageMs=15,maxGapMs=130,ready=1,sync=1,N[P1{n=4,min=-1,max=15,last=15};P2{n=4,min=-173,max=-29,last=-29};P3{n=4,min=-173,max=-13,last=-13};P4{n=0}]} D4{frames=79,reject=0,samples=316/316,ageMs=0,maxGapMs=136,ready=1,sync=1,N[P1{n=4,min=-1,max=-1,last=-1};P2{n=4,min=-108,max=-28,last=-28};P3{n=4,min=-90,max=22,last=22};P4{n=0}]} D5{frames=79,reject=0,samples=316/316,ageMs=4,maxGapMs=135,ready=1,sync=1,N[P1{n=4,min=-2,max=-2,last=-2};P2{n=4,min=-43,max=53,last=-27};P3{n=4,min=-80,max=48,last=-48};P4{n=0}]} D6{frames=79,reject=0,samples=316/316,ageMs=48,maxGapMs=130,ready=1,sync=1,N[P1{n=4,min=-5,max=11,last=-5};P2{n=4,min=-112,max=-48,last=-48};P3{n=4,min=-103,max=-55,last=-55};P4{n=0}]}
[2026-09-10T01:12:51.948Z][STDOUT] [WaveformDiag][WS] mode=delta clients=2 resync=0 maxBuffered=0 stateAgeMs=3 D1{on=1,ready=1,sync=1,startup=TEST_READY,attempts=1,streak=387,firstAgeMs=35215,readyAgeMs=34968,total=1548,delta=12,hist=1000,lastAgeMs=47,reset=0} D2{on=1,ready=1,sync=1,startup=TEST_READY,attempts=1,streak=387,firstAgeMs=35223,readyAgeMs=34989,total=1548,delta=12,hist=1000,lastAgeMs=55,reset=0} D3{on=1,ready=1,sync=1,startup=TEST_READY,attempts=1,streak=404,firstAgeMs=35506,readyAgeMs=35261,total=1616,delta=16,hist=1000,lastAgeMs=8,reset=0} D4{on=1,ready=1,sync=1,startup=TEST_READY,attempts=1,streak=386,firstAgeMs=35239,readyAgeMs=34977,total=1544,delta=12,hist=1000,lastAgeMs=55,reset=0} D5{on=1,ready=1,sync=1,startup=TEST_READY,attempts=1,streak=386,firstAgeMs=35225,readyAgeMs=34975,total=1544,delta=12,hist=1000,lastAgeMs=54,reset=0} D6{on=1,ready=1,sync=1,startup=TEST_READY,attempts=1,streak=387,firstAgeMs=35203,readyAgeMs=34974,total=1548,delta=12,hist=1000,lastAgeMs=49,reset=0}
[2026-09-10T01:12:51.962Z][RENDERER/1] file:///D:/%E4%B8%8A%E4%BD%8D%E6%9C%BA%E7%95%8C%E9%9D%A2%E5%8E%9F%E5%9E%8B%E7%89%88/flame-detector-bench-desktop/dist/assets/index-A9TaTnGI.js:264 [WaveformDiag][UI] kind=delta wireAgeMs=7 payloadAgeMs=7 D1{on=1,total=1548,delta=12,lastAgeMs=51,reset=0} D2{on=1,total=1548,delta=12,lastAgeMs=59,reset=0} D3{on=1,total=1616,delta=16,lastAgeMs=12,reset=0} D4{on=1,total=1544,delta=12,lastAgeMs=59,reset=0} D5{on=1,total=1544,delta=12,lastAgeMs=58,reset=0} D6{on=1,total=1548,delta=12,lastAgeMs=53,reset=0}
[2026-09-10T01:12:52.522Z][STDOUT] [噪声窗口][每秒] at=1789002772522/2026-09-10T01:12:52.522Z D1{frames=95,reject=0,samples=380/380,ageMs=49,maxGapMs=138,ready=1,sync=1,N[P1{n=4,min=0,max=0,last=0};P2{n=4,min=-74,max=6,last=-74};P3{n=4,min=-78,max=18,last=-78};P4{n=0}]} D2{frames=95,reject=0,samples=380/380,ageMs=50,maxGapMs=139,ready=1,sync=1,N[P1{n=4,min=-4,max=12,last=12};P2{n=4,min=-42,max=38,last=-10};P3{n=4,min=-48,max=48,last=-16};P4{n=0}]} D3{frames=95,reject=0,samples=380/380,ageMs=50,maxGapMs=150,ready=1,sync=1,N[P1{n=4,min=-1,max=-1,last=-1};P2{n=4,min=-61,max=-29,last=-61};P3{n=4,min=-75,max=-27,last=-75};P4{n=0}]} D4{frames=95,reject=0,samples=380/380,ageMs=50,maxGapMs=136,ready=1,sync=1,N[P1{n=4,min=-1,max=-1,last=-1};P2{n=4,min=-89,max=7,last=-89};P3{n=4,min=-87,max=25,last=-87};P4{n=0}]} D5{frames=95,reject=0,samples=380/380,ageMs=50,maxGapMs=135,ready=1,sync=1,N[P1{n=4,min=-2,max=14,last=14};P2{n=4,min=-89,max=-41,last=-57};P3{n=4,min=-122,max=-10,last=-90};P4{n=0}]} D6{frames=95,reject=0,samples=380/380,ageMs=49,maxGapMs=130,ready=1,sync=1,N[P1{n=4,min=-5,max=11,last=-5};P2{n=4,min=-94,max=-30,last=-30};P3{n=4,min=-101,max=-5,last=-21};P4{n=0}]}
[2026-09-10T01:12:52.972Z][STDOUT] [WaveformDiag][WS] mode=delta clients=2 resync=0 maxBuffered=0 stateAgeMs=39 D1{on=1,ready=1,sync=1,startup=TEST_READY,attempts=1,streak=404,firstAgeMs=36239,readyAgeMs=35992,total=1616,delta=16,hist=1000,lastAgeMs=4,reset=0} D2{on=1,ready=1,sync=1,startup=TEST_READY,attempts=1,streak=404,firstAgeMs=36247,readyAgeMs=36013,total=1616,delta=16,hist=1000,lastAgeMs=20,reset=0} D3{on=1,ready=1,sync=1,startup=TEST_READY,attempts=1,streak=420,firstAgeMs=36530,readyAgeMs=36285,total=1680,delta=12,hist=1000,lastAgeMs=31,reset=0} D4{on=1,ready=1,sync=1,startup=TEST_READY,attempts=1,streak=403,firstAgeMs=36263,readyAgeMs=36001,total=1612,delta=16,hist=1000,lastAgeMs=17,reset=0} D5{on=1,ready=1,sync=1,startup=TEST_READY,attempts=1,streak=403,firstAgeMs=36249,readyAgeMs=35999,total=1612,delta=16,hist=1000,lastAgeMs=16,reset=0} D6{on=1,ready=1,sync=1,startup=TEST_READY,attempts=1,streak=404,firstAgeMs=36227,readyAgeMs=35998,total=1616,delta=16,hist=1000,lastAgeMs=11,reset=0}
[2026-09-10T01:12:52.981Z][RENDERER/1] file:///D:/%E4%B8%8A%E4%BD%8D%E6%9C%BA%E7%95%8C%E9%9D%A2%E5%8E%9F%E5%9E%8B%E7%89%88/flame-detector-bench-desktop/dist/assets/index-A9TaTnGI.js:264 [WaveformDiag][UI] kind=delta wireAgeMs=42 payloadAgeMs=42 D1{on=1,total=1616,delta=16,lastAgeMs=7,reset=0} D2{on=1,total=1616,delta=16,lastAgeMs=23,reset=0} D3{on=1,total=1680,delta=12,lastAgeMs=34,reset=0} D4{on=1,total=1612,delta=16,lastAgeMs=20,reset=0} D5{on=1,total=1612,delta=16,lastAgeMs=19,reset=0} D6{on=1,total=1616,delta=16,lastAgeMs=14,reset=0}
[2026-09-10T01:12:53.499Z][STDOUT] [噪声窗口][每秒] at=1789002773499/2026-09-10T01:12:53.499Z D1{frames=110,reject=0,samples=440/440,ageMs=98,maxGapMs=138,ready=1,sync=1,N[P1{n=4,min=0,max=0,last=0};P2{n=4,min=-93,max=51,last=-93};P3{n=4,min=-97,max=31,last=-97};P4{n=0}]} D2{frames=110,reject=0,samples=440/440,ageMs=110,maxGapMs=139,ready=1,sync=1,N[P1{n=4,min=-5,max=-5,last=-5};P2{n=4,min=-107,max=-75,last=-107};P3{n=4,min=-112,max=-48,last=-80};P4{n=0}]} D3{frames=110,reject=0,samples=440/440,ageMs=59,maxGapMs=154,ready=1,sync=1,N[P1{n=4,min=-1,max=-1,last=-1};P2{n=4,min=-109,max=19,last=3};P3{n=4,min=-123,max=53,last=5};P4{n=0}]} D4{frames=110,reject=0,samples=440/440,ageMs=107,maxGapMs=147,ready=1,sync=1,N[P1{n=4,min=-1,max=15,last=-1};P2{n=4,min=-75,max=-11,last=-11};P3{n=4,min=-90,max=22,last=22};P4{n=0}]} D5{frames=110,reject=0,samples=440/440,ageMs=101,maxGapMs=137,ready=1,sync=1,N[P1{n=4,min=-2,max=14,last=-2};P2{n=4,min=-60,max=20,last=20};P3{n=4,min=-60,max=20,last=20};P4{n=0}]} D6{frames=110,reject=0,samples=440/440,ageMs=96,maxGapMs=130,ready=1,sync=1,N[P1{n=4,min=-5,max=-5,last=-5};P2{n=4,min=-64,max=16,last=16};P3{n=4,min=-71,max=9,last=9};P4{n=0}]}
[2026-09-10T01:12:54.008Z][STDOUT] [WaveformDiag][WS] mode=delta clients=2 resync=0 maxBuffered=0 stateAgeMs=50 D1{on=1,ready=1,sync=1,startup=TEST_READY,attempts=1,streak=420,firstAgeMs=37275,readyAgeMs=37028,total=1680,delta=16,hist=1000,lastAgeMs=44,reset=0} D2{on=1,ready=1,sync=1,startup=TEST_READY,attempts=1,streak=420,firstAgeMs=37283,readyAgeMs=37049,total=1680,delta=12,hist=1000,lastAgeMs=47,reset=0} D3{on=1,ready=1,sync=1,startup=TEST_READY,attempts=1,streak=437,firstAgeMs=37566,readyAgeMs=37321,total=1748,delta=16,hist=1000,lastAgeMs=0,reset=0} D4{on=1,ready=1,sync=1,startup=TEST_READY,attempts=1,streak=419,firstAgeMs=37299,readyAgeMs=37037,total=1676,delta=16,hist=1000,lastAgeMs=48,reset=0} D5{on=1,ready=1,sync=1,startup=TEST_READY,attempts=1,streak=419,firstAgeMs=37285,readyAgeMs=37035,total=1676,delta=16,hist=1000,lastAgeMs=47,reset=0} D6{on=1,ready=1,sync=1,startup=TEST_READY,attempts=1,streak=420,firstAgeMs=37263,readyAgeMs=37034,total=1680,delta=16,hist=1000,lastAgeMs=42,reset=0}
[2026-09-10T01:12:54.016Z][RENDERER/1] file:///D:/%E4%B8%8A%E4%BD%8D%E6%9C%BA%E7%95%8C%E9%9D%A2%E5%8E%9F%E5%9E%8B%E7%89%88/flame-detector-bench-desktop/dist/assets/index-A9TaTnGI.js:264 [WaveformDiag][UI] kind=delta wireAgeMs=56 payloadAgeMs=56 D1{on=1,total=1680,delta=16,lastAgeMs=50,reset=0} D2{on=1,total=1680,delta=12,lastAgeMs=53,reset=0} D3{on=1,total=1748,delta=16,lastAgeMs=6,reset=0} D4{on=1,total=1676,delta=16,lastAgeMs=54,reset=0} D5{on=1,total=1676,delta=16,lastAgeMs=53,reset=0} D6{on=1,total=1680,delta=16,lastAgeMs=48,reset=0}
[2026-09-10T01:12:54.513Z][STDOUT] [噪声窗口][每秒] at=1789002774513/2026-09-10T01:12:54.513Z D1{frames=125,reject=0,samples=500/500,ageMs=112,maxGapMs=138,ready=1,sync=1,N[P1{n=4,min=0,max=0,last=0};P2{n=4,min=-63,max=-15,last=-63};P3{n=4,min=-51,max=29,last=-51};P4{n=0}]} D2{frames=125,reject=0,samples=500/500,ageMs=57,maxGapMs=139,ready=1,sync=1,N[P1{n=4,min=-4,max=12,last=-4};P2{n=4,min=-113,max=15,last=-113};P3{n=4,min=-84,max=12,last=-84};P4{n=0}]} D3{frames=125,reject=0,samples=500/500,ageMs=72,maxGapMs=154,ready=1,sync=1,N[P1{n=4,min=-1,max=-1,last=-1};P2{n=4,min=-19,max=45,last=-3};P3{n=4,min=-15,max=17,last=17};P4{n=0}]} D4{frames=125,reject=0,samples=500/500,ageMs=13,maxGapMs=147,ready=1,sync=1,N[P1{n=4,min=-1,max=-1,last=-1};P2{n=4,min=-111,max=49,last=-111};P3{n=4,min=-63,max=33,last=-63};P4{n=0}]} D5{frames=125,reject=0,samples=500/500,ageMs=120,maxGapMs=137,ready=1,sync=1,N[P1{n=4,min=-2,max=-2,last=-2};P2{n=4,min=-17,max=31,last=31};P3{n=4,min=-31,max=49,last=49};P4{n=0}]} D6{frames=125,reject=0,samples=500/500,ageMs=114,maxGapMs=130,ready=1,sync=1,N[P1{n=4,min=-5,max=-5,last=-5};P2{n=4,min=-147,max=-35,last=-147};P3{n=4,min=-138,max=-42,last=-122};P4{n=0}]}
[2026-09-10T01:12:55.023Z][STDOUT] [WaveformDiag][WS] mode=delta clients=2 resync=0 maxBuffered=0 stateAgeMs=7 D1{on=1,ready=1,sync=1,startup=TEST_READY,attempts=1,streak=436,firstAgeMs=38290,readyAgeMs=38043,total=1744,delta=12,hist=1000,lastAgeMs=19,reset=0} D2{on=1,ready=1,sync=1,startup=TEST_READY,attempts=1,streak=437,firstAgeMs=38298,readyAgeMs=38064,total=1748,delta=16,hist=1000,lastAgeMs=3,reset=0} D3{on=1,ready=1,sync=1,startup=TEST_READY,attempts=1,streak=453,firstAgeMs=38581,readyAgeMs=38336,total=1812,delta=16,hist=1000,lastAgeMs=5,reset=0} D4{on=1,ready=1,sync=1,startup=TEST_READY,attempts=1,streak=436,firstAgeMs=38314,readyAgeMs=38052,total=1744,delta=16,hist=1000,lastAgeMs=1,reset=0} D5{on=1,ready=1,sync=1,startup=TEST_READY,attempts=1,streak=436,firstAgeMs=38300,readyAgeMs=38050,total=1744,delta=16,hist=1000,lastAgeMs=0,reset=0} D6{on=1,ready=1,sync=1,startup=TEST_READY,attempts=1,streak=436,firstAgeMs=38278,readyAgeMs=38049,total=1744,delta=12,hist=1000,lastAgeMs=57,reset=0}
[2026-09-10T01:12:55.027Z][RENDERER/1] file:///D:/%E4%B8%8A%E4%BD%8D%E6%9C%BA%E7%95%8C%E9%9D%A2%E5%8E%9F%E5%9E%8B%E7%89%88/flame-detector-bench-desktop/dist/assets/index-A9TaTnGI.js:264 [WaveformDiag][UI] kind=delta wireAgeMs=10 payloadAgeMs=10 D1{on=1,total=1744,delta=12,lastAgeMs=22,reset=0} D2{on=1,total=1748,delta=16,lastAgeMs=6,reset=0} D3{on=1,total=1812,delta=16,lastAgeMs=8,reset=0} D4{on=1,total=1744,delta=16,lastAgeMs=4,reset=0} D5{on=1,total=1744,delta=16,lastAgeMs=3,reset=0} D6{on=1,total=1744,delta=12,lastAgeMs=60,reset=0}
[2026-09-10T01:12:55.489Z][STDOUT] [噪声窗口][每秒] at=1789002775488/2026-09-10T01:12:55.488Z D1{frames=140,reject=0,samples=560/560,ageMs=24,maxGapMs=138,ready=1,sync=1,N[P1{n=4,min=0,max=0,last=0};P2{n=4,min=-86,max=-22,last=-86};P3{n=4,min=-89,max=23,last=-89};P4{n=0}]} D2{frames=140,reject=0,samples=560/560,ageMs=32,maxGapMs=139,ready=1,sync=1,N[P1{n=4,min=-4,max=12,last=-4};P2{n=4,min=-57,max=55,last=55};P3{n=4,min=-45,max=51,last=51};P4{n=0}]} D3{frames=140,reject=0,samples=560/560,ageMs=43,maxGapMs=154,ready=1,sync=1,N[P1{n=4,min=-1,max=-1,last=-1};P2{n=4,min=-88,max=-24,last=-88};P3{n=4,min=-83,max=-19,last=-83};P4{n=0}]} D4{frames=140,reject=0,samples=560/560,ageMs=29,maxGapMs=147,ready=1,sync=1,N[P1{n=4,min=-1,max=-1,last=-1};P2{n=4,min=-53,max=27,last=-53};P3{n=4,min=-53,max=11,last=-53};P4{n=0}]} D5{frames=140,reject=0,samples=560/560,ageMs=32,maxGapMs=137,ready=1,sync=1,N[P1{n=4,min=-1,max=-1,last=-1};P2{n=4,min=-56,max=-8,last=-8};P3{n=4,min=-67,max=29,last=29};P4{n=0}]} D6{frames=140,reject=0,samples=560/560,ageMs=27,maxGapMs=130,ready=1,sync=1,N[P1{n=4,min=-5,max=11,last=-5};P2{n=4,min=-57,max=-25,last=-41};P3{n=4,min=-49,max=-33,last=-33};P4{n=0}]}
[2026-09-10T01:12:56.077Z][STDOUT] [WaveformDiag][WS] mode=delta clients=2 resync=0 maxBuffered=0 stateAgeMs=34 D1{on=1,ready=1,sync=1,startup=TEST_READY,attempts=1,streak=453,firstAgeMs=39344,readyAgeMs=39097,total=1812,delta=12,hist=1000,lastAgeMs=29,reset=0} D2{on=1,ready=1,sync=1,startup=TEST_READY,attempts=1,streak=454,firstAgeMs=39352,readyAgeMs=39118,total=1816,delta=16,hist=1000,lastAgeMs=0,reset=0} D3{on=1,ready=1,sync=1,startup=TEST_READY,attempts=1,streak=470,firstAgeMs=39635,readyAgeMs=39390,total=1880,delta=16,hist=1000,lastAgeMs=10,reset=0} D4{on=1,ready=1,sync=1,startup=TEST_READY,attempts=1,streak=452,firstAgeMs=39368,readyAgeMs=39106,total=1808,delta=12,hist=1000,lastAgeMs=29,reset=0} D5{on=1,ready=1,sync=1,startup=TEST_READY,attempts=1,streak=452,firstAgeMs=39354,readyAgeMs=39104,total=1808,delta=12,hist=1000,lastAgeMs=29,reset=0} D6{on=1,ready=1,sync=1,startup=TEST_READY,attempts=1,streak=453,firstAgeMs=39332,readyAgeMs=39103,total=1812,delta=12,hist=1000,lastAgeMs=29,reset=0}
[2026-09-10T01:12:56.087Z][RENDERER/1] file:///D:/%E4%B8%8A%E4%BD%8D%E6%9C%BA%E7%95%8C%E9%9D%A2%E5%8E%9F%E5%9E%8B%E7%89%88/flame-detector-bench-desktop/dist/assets/index-A9TaTnGI.js:264 [WaveformDiag][UI] kind=delta wireAgeMs=38 payloadAgeMs=38 D1{on=1,total=1812,delta=12,lastAgeMs=33,reset=0} D2{on=1,total=1816,delta=16,lastAgeMs=4,reset=0} D3{on=1,total=1880,delta=16,lastAgeMs=14,reset=0} D4{on=1,total=1808,delta=12,lastAgeMs=33,reset=0} D5{on=1,total=1808,delta=12,lastAgeMs=33,reset=0} D6{on=1,total=1812,delta=12,lastAgeMs=33,reset=0}
[2026-09-10T01:12:56.513Z][STDOUT] [噪声窗口][每秒] at=1789002776513/2026-09-10T01:12:56.513Z D1{frames=155,reject=0,samples=620/620,ageMs=44,maxGapMs=138,ready=1,sync=1,N[P1{n=4,min=0,max=0,last=0};P2{n=4,min=-62,max=-30,last=-62};P3{n=4,min=-49,max=-1,last=-49};P4{n=0}]} D2{frames=155,reject=0,samples=620/620,ageMs=53,maxGapMs=139,ready=1,sync=1,N[P1{n=4,min=-4,max=12,last=-4};P2{n=4,min=-52,max=124,last=44};P3{n=4,min=-70,max=106,last=26};P4{n=0}]} D3{frames=155,reject=0,samples=620/620,ageMs=10,maxGapMs=154,ready=1,sync=1,N[P1{n=4,min=-1,max=-1,last=-1};P2{n=4,min=-49,max=31,last=-49};P3{n=4,min=-76,max=4,last=-76};P4{n=0}]} D4{frames=155,reject=0,samples=620/620,ageMs=52,maxGapMs=162,ready=1,sync=1,N[P1{n=4,min=-1,max=-1,last=-1};P2{n=4,min=-76,max=-28,last=-28};P3{n=4,min=-92,max=-28,last=-28};P4{n=0}]} D5{frames=155,reject=0,samples=620/620,ageMs=52,maxGapMs=137,ready=1,sync=1,N[P1{n=4,min=-1,max=15,last=-1};P2{n=4,min=-32,max=32,last=0};P3{n=4,min=-59,max=21,last=-43};P4{n=0}]} D6{frames=155,reject=0,samples=620/620,ageMs=46,maxGapMs=130,ready=1,sync=1,N[P1{n=4,min=-5,max=11,last=11};P2{n=4,min=-82,max=-18,last=-82};P3{n=4,min=-90,max=-26,last=-74};P4{n=0}]}
[2026-09-10T01:12:57.101Z][STDOUT] [WaveformDiag][WS] mode=delta clients=2 resync=0 maxBuffered=0 stateAgeMs=5 D1{on=1,ready=1,sync=1,startup=TEST_READY,attempts=1,streak=470,firstAgeMs=40368,readyAgeMs=40121,total=1880,delta=20,hist=1000,lastAgeMs=0,reset=0} D2{on=1,ready=1,sync=1,startup=TEST_READY,attempts=1,streak=470,firstAgeMs=40376,readyAgeMs=40142,total=1880,delta=20,hist=1000,lastAgeMs=1,reset=0} D3{on=1,ready=1,sync=1,startup=TEST_READY,attempts=1,streak=486,firstAgeMs=40659,readyAgeMs=40414,total=1944,delta=12,hist=1000,lastAgeMs=19,reset=0} D4{on=1,ready=1,sync=1,startup=TEST_READY,attempts=1,streak=469,firstAgeMs=40392,readyAgeMs=40130,total=1876,delta=20,hist=1000,lastAgeMs=1,reset=0} D5{on=1,ready=1,sync=1,startup=TEST_READY,attempts=1,streak=469,firstAgeMs=40378,readyAgeMs=40128,total=1876,delta=20,hist=1000,lastAgeMs=0,reset=0} D6{on=1,ready=1,sync=1,startup=TEST_READY,attempts=1,streak=470,firstAgeMs=40356,readyAgeMs=40127,total=1880,delta=20,hist=1000,lastAgeMs=0,reset=0}
[2026-09-10T01:12:57.115Z][RENDERER/1] file:///D:/%E4%B8%8A%E4%BD%8D%E6%9C%BA%E7%95%8C%E9%9D%A2%E5%8E%9F%E5%9E%8B%E7%89%88/flame-detector-bench-desktop/dist/assets/index-A9TaTnGI.js:264 [WaveformDiag][UI] kind=delta wireAgeMs=19 payloadAgeMs=19 D1{on=1,total=1880,delta=20,lastAgeMs=14,reset=0} D2{on=1,total=1880,delta=20,lastAgeMs=15,reset=0} D3{on=1,total=1944,delta=12,lastAgeMs=33,reset=0} D4{on=1,total=1876,delta=20,lastAgeMs=15,reset=0} D5{on=1,total=1876,delta=20,lastAgeMs=14,reset=0} D6{on=1,total=1880,delta=20,lastAgeMs=14,reset=0}
[2026-09-10T01:12:57.506Z][STDOUT] [噪声窗口][每秒] at=1789002777506/2026-09-10T01:12:57.506Z D1{frames=169,reject=0,samples=676/676,ageMs=82,maxGapMs=138,ready=1,sync=1,N[P1{n=4,min=0,max=0,last=0};P2{n=4,min=-70,max=-6,last=-22};P3{n=4,min=-43,max=37,last=-43};P4{n=0}]} D2{frames=169,reject=0,samples=676/676,ageMs=83,maxGapMs=139,ready=1,sync=1,N[P1{n=4,min=-4,max=12,last=-4};P2{n=4,min=-94,max=-14,last=-14};P3{n=4,min=-112,max=16,last=16};P4{n=0}]} D3{frames=169,reject=0,samples=676/676,ageMs=65,maxGapMs=185,ready=1,sync=1,N[P1{n=4,min=-1,max=-1,last=-1};P2{n=4,min=4,max=52,last=4};P3{n=4,min=-5,max=43,last=11};P4{n=0}]} D4{frames=169,reject=0,samples=676/676,ageMs=86,maxGapMs=162,ready=1,sync=1,N[P1{n=4,min=-1,max=-1,last=-1};P2{n=4,min=-55,max=-23,last=-55};P3{n=4,min=-56,max=8,last=-56};P4{n=0}]} D5{frames=169,reject=0,samples=676/676,ageMs=83,maxGapMs=137,ready=1,sync=1,N[P1{n=4,min=-2,max=-2,last=-2};P2{n=4,min=-74,max=-10,last=-26};P3{n=4,min=-69,max=27,last=-5};P4{n=0}]} D6{frames=169,reject=0,samples=676/676,ageMs=83,maxGapMs=158,ready=1,sync=1,N[P1{n=4,min=-5,max=11,last=-5};P2{n=4,min=-93,max=99,last=-13};P3{n=4,min=-69,max=75,last=-5};P4{n=0}]}
[2026-09-10T01:12:58.126Z][STDOUT] [WaveformDiag][WS] mode=delta clients=2 resync=0 maxBuffered=0 stateAgeMs=5 D1{on=1,ready=1,sync=1,startup=TEST_READY,attempts=1,streak=486,firstAgeMs=41393,readyAgeMs=41146,total=1944,delta=12,hist=1000,lastAgeMs=0,reset=0} D2{on=1,ready=1,sync=1,startup=TEST_READY,attempts=1,streak=486,firstAgeMs=41401,readyAgeMs=41167,total=1944,delta=12,hist=1000,lastAgeMs=0,reset=0} D3{on=1,ready=1,sync=1,startup=TEST_READY,attempts=1,streak=502,firstAgeMs=41684,readyAgeMs=41439,total=2008,delta=12,hist=1000,lastAgeMs=60,reset=0} D4{on=1,ready=1,sync=1,startup=TEST_READY,attempts=1,streak=485,firstAgeMs=41417,readyAgeMs=41155,total=1940,delta=12,hist=1000,lastAgeMs=1,reset=0} D5{on=1,ready=1,sync=1,startup=TEST_READY,attempts=1,streak=485,firstAgeMs=41403,readyAgeMs=41153,total=1940,delta=12,hist=1000,lastAgeMs=1,reset=0} D6{on=1,ready=1,sync=1,startup=TEST_READY,attempts=1,streak=486,firstAgeMs=41381,readyAgeMs=41152,total=1944,delta=12,hist=1000,lastAgeMs=0,reset=0}
[2026-09-10T01:12:58.133Z][RENDERER/1] file:///D:/%E4%B8%8A%E4%BD%8D%E6%9C%BA%E7%95%8C%E9%9D%A2%E5%8E%9F%E5%9E%8B%E7%89%88/flame-detector-bench-desktop/dist/assets/index-A9TaTnGI.js:264 [WaveformDiag][UI] kind=delta wireAgeMs=12 payloadAgeMs=12 D1{on=1,total=1944,delta=12,lastAgeMs=7,reset=0} D2{on=1,total=1944,delta=12,lastAgeMs=7,reset=0} D3{on=1,total=2008,delta=12,lastAgeMs=67,reset=0} D4{on=1,total=1940,delta=12,lastAgeMs=8,reset=0} D5{on=1,total=1940,delta=12,lastAgeMs=8,reset=0} D6{on=1,total=1944,delta=12,lastAgeMs=7,reset=0}
[2026-09-10T01:12:58.533Z][STDOUT] [噪声窗口][每秒] at=1789002778533/2026-09-10T01:12:58.533Z D1{frames=184,reject=0,samples=736/736,ageMs=68,maxGapMs=138,ready=1,sync=1,N[P1{n=4,min=0,max=0,last=0};P2{n=4,min=-48,max=32,last=0};P3{n=4,min=-20,max=12,last=-20};P4{n=0}]} D2{frames=184,reject=0,samples=736/736,ageMs=77,maxGapMs=139,ready=1,sync=1,N[P1{n=4,min=-4,max=-4,last=-4};P2{n=4,min=-137,max=23,last=23};P3{n=4,min=-122,max=22,last=22};P4{n=0}]} D3{frames=184,reject=0,samples=736/736,ageMs=77,maxGapMs=185,ready=1,sync=1,N[P1{n=4,min=-1,max=15,last=15};P2{n=4,min=-88,max=104,last=104};P3{n=4,min=-65,max=95,last=95};P4{n=0}]} D4{frames=184,reject=0,samples=736/736,ageMs=77,maxGapMs=162,ready=1,sync=1,N[P1{n=4,min=-1,max=-1,last=-1};P2{n=4,min=-176,max=16,last=-16};P3{n=4,min=-129,max=-1,last=-17};P4{n=0}]} D5{frames=184,reject=0,samples=736/736,ageMs=75,maxGapMs=137,ready=1,sync=1,N[P1{n=4,min=-1,max=-1,last=-1};P2{n=4,min=-132,max=28,last=-132};P3{n=4,min=-109,max=3,last=-109};P4{n=0}]} D6{frames=184,reject=0,samples=736/736,ageMs=66,maxGapMs=158,ready=1,sync=1,N[P1{n=4,min=-5,max=11,last=11};P2{n=4,min=-55,max=9,last=-55};P3{n=4,min=-78,max=-30,last=-78};P4{n=0}]}
[2026-09-10T01:12:59.155Z][STDOUT] [WaveformDiag][WS] mode=delta clients=2 resync=0 maxBuffered=0 stateAgeMs=5 D1{on=1,ready=1,sync=1,startup=TEST_READY,attempts=1,streak=502,firstAgeMs=42421,readyAgeMs=42174,total=2008,delta=12,hist=1000,lastAgeMs=64,reset=0} D2{on=1,ready=1,sync=1,startup=TEST_READY,attempts=1,streak=503,firstAgeMs=42429,readyAgeMs=42195,total=2012,delta=16,hist=1000,lastAgeMs=1,reset=0} D3{on=1,ready=1,sync=1,startup=TEST_READY,attempts=1,streak=519,firstAgeMs=42712,readyAgeMs=42467,total=2076,delta=12,hist=1000,lastAgeMs=1,reset=0} D4{on=1,ready=1,sync=1,startup=TEST_READY,attempts=1,streak=502,firstAgeMs=42445,readyAgeMs=42183,total=2008,delta=16,hist=1000,lastAgeMs=1,reset=0} D5{on=1,ready=1,sync=1,startup=TEST_READY,attempts=1,streak=502,firstAgeMs=42431,readyAgeMs=42181,total=2008,delta=16,hist=1000,lastAgeMs=1,reset=0} D6{on=1,ready=1,sync=1,startup=TEST_READY,attempts=1,streak=502,firstAgeMs=42409,readyAgeMs=42180,total=2008,delta=12,hist=1000,lastAgeMs=66,reset=0}
[2026-09-10T01:12:59.167Z][RENDERER/1] file:///D:/%E4%B8%8A%E4%BD%8D%E6%9C%BA%E7%95%8C%E9%9D%A2%E5%8E%9F%E5%9E%8B%E7%89%88/flame-detector-bench-desktop/dist/assets/index-A9TaTnGI.js:264 [WaveformDiag][UI] kind=delta wireAgeMs=18 payloadAgeMs=18 D1{on=1,total=2008,delta=12,lastAgeMs=77,reset=0} D2{on=1,total=2012,delta=16,lastAgeMs=14,reset=0} D3{on=1,total=2076,delta=12,lastAgeMs=14,reset=0} D4{on=1,total=2008,delta=16,lastAgeMs=14,reset=0} D5{on=1,total=2008,delta=16,lastAgeMs=14,reset=0} D6{on=1,total=2008,delta=12,lastAgeMs=79,reset=0}
[2026-09-10T01:12:59.489Z][STDOUT] [噪声窗口][每秒] at=1789002779489/2026-09-10T01:12:59.489Z D1{frames=198,reject=0,samples=792/792,ageMs=87,maxGapMs=138,ready=1,sync=1,N[P1{n=4,min=0,max=0,last=0};P2{n=4,min=-27,max=-11,last=-27};P3{n=4,min=-63,max=-15,last=-63};P4{n=0}]} D2{frames=198,reject=0,samples=792/792,ageMs=95,maxGapMs=139,ready=1,sync=1,N[P1{n=4,min=-4,max=12,last=-4};P2{n=4,min=-85,max=-5,last=-85};P3{n=4,min=-103,max=-7,last=-103};P4{n=0}]} D3{frames=198,reject=0,samples=792/792,ageMs=106,maxGapMs=185,ready=1,sync=1,N[P1{n=4,min=-1,max=-1,last=-1};P2{n=4,min=-84,max=12,last=-36};P3{n=4,min=-60,max=-12,last=-12};P4{n=0}]} D4{frames=198,reject=0,samples=792/792,ageMs=91,maxGapMs=162,ready=1,sync=1,N[P1{n=4,min=-1,max=-1,last=-1};P2{n=4,min=-44,max=4,last=-44};P3{n=4,min=-44,max=20,last=-28};P4{n=0}]} D5{frames=198,reject=0,samples=792/792,ageMs=95,maxGapMs=137,ready=1,sync=1,N[P1{n=4,min=-1,max=-1,last=-1};P2{n=4,min=-65,max=15,last=-65};P3{n=4,min=-73,max=7,last=-73};P4{n=0}]} D6{frames=198,reject=0,samples=792/792,ageMs=82,maxGapMs=158,ready=1,sync=1,N[P1{n=4,min=-5,max=11,last=-5};P2{n=4,min=-19,max=29,last=-3};P3{n=4,min=-42,max=22,last=-42};P4{n=0}]}
[2026-09-10T01:13:00.175Z][STDOUT] [WaveformDiag][WS] mode=delta clients=2 resync=0 maxBuffered=0 stateAgeMs=3 D1{on=1,ready=1,sync=1,startup=TEST_READY,attempts=1,streak=518,firstAgeMs=43441,readyAgeMs=43194,total=2072,delta=12,hist=1000,lastAgeMs=66,reset=0} D2{on=1,ready=1,sync=1,startup=TEST_READY,attempts=1,streak=518,firstAgeMs=43449,readyAgeMs=43215,total=2072,delta=8,hist=1000,lastAgeMs=68,reset=0} D3{on=1,ready=1,sync=1,startup=TEST_READY,attempts=1,streak=534,firstAgeMs=43732,readyAgeMs=43487,total=2136,delta=8,hist=1000,lastAgeMs=68,reset=0} D4{on=1,ready=1,sync=1,startup=TEST_READY,attempts=1,streak=517,firstAgeMs=43465,readyAgeMs=43203,total=2068,delta=8,hist=1000,lastAgeMs=68,reset=0} D5{on=1,ready=1,sync=1,startup=TEST_READY,attempts=1,streak=517,firstAgeMs=43451,readyAgeMs=43201,total=2068,delta=8,hist=1000,lastAgeMs=67,reset=0} D6{on=1,ready=1,sync=1,startup=TEST_READY,attempts=1,streak=518,firstAgeMs=43429,readyAgeMs=43200,total=2072,delta=12,hist=1000,lastAgeMs=67,reset=0}
[2026-09-10T01:13:00.191Z][RENDERER/1] file:///D:/%E4%B8%8A%E4%BD%8D%E6%9C%BA%E7%95%8C%E9%9D%A2%E5%8E%9F%E5%9E%8B%E7%89%88/flame-detector-bench-desktop/dist/assets/index-A9TaTnGI.js:264 [WaveformDiag][UI] kind=delta wireAgeMs=19 payloadAgeMs=19 D1{on=1,total=2072,delta=12,lastAgeMs=82,reset=0} D2{on=1,total=2072,delta=8,lastAgeMs=84,reset=0} D3{on=1,total=2136,delta=8,lastAgeMs=84,reset=0} D4{on=1,total=2068,delta=8,lastAgeMs=84,reset=0} D5{on=1,total=2068,delta=8,lastAgeMs=83,reset=0} D6{on=1,total=2072,delta=12,lastAgeMs=83,reset=0}
[2026-09-10T01:13:00.526Z][STDOUT] [噪声窗口][每秒] at=1789002780526/2026-09-10T01:13:00.526Z D1{frames=212,reject=0,samples=848/848,ageMs=105,maxGapMs=141,ready=1,sync=1,N[P1{n=4,min=0,max=0,last=0};P2{n=4,min=-55,max=-7,last=-55};P3{n=4,min=-60,max=-12,last=-44};P4{n=0}]} D2{frames=212,reject=0,samples=848/848,ageMs=73,maxGapMs=139,ready=1,sync=1,N[P1{n=4,min=-4,max=12,last=-4};P2{n=4,min=-97,max=-1,last=-1};P3{n=4,min=-36,max=12,last=-4};P4{n=0}]} D3{frames=212,reject=0,samples=848/848,ageMs=80,maxGapMs=185,ready=1,sync=1,N[P1{n=4,min=-1,max=-1,last=-1};P2{n=4,min=-81,max=31,last=-1};P3{n=4,min=-57,max=23,last=-25};P4{n=0}]} D4{frames=212,reject=0,samples=848/848,ageMs=71,maxGapMs=162,ready=1,sync=1,N[P1{n=4,min=-1,max=-1,last=-1};P2{n=4,min=-40,max=56,last=-8};P3{n=4,min=-72,max=72,last=8};P4{n=0}]} D5{frames=212,reject=0,samples=848/848,ageMs=70,maxGapMs=137,ready=1,sync=1,N[P1{n=4,min=-1,max=15,last=-1};P2{n=4,min=-61,max=51,last=-45};P3{n=4,min=-68,max=44,last=-68};P4{n=0}]} D6{frames=212,reject=0,samples=848/848,ageMs=15,maxGapMs=161,ready=1,sync=1,N[P1{n=4,min=-5,max=11,last=-5};P2{n=4,min=-30,max=50,last=-30};P3{n=4,min=-37,max=43,last=-37};P4{n=0}]}
[2026-09-10T01:13:01.234Z][STDOUT] [WaveformDiag][WS] mode=delta clients=2 resync=0 maxBuffered=0 stateAgeMs=4 D1{on=1,ready=1,sync=1,startup=TEST_READY,attempts=1,streak=535,firstAgeMs=44501,readyAgeMs=44254,total=2140,delta=12,hist=1000,lastAgeMs=65,reset=0} D2{on=1,ready=1,sync=1,startup=TEST_READY,attempts=1,streak=535,firstAgeMs=44509,readyAgeMs=44275,total=2140,delta=8,hist=1000,lastAgeMs=66,reset=0} D3{on=1,ready=1,sync=1,startup=TEST_READY,attempts=1,streak=551,firstAgeMs=44792,readyAgeMs=44547,total=2204,delta=8,hist=1000,lastAgeMs=66,reset=0} D4{on=1,ready=1,sync=1,startup=TEST_READY,attempts=1,streak=534,firstAgeMs=44525,readyAgeMs=44263,total=2136,delta=8,hist=1000,lastAgeMs=66,reset=0} D5{on=1,ready=1,sync=1,startup=TEST_READY,attempts=1,streak=534,firstAgeMs=44511,readyAgeMs=44261,total=2136,delta=8,hist=1000,lastAgeMs=65,reset=0} D6{on=1,ready=1,sync=1,startup=TEST_READY,attempts=1,streak=535,firstAgeMs=44489,readyAgeMs=44260,total=2140,delta=12,hist=1000,lastAgeMs=65,reset=0}
[2026-09-10T01:13:01.245Z][RENDERER/1] file:///D:/%E4%B8%8A%E4%BD%8D%E6%9C%BA%E7%95%8C%E9%9D%A2%E5%8E%9F%E5%9E%8B%E7%89%88/flame-detector-bench-desktop/dist/assets/index-A9TaTnGI.js:264 [WaveformDiag][UI] kind=delta wireAgeMs=12 payloadAgeMs=12 D1{on=1,total=2140,delta=12,lastAgeMs=73,reset=0} D2{on=1,total=2140,delta=8,lastAgeMs=74,reset=0} D3{on=1,total=2204,delta=8,lastAgeMs=74,reset=0} D4{on=1,total=2136,delta=8,lastAgeMs=74,reset=0} D5{on=1,total=2136,delta=8,lastAgeMs=73,reset=0} D6{on=1,total=2140,delta=12,lastAgeMs=73,reset=0}
[2026-09-10T01:13:01.492Z][STDOUT] [噪声窗口][每秒] at=1789002781492/2026-09-10T01:13:01.492Z D1{frames=226,reject=0,samples=904/904,ageMs=28,maxGapMs=141,ready=1,sync=1,N[P1{n=4,min=0,max=0,last=0};P2{n=4,min=-132,max=28,last=-52};P3{n=4,min=-105,max=23,last=-25};P4{n=0}]} D2{frames=226,reject=0,samples=904/904,ageMs=35,maxGapMs=139,ready=1,sync=1,N[P1{n=4,min=-4,max=12,last=-4};P2{n=4,min=-95,max=65,last=-31};P3{n=4,min=-81,max=63,last=-33};P4{n=0}]} D3{frames=226,reject=0,samples=904/904,ageMs=46,maxGapMs=185,ready=1,sync=1,N[P1{n=4,min=-1,max=-1,last=-1};P2{n=4,min=-80,max=0,last=-16};P3{n=4,min=-23,max=41,last=41};P4{n=0}]} D4{frames=226,reject=0,samples=904/904,ageMs=32,maxGapMs=162,ready=1,sync=1,N[P1{n=4,min=-1,max=-1,last=-1};P2{n=4,min=-181,max=43,last=-21};P3{n=4,min=-119,max=41,last=-39};P4{n=0}]} D5{frames=226,reject=0,samples=904/904,ageMs=35,maxGapMs=137,ready=1,sync=1,N[P1{n=4,min=-2,max=-2,last=-2};P2{n=4,min=-90,max=6,last=6};P3{n=4,min=-50,max=14,last=14};P4{n=0}]} D6{frames=226,reject=0,samples=904/904,ageMs=30,maxGapMs=161,ready=1,sync=1,N[P1{n=4,min=-5,max=11,last=-5};P2{n=4,min=-43,max=37,last=37};P3{n=4,min=-51,max=-3,last=-3};P4{n=0}]}
[2026-09-10T01:13:02.284Z][STDOUT] [WaveformDiag][WS] mode=delta clients=2 resync=0 maxBuffered=0 stateAgeMs=4 D1{on=1,ready=1,sync=1,startup=TEST_READY,attempts=1,streak=552,firstAgeMs=45551,readyAgeMs=45304,total=2208,delta=12,hist=1000,lastAgeMs=65,reset=0} D2{on=1,ready=1,sync=1,startup=TEST_READY,attempts=1,streak=552,firstAgeMs=45559,readyAgeMs=45325,total=2208,delta=12,hist=1000,lastAgeMs=65,reset=0} D3{on=1,ready=1,sync=1,startup=TEST_READY,attempts=1,streak=568,firstAgeMs=45842,readyAgeMs=45597,total=2272,delta=12,hist=1000,lastAgeMs=65,reset=0} D4{on=1,ready=1,sync=1,startup=TEST_READY,attempts=1,streak=551,firstAgeMs=45575,readyAgeMs=45313,total=2204,delta=12,hist=1000,lastAgeMs=66,reset=0} D5{on=1,ready=1,sync=1,startup=TEST_READY,attempts=1,streak=551,firstAgeMs=45561,readyAgeMs=45311,total=2204,delta=12,hist=1000,lastAgeMs=66,reset=0} D6{on=1,ready=1,sync=1,startup=TEST_READY,attempts=1,streak=552,firstAgeMs=45539,readyAgeMs=45310,total=2208,delta=12,hist=1000,lastAgeMs=65,reset=0}
[2026-09-10T01:13:02.315Z][RENDERER/1] file:///D:/%E4%B8%8A%E4%BD%8D%E6%9C%BA%E7%95%8C%E9%9D%A2%E5%8E%9F%E5%9E%8B%E7%89%88/flame-detector-bench-desktop/dist/assets/index-A9TaTnGI.js:264 [WaveformDiag][UI] kind=delta wireAgeMs=35 payloadAgeMs=35 D1{on=1,total=2208,delta=12,lastAgeMs=96,reset=0} D2{on=1,total=2208,delta=12,lastAgeMs=96,reset=0} D3{on=1,total=2272,delta=12,lastAgeMs=96,reset=0} D4{on=1,total=2204,delta=12,lastAgeMs=97,reset=0} D5{on=1,total=2204,delta=12,lastAgeMs=97,reset=0} D6{on=1,total=2208,delta=12,lastAgeMs=96,reset=0}
[2026-09-10T01:13:02.484Z][STDOUT] [噪声窗口][每秒] at=1789002782483/2026-09-10T01:13:02.483Z D1{frames=240,reject=0,samples=960/960,ageMs=72,maxGapMs=141,ready=1,sync=1,N[P1{n=4,min=0,max=0,last=0};P2{n=4,min=-32,max=16,last=-16};P3{n=4,min=-19,max=-3,last=-3};P4{n=0}]} D2{frames=240,reject=0,samples=960/960,ageMs=73,maxGapMs=139,ready=1,sync=1,N[P1{n=4,min=-4,max=-4,last=-4};P2{n=4,min=-77,max=99,last=99};P3{n=4,min=-111,max=113,last=113};P4{n=0}]} D3{frames=240,reject=0,samples=960/960,ageMs=74,maxGapMs=185,ready=1,sync=1,N[P1{n=4,min=-1,max=-1,last=-1};P2{n=4,min=-106,max=6,last=-26};P3{n=4,min=-82,max=-2,last=-2};P4{n=0}]} D4{frames=240,reject=0,samples=960/960,ageMs=74,maxGapMs=162,ready=1,sync=1,N[P1{n=4,min=-1,max=-1,last=-1};P2{n=4,min=-33,max=47,last=-33};P3{n=4,min=-50,max=62,last=-50};P4{n=0}]} D5{frames=240,reject=0,samples=960/960,ageMs=73,maxGapMs=137,ready=1,sync=1,N[P1{n=4,min=-2,max=-2,last=-2};P2{n=4,min=-54,max=10,last=-38};P3{n=4,min=-45,max=19,last=-45};P4{n=0}]} D6{frames=240,reject=0,samples=960/960,ageMs=73,maxGapMs=161,ready=1,sync=1,N[P1{n=4,min=-5,max=11,last=-5};P2{n=4,min=-56,max=8,last=8};P3{n=4,min=-63,max=17,last=17};P4{n=0}]}
[2026-09-10T01:13:03.332Z][STDOUT] [WaveformDiag][WS] mode=delta clients=2 resync=0 maxBuffered=0 stateAgeMs=70 D1{on=1,ready=1,sync=1,startup=TEST_READY,attempts=1,streak=568,firstAgeMs=46598,readyAgeMs=46351,total=2272,delta=12,hist=1000,lastAgeMs=64,reset=0} D2{on=1,ready=1,sync=1,startup=TEST_READY,attempts=1,streak=569,firstAgeMs=46606,readyAgeMs=46372,total=2276,delta=16,hist=1000,lastAgeMs=16,reset=0} D3{on=1,ready=1,sync=1,startup=TEST_READY,attempts=1,streak=585,firstAgeMs=46889,readyAgeMs=46644,total=2340,delta=16,hist=1000,lastAgeMs=63,reset=0} D4{on=1,ready=1,sync=1,startup=TEST_READY,attempts=1,streak=567,firstAgeMs=46622,readyAgeMs=46360,total=2268,delta=12,hist=1000,lastAgeMs=64,reset=0} D5{on=1,ready=1,sync=1,startup=TEST_READY,attempts=1,streak=567,firstAgeMs=46608,readyAgeMs=46358,total=2268,delta=12,hist=1000,lastAgeMs=64,reset=0} D6{on=1,ready=1,sync=1,startup=TEST_READY,attempts=1,streak=568,firstAgeMs=46586,readyAgeMs=46357,total=2272,delta=12,hist=1000,lastAgeMs=64,reset=0}
[2026-09-10T01:13:03.344Z][RENDERER/1] file:///D:/%E4%B8%8A%E4%BD%8D%E6%9C%BA%E7%95%8C%E9%9D%A2%E5%8E%9F%E5%9E%8B%E7%89%88/flame-detector-bench-desktop/dist/assets/index-A9TaTnGI.js:264 [WaveformDiag][UI] kind=delta wireAgeMs=81 payloadAgeMs=81 D1{on=1,total=2272,delta=12,lastAgeMs=75,reset=0} D2{on=1,total=2276,delta=16,lastAgeMs=27,reset=0} D3{on=1,total=2340,delta=16,lastAgeMs=74,reset=0} D4{on=1,total=2268,delta=12,lastAgeMs=75,reset=0} D5{on=1,total=2268,delta=12,lastAgeMs=75,reset=0} D6{on=1,total=2272,delta=12,lastAgeMs=75,reset=0}
[2026-09-10T01:13:03.536Z][STDOUT] [噪声窗口][每秒] at=1789002783535/2026-09-10T01:13:03.535Z D1{frames=254,reject=0,samples=1016/1016,ageMs=70,maxGapMs=141,ready=1,sync=1,N[P1{n=4,min=0,max=0,last=0};P2{n=4,min=-124,max=4,last=-124};P3{n=4,min=-127,max=17,last=-127};P4{n=0}]} D2{frames=254,reject=0,samples=1016/1016,ageMs=83,maxGapMs=142,ready=1,sync=1,N[P1{n=4,min=-4,max=12,last=-4};P2{n=4,min=-119,max=-23,last=-119};P3{n=4,min=-137,max=-41,last=-121};P4{n=0}]} D3{frames=254,reject=0,samples=1016/1016,ageMs=87,maxGapMs=185,ready=1,sync=1,N[P1{n=4,min=-1,max=-1,last=-1};P2{n=4,min=-40,max=24,last=-40};P3{n=4,min=-32,max=32,last=-32};P4{n=0}]} D4{frames=254,reject=0,samples=1016/1016,ageMs=75,maxGapMs=162,ready=1,sync=1,N[P1{n=4,min=-1,max=-1,last=-1};P2{n=4,min=-46,max=82,last=82};P3{n=4,min=-15,max=65,last=65};P4{n=0}]} D5{frames=254,reject=0,samples=1016/1016,ageMs=78,maxGapMs=137,ready=1,sync=1,N[P1{n=4,min=-2,max=14,last=14};P2{n=4,min=-67,max=61,last=-3};P3{n=4,min=-90,max=54,last=-42};P4{n=0}]} D6{frames=254,reject=0,samples=1016/1016,ageMs=73,maxGapMs=161,ready=1,sync=1,N[P1{n=4,min=-5,max=11,last=11};P2{n=4,min=-21,max=59,last=-21};P3{n=4,min=-13,max=67,last=-13};P4{n=0}]}
[2026-09-10T01:13:04.407Z][STDOUT] [WaveformDiag][WS] mode=delta clients=2 resync=0 maxBuffered=0 stateAgeMs=30 D1{on=1,ready=1,sync=1,startup=TEST_READY,attempts=1,streak=587,firstAgeMs=47674,readyAgeMs=47427,total=2348,delta=20,hist=1000,lastAgeMs=0,reset=0} D2{on=1,ready=1,sync=1,startup=TEST_READY,attempts=1,streak=587,firstAgeMs=47682,readyAgeMs=47448,total=2348,delta=16,hist=1000,lastAgeMs=12,reset=0} D3{on=1,ready=1,sync=1,startup=TEST_READY,attempts=1,streak=603,firstAgeMs=47965,readyAgeMs=47720,total=2412,delta=16,hist=1000,lastAgeMs=23,reset=0} D4{on=1,ready=1,sync=1,startup=TEST_READY,attempts=1,streak=586,firstAgeMs=47698,readyAgeMs=47436,total=2344,delta=16,hist=1000,lastAgeMs=14,reset=0} D5{on=1,ready=1,sync=1,startup=TEST_READY,attempts=1,streak=586,firstAgeMs=47684,readyAgeMs=47434,total=2344,delta=16,hist=1000,lastAgeMs=8,reset=0} D6{on=1,ready=1,sync=1,startup=TEST_READY,attempts=1,streak=587,firstAgeMs=47662,readyAgeMs=47433,total=2348,delta=16,hist=1000,lastAgeMs=7,reset=0}
[2026-09-10T01:13:04.417Z][RENDERER/1] file:///D:/%E4%B8%8A%E4%BD%8D%E6%9C%BA%E7%95%8C%E9%9D%A2%E5%8E%9F%E5%9E%8B%E7%89%88/flame-detector-bench-desktop/dist/assets/index-A9TaTnGI.js:264 [WaveformDiag][UI] kind=delta wireAgeMs=33 payloadAgeMs=33 D1{on=1,total=2348,delta=20,lastAgeMs=3,reset=0} D2{on=1,total=2348,delta=16,lastAgeMs=15,reset=0} D3{on=1,total=2412,delta=16,lastAgeMs=26,reset=0} D4{on=1,total=2344,delta=16,lastAgeMs=17,reset=0} D5{on=1,total=2344,delta=16,lastAgeMs=11,reset=0} D6{on=1,total=2348,delta=16,lastAgeMs=10,reset=0}
[2026-09-10T01:13:04.495Z][STDOUT] [噪声窗口][每秒] at=1789002784495/2026-09-10T01:13:04.495Z D1{frames=264,reject=0,samples=1056/1056,ageMs=88,maxGapMs=180,ready=1,sync=1,N[P1{n=4,min=0,max=0,last=0};P2{n=4,min=-42,max=22,last=22};P3{n=4,min=-29,max=35,last=35};P4{n=0}]} D2{frames=264,reject=0,samples=1056/1056,ageMs=100,maxGapMs=178,ready=1,sync=1,N[P1{n=4,min=-5,max=11,last=-5};P2{n=4,min=-100,max=12,last=-4};P3{n=4,min=-70,max=26,last=10};P4{n=0}]} D3{frames=264,reject=0,samples=1056/1056,ageMs=111,maxGapMs=185,ready=1,sync=1,N[P1{n=4,min=-1,max=15,last=-1};P2{n=4,min=-68,max=60,last=-52};P3{n=4,min=-76,max=84,last=-44};P4{n=0}]} D4{frames=264,reject=0,samples=1056/1056,ageMs=102,maxGapMs=162,ready=1,sync=1,N[P1{n=4,min=-1,max=-1,last=-1};P2{n=4,min=-108,max=36,last=-28};P3{n=4,min=-108,max=52,last=4};P4{n=0}]} D5{frames=264,reject=0,samples=1056/1056,ageMs=96,maxGapMs=137,ready=1,sync=1,N[P1{n=4,min=-2,max=14,last=-2};P2{n=4,min=-33,max=47,last=-1};P3{n=4,min=-56,max=24,last=-8};P4{n=0}]} D6{frames=264,reject=0,samples=1056/1056,ageMs=95,maxGapMs=161,ready=1,sync=1,N[P1{n=4,min=-6,max=10,last=10};P2{n=4,min=-67,max=45,last=-35};P3{n=4,min=-43,max=69,last=5};P4{n=0}]}
[2026-09-10T01:13:05.476Z][STDOUT] [WaveformDiag][WS] mode=delta clients=2 resync=0 maxBuffered=0 stateAgeMs=59 D1{on=1,ready=1,sync=1,startup=TEST_READY,attempts=1,streak=603,firstAgeMs=48743,readyAgeMs=48496,total=2412,delta=16,hist=1000,lastAgeMs=53,reset=0} D2{on=1,ready=1,sync=1,startup=TEST_READY,attempts=1,streak=603,firstAgeMs=48751,readyAgeMs=48517,total=2412,delta=16,hist=1000,lastAgeMs=54,reset=0} D3{on=1,ready=1,sync=1,startup=TEST_READY,attempts=1,streak=619,firstAgeMs=49034,readyAgeMs=48789,total=2476,delta=12,hist=1000,lastAgeMs=54,reset=0} D4{on=1,ready=1,sync=1,startup=TEST_READY,attempts=1,streak=602,firstAgeMs=48767,readyAgeMs=48505,total=2408,delta=16,hist=1000,lastAgeMs=54,reset=0} D5{on=1,ready=1,sync=1,startup=TEST_READY,attempts=1,streak=602,firstAgeMs=48753,readyAgeMs=48503,total=2408,delta=16,hist=1000,lastAgeMs=54,reset=0} D6{on=1,ready=1,sync=1,startup=TEST_READY,attempts=1,streak=603,firstAgeMs=48731,readyAgeMs=48502,total=2412,delta=16,hist=1000,lastAgeMs=53,reset=0}
[2026-09-10T01:13:05.478Z][STDOUT] [噪声窗口][每秒] at=1789002785478/2026-09-10T01:13:05.478Z D1{frames=275,reject=0,samples=1100/1100,ageMs=55,maxGapMs=180,ready=1,sync=1,N[P1{n=4,min=0,max=0,last=0};P2{n=4,min=-57,max=23,last=-57};P3{n=4,min=-44,max=4,last=-44};P4{n=0}]} D2{frames=275,reject=0,samples=1100/1100,ageMs=56,maxGapMs=178,ready=1,sync=1,N[P1{n=4,min=-5,max=11,last=-5};P2{n=4,min=-31,max=49,last=-15};P3{n=4,min=-51,max=29,last=-35};P4{n=0}]} D3{frames=275,reject=0,samples=1100/1100,ageMs=56,maxGapMs=185,ready=1,sync=1,N[P1{n=4,min=-1,max=-1,last=-1};P2{n=4,min=-67,max=29,last=13};P3{n=4,min=-74,max=22,last=22};P4{n=0}]} D4{frames=275,reject=0,samples=1100/1100,ageMs=56,maxGapMs=177,ready=1,sync=1,N[P1{n=4,min=-1,max=-1,last=-1};P2{n=4,min=-58,max=38,last=38};P3{n=4,min=-74,max=22,last=22};P4{n=0}]} D5{frames=275,reject=0,samples=1100/1100,ageMs=56,maxGapMs=137,ready=1,sync=1,N[P1{n=4,min=-1,max=-1,last=-1};P2{n=4,min=-63,max=97,last=-63};P3{n=4,min=-22,max=122,last=-22};P4{n=0}]} D6{frames=275,reject=0,samples=1100/1100,ageMs=55,maxGapMs=161,ready=1,sync=1,N[P1{n=4,min=-6,max=10,last=10};P2{n=4,min=-34,max=62,last=-2};P3{n=4,min=-57,max=39,last=23};P4{n=0}]}
[2026-09-10T01:13:05.513Z][RENDERER/1] file:///D:/%E4%B8%8A%E4%BD%8D%E6%9C%BA%E7%95%8C%E9%9D%A2%E5%8E%9F%E5%9E%8B%E7%89%88/flame-detector-bench-desktop/dist/assets/index-A9TaTnGI.js:264 [WaveformDiag][UI] kind=delta wireAgeMs=89 payloadAgeMs=89 D1{on=1,total=2412,delta=16,lastAgeMs=83,reset=0} D2{on=1,total=2412,delta=16,lastAgeMs=84,reset=0} D3{on=1,total=2476,delta=12,lastAgeMs=84,reset=0} D4{on=1,total=2408,delta=16,lastAgeMs=84,reset=0} D5{on=1,total=2408,delta=16,lastAgeMs=84,reset=0} D6{on=1,total=2412,delta=16,lastAgeMs=83,reset=0}
[2026-09-10T01:13:06.508Z][STDOUT] [噪声窗口][每秒] at=1789002786508/2026-09-10T01:13:06.508Z D1{frames=286,reject=0,samples=1144/1144,ageMs=69,maxGapMs=193,ready=1,sync=1,N[P1{n=4,min=0,max=0,last=0};P2{n=4,min=-8,max=56,last=8};P3{n=4,min=-27,max=85,last=-27};P4{n=0}]} D2{frames=286,reject=0,samples=1144/1144,ageMs=70,maxGapMs=178,ready=1,sync=1,N[P1{n=4,min=-5,max=11,last=-5};P2{n=4,min=-15,max=17,last=1};P3{n=4,min=-17,max=31,last=-17};P4{n=0}]} D3{frames=286,reject=0,samples=1144/1144,ageMs=16,maxGapMs=185,ready=1,sync=1,N[P1{n=4,min=-1,max=-1,last=-1};P2{n=4,min=-81,max=-1,last=-81};P3{n=4,min=-72,max=-8,last=-72};P4{n=0}]} D4{frames=286,reject=0,samples=1144/1144,ageMs=70,maxGapMs=177,ready=1,sync=1,N[P1{n=4,min=-1,max=-1,last=-1};P2{n=4,min=-57,max=55,last=23};P3{n=4,min=-25,max=55,last=55};P4{n=0}]} D5{frames=286,reject=0,samples=1144/1144,ageMs=70,maxGapMs=162,ready=1,sync=1,N[P1{n=4,min=-2,max=-2,last=-2};P2{n=4,min=-14,max=66,last=66};P3{n=4,min=-36,max=44,last=44};P4{n=0}]} D6{frames=286,reject=0,samples=1144/1144,ageMs=70,maxGapMs=193,ready=1,sync=1,N[P1{n=4,min=-6,max=10,last=10};P2{n=4,min=-15,max=81,last=17};P3{n=4,min=-22,max=74,last=10};P4{n=0}]}
[2026-09-10T01:13:06.546Z][STDOUT] [WaveformDiag][WS] mode=delta clients=2 resync=0 maxBuffered=0 stateAgeMs=38 D1{on=1,ready=1,sync=1,startup=TEST_READY,attempts=1,streak=621,firstAgeMs=49813,readyAgeMs=49566,total=2484,delta=16,hist=1000,lastAgeMs=19,reset=0} D2{on=1,ready=1,sync=1,startup=TEST_READY,attempts=1,streak=621,firstAgeMs=49821,readyAgeMs=49587,total=2484,delta=12,hist=1000,lastAgeMs=30,reset=0} D3{on=1,ready=1,sync=1,startup=TEST_READY,attempts=1,streak=637,firstAgeMs=50104,readyAgeMs=49859,total=2548,delta=12,hist=1000,lastAgeMs=29,reset=0} D4{on=1,ready=1,sync=1,startup=TEST_READY,attempts=1,streak=620,firstAgeMs=49837,readyAgeMs=49575,total=2480,delta=12,hist=1000,lastAgeMs=27,reset=0} D5{on=1,ready=1,sync=1,startup=TEST_READY,attempts=1,streak=620,firstAgeMs=49823,readyAgeMs=49573,total=2480,delta=12,hist=1000,lastAgeMs=22,reset=0} D6{on=1,ready=1,sync=1,startup=TEST_READY,attempts=1,streak=621,firstAgeMs=49801,readyAgeMs=49572,total=2484,delta=16,hist=1000,lastAgeMs=21,reset=0}
[2026-09-10T01:13:06.558Z][STDOUT] [噪声窗口] 结束 batch=field-waveform-1789002704375-13 reason=INTERFERENCE_STAGE_STARTED plcOpenAt=1789002756452/2026-09-10T01:12:36.452Z captureStartAt=1789002766474/2026-09-10T01:12:46.474Z captureEndAt=1789002786557/2026-09-10T01:13:06.557Z durationMs=20083
[2026-09-10T01:13:06.560Z][STDOUT] [噪声窗口][D1] frames=286,reject=0,samples=1144/1144,rawSamples=1144/1144,firstFrameAt=1789002766463/2026-09-10T01:12:46.463Z,lastFrameAt=1789002786439/2026-09-10T01:13:06.439Z,ageMs=118,maxGapMs=193,ready=1,sync=1 N[P1{n=1144,min=0,max=16,last=0,fluct=8,abs=16};P2{n=1144,min=-447,max=395,last=8,fluct=421,abs=447};P3{n=1144,min=-431,max=199,last=-27,fluct=315,abs=431};P4{n=0}] R[P1{n=1144,min=-32767,max=-32751,last=-32767,fluct=8,abs=32767};P2{n=1144,min=-175,max=561,last=161,fluct=368,abs=561};P3{n=1144,min=-159,max=305,last=65,fluct=232,abs=305};P4{n=0}]
[2026-09-10T01:13:06.562Z][STDOUT] [噪声窗口][D2] frames=286,reject=0,samples=1144/1144,rawSamples=1144/1144,firstFrameAt=1789002766457/2026-09-10T01:12:46.457Z,lastFrameAt=1789002786438/2026-09-10T01:13:06.438Z,ageMs=119,maxGapMs=178,ready=1,sync=1 N[P1{n=1144,min=-5,max=12,last=-5,fluct=8.5,abs=12};P2{n=1144,min=-346,max=124,last=1,fluct=235,abs=346};P3{n=1144,min=-347,max=140,last=-17,fluct=243.5,abs=347};P4{n=0}] R[P1{n=1144,min=-32767,max=-32751,last=-32767,fluct=8,abs=32767};P2{n=1144,min=97,max=401,last=241,fluct=152,abs=401};P3{n=1144,min=-79,max=257,last=65,fluct=168,abs=257};P4{n=0}]
[2026-09-10T01:13:06.566Z][STDOUT] [噪声窗口][D3] frames=286,reject=0,samples=1144/1144,rawSamples=1144/1144,firstFrameAt=1789002766439/2026-09-10T01:12:46.439Z,lastFrameAt=1789002786492/2026-09-10T01:13:06.492Z,ageMs=65,maxGapMs=185,ready=1,sync=1 N[P1{n=1144,min=-1,max=15,last=-1,fluct=8,abs=15};P2{n=1144,min=-586,max=595,last=-81,fluct=590.5,abs=595};P3{n=1144,min=-342,max=236,last=-72,fluct=289,abs=342};P4{n=0}] R[P1{n=1144,min=-32767,max=-32751,last=-32767,fluct=8,abs=32767};P2{n=1144,min=-655,max=529,last=-159,fluct=592,abs=655};P3{n=1144,min=-383,max=177,last=-143,fluct=280,abs=383};P4{n=0}]
[2026-09-10T01:13:06.567Z][STDOUT] [噪声窗口][D4] frames=286,reject=0,samples=1144/1144,rawSamples=1144/1144,firstFrameAt=1789002766459/2026-09-10T01:12:46.459Z,lastFrameAt=1789002786438/2026-09-10T01:13:06.438Z,ageMs=119,maxGapMs=177,ready=1,sync=1 N[P1{n=1144,min=-1,max=15,last=-1,fluct=8,abs=15};P2{n=1144,min=-511,max=634,last=23,fluct=572.5,abs=634};P3{n=1144,min=-528,max=602,last=55,fluct=565,abs=602};P4{n=0}] R[P1{n=1144,min=-32767,max=-32751,last=-32767,fluct=8,abs=32767};P2{n=1144,min=-559,max=593,last=-31,fluct=576,abs=593};P3{n=1144,min=-479,max=657,last=97,fluct=568,abs=657};P4{n=0}]
[2026-09-10T01:13:06.569Z][STDOUT] [噪声窗口][D5] frames=286,reject=0,samples=1144/1144,rawSamples=1144/1144,firstFrameAt=1789002766456/2026-09-10T01:12:46.456Z,lastFrameAt=1789002786438/2026-09-10T01:13:06.438Z,ageMs=119,maxGapMs=162,ready=1,sync=1 N[P1{n=1144,min=-2,max=30,last=-2,fluct=16,abs=30};P2{n=1144,min=-371,max=436,last=66,fluct=403.5,abs=436};P3{n=1144,min=-432,max=255,last=44,fluct=343.5,abs=432};P4{n=0}] R[P1{n=1144,min=-32767,max=-32735,last=-32767,fluct=16,abs=32767};P2{n=1144,min=-175,max=609,last=225,fluct=392,abs=609};P3{n=1144,min=-191,max=321,last=97,fluct=256,abs=321};P4{n=0}]
[2026-09-10T01:13:06.571Z][STDOUT] [噪声窗口][D6] frames=286,reject=0,samples=1144/1144,rawSamples=1144/1144,firstFrameAt=1789002766461/2026-09-10T01:12:46.461Z,lastFrameAt=1789002786438/2026-09-10T01:13:06.438Z,ageMs=119,maxGapMs=193,ready=1,sync=1 N[P1{n=1144,min=-6,max=11,last=10,fluct=8.5,abs=11};P2{n=1144,min=-397,max=180,last=17,fluct=288.5,abs=397};P3{n=1144,min=-403,max=382,last=10,fluct=392.5,abs=403};P4{n=0}] R[P1{n=1144,min=-32767,max=-32751,last=-32751,fluct=8,abs=32767};P2{n=1144,min=145,max=481,last=305,fluct=168,abs=481};P3{n=1144,min=81,max=721,last=337,fluct=320,abs=721};P4{n=0}]
[2026-09-10T01:13:06.663Z][RENDERER/1] file:///D:/%E4%B8%8A%E4%BD%8D%E6%9C%BA%E7%95%8C%E9%9D%A2%E5%8E%9F%E5%9E%8B%E7%89%88/flame-detector-bench-desktop/dist/assets/index-A9TaTnGI.js:264 [WaveformDiag][UI] kind=delta wireAgeMs=50 payloadAgeMs=50 D1{on=1,total=2484,delta=16,lastAgeMs=31,reset=0} D2{on=1,total=2484,delta=12,lastAgeMs=42,reset=0} D3{on=1,total=2548,delta=12,lastAgeMs=41,reset=0} D4{on=1,total=2480,delta=12,lastAgeMs=39,reset=0} D5{on=1,total=2480,delta=12,lastAgeMs=34,reset=0} D6{on=1,total=2484,delta=16,lastAgeMs=33,reset=0}
[2026-09-10T01:13:07.603Z][STDOUT] [WaveformDiag][WS] mode=delta clients=2 resync=0 maxBuffered=0 stateAgeMs=13 D1{on=1,ready=1,sync=1,startup=TEST_READY,attempts=1,streak=638,firstAgeMs=50870,readyAgeMs=50623,total=68,delta=20,hist=68,lastAgeMs=8,reset=0} D2{on=1,ready=1,sync=1,startup=TEST_READY,attempts=1,streak=638,firstAgeMs=50878,readyAgeMs=50644,total=68,delta=20,hist=68,lastAgeMs=8,reset=0} D3{on=1,ready=1,sync=1,startup=TEST_READY,attempts=1,streak=654,firstAgeMs=51161,readyAgeMs=50916,total=68,delta=20,hist=68,lastAgeMs=8,reset=0} D4{on=1,ready=1,sync=1,startup=TEST_READY,attempts=1,streak=637,firstAgeMs=50894,readyAgeMs=50632,total=68,delta=20,hist=68,lastAgeMs=7,reset=0} D5{on=1,ready=1,sync=1,startup=TEST_READY,attempts=1,streak=637,firstAgeMs=50880,readyAgeMs=50630,total=68,delta=20,hist=68,lastAgeMs=7,reset=0} D6{on=1,ready=1,sync=1,startup=TEST_READY,attempts=1,streak=638,firstAgeMs=50858,readyAgeMs=50629,total=68,delta=20,hist=68,lastAgeMs=8,reset=0}
[2026-09-10T01:13:07.703Z][RENDERER/1] file:///D:/%E4%B8%8A%E4%BD%8D%E6%9C%BA%E7%95%8C%E9%9D%A2%E5%8E%9F%E5%9E%8B%E7%89%88/flame-detector-bench-desktop/dist/assets/index-A9TaTnGI.js:264 [WaveformDiag][UI] kind=delta wireAgeMs=22 payloadAgeMs=22 D1{on=1,total=68,delta=20,lastAgeMs=17,reset=0} D2{on=1,total=68,delta=20,lastAgeMs=17,reset=0} D3{on=1,total=68,delta=20,lastAgeMs=17,reset=0} D4{on=1,total=68,delta=20,lastAgeMs=16,reset=0} D5{on=1,total=68,delta=20,lastAgeMs=16,reset=0} D6{on=1,total=68,delta=20,lastAgeMs=17,reset=0}
[2026-09-10T01:13:08.679Z][STDOUT] [WaveformDiag][WS] mode=delta clients=2 resync=0 maxBuffered=0 stateAgeMs=29 D1{on=1,ready=1,sync=1,startup=TEST_READY,attempts=1,streak=655,firstAgeMs=51946,readyAgeMs=51699,total=136,delta=20,hist=136,lastAgeMs=21,reset=0} D2{on=1,ready=1,sync=1,startup=TEST_READY,attempts=1,streak=655,firstAgeMs=51954,readyAgeMs=51720,total=136,delta=20,hist=136,lastAgeMs=24,reset=0} D3{on=1,ready=1,sync=1,startup=TEST_READY,attempts=1,streak=671,firstAgeMs=52237,readyAgeMs=51992,total=136,delta=20,hist=136,lastAgeMs=23,reset=0} D4{on=1,ready=1,sync=1,startup=TEST_READY,attempts=1,streak=654,firstAgeMs=51970,readyAgeMs=51708,total=136,delta=20,hist=136,lastAgeMs=24,reset=0} D5{on=1,ready=1,sync=1,startup=TEST_READY,attempts=1,streak=654,firstAgeMs=51956,readyAgeMs=51706,total=136,delta=20,hist=136,lastAgeMs=24,reset=0} D6{on=1,ready=1,sync=1,startup=TEST_READY,attempts=1,streak=655,firstAgeMs=51934,readyAgeMs=51705,total=136,delta=20,hist=136,lastAgeMs=23,reset=0}
[2026-09-10T01:13:08.779Z][RENDERER/1] file:///D:/%E4%B8%8A%E4%BD%8D%E6%9C%BA%E7%95%8C%E9%9D%A2%E5%8E%9F%E5%9E%8B%E7%89%88/flame-detector-bench-desktop/dist/assets/index-A9TaTnGI.js:264 [WaveformDiag][UI] kind=delta wireAgeMs=38 payloadAgeMs=38 D1{on=1,total=136,delta=20,lastAgeMs=30,reset=0} D2{on=1,total=136,delta=20,lastAgeMs=33,reset=0} D3{on=1,total=136,delta=20,lastAgeMs=32,reset=0} D4{on=1,total=136,delta=20,lastAgeMs=33,reset=0} D5{on=1,total=136,delta=20,lastAgeMs=33,reset=0} D6{on=1,total=136,delta=20,lastAgeMs=32,reset=0}
[2026-09-10T01:13:09.743Z][STDOUT] [WaveformDiag][WS] mode=delta clients=2 resync=0 maxBuffered=0 stateAgeMs=25 D1{on=1,ready=1,sync=1,startup=TEST_READY,attempts=1,streak=672,firstAgeMs=53010,readyAgeMs=52763,total=204,delta=20,hist=204,lastAgeMs=18,reset=0} D2{on=1,ready=1,sync=1,startup=TEST_READY,attempts=1,streak=672,firstAgeMs=53018,readyAgeMs=52784,total=204,delta=20,hist=204,lastAgeMs=18,reset=0} D3{on=1,ready=1,sync=1,startup=TEST_READY,attempts=1,streak=688,firstAgeMs=53301,readyAgeMs=53056,total=204,delta=16,hist=204,lastAgeMs=18,reset=0} D4{on=1,ready=1,sync=1,startup=TEST_READY,attempts=1,streak=671,firstAgeMs=53034,readyAgeMs=52772,total=204,delta=20,hist=204,lastAgeMs=18,reset=0} D5{on=1,ready=1,sync=1,startup=TEST_READY,attempts=1,streak=671,firstAgeMs=53020,readyAgeMs=52770,total=204,delta=20,hist=204,lastAgeMs=18,reset=0} D6{on=1,ready=1,sync=1,startup=TEST_READY,attempts=1,streak=672,firstAgeMs=52998,readyAgeMs=52769,total=204,delta=20,hist=204,lastAgeMs=18,reset=0}
[2026-09-10T01:13:09.850Z][RENDERER/1] file:///D:/%E4%B8%8A%E4%BD%8D%E6%9C%BA%E7%95%8C%E9%9D%A2%E5%8E%9F%E5%9E%8B%E7%89%88/flame-detector-bench-desktop/dist/assets/index-A9TaTnGI.js:264 [WaveformDiag][UI] kind=delta wireAgeMs=28 payloadAgeMs=28 D1{on=1,total=204,delta=20,lastAgeMs=21,reset=0} D2{on=1,total=204,delta=20,lastAgeMs=21,reset=0} D3{on=1,total=204,delta=16,lastAgeMs=21,reset=0} D4{on=1,total=204,delta=20,lastAgeMs=21,reset=0} D5{on=1,total=204,delta=20,lastAgeMs=21,reset=0} D6{on=1,total=204,delta=20,lastAgeMs=21,reset=0}
[2026-09-10T01:13:10.880Z][STDOUT] [WaveformDiag][WS] mode=delta clients=2 resync=0 maxBuffered=0 stateAgeMs=69 D1{on=1,ready=1,sync=1,startup=TEST_READY,attempts=1,streak=689,firstAgeMs=54147,readyAgeMs=53900,total=272,delta=20,hist=272,lastAgeMs=61,reset=0} D2{on=1,ready=1,sync=1,startup=TEST_READY,attempts=1,streak=689,firstAgeMs=54155,readyAgeMs=53921,total=272,delta=16,hist=272,lastAgeMs=62,reset=0} D3{on=1,ready=1,sync=1,startup=TEST_READY,attempts=1,streak=706,firstAgeMs=54438,readyAgeMs=54193,total=276,delta=20,hist=276,lastAgeMs=62,reset=0} D4{on=1,ready=1,sync=1,startup=TEST_READY,attempts=1,streak=688,firstAgeMs=54171,readyAgeMs=53909,total=272,delta=16,hist=272,lastAgeMs=62,reset=0} D5{on=1,ready=1,sync=1,startup=TEST_READY,attempts=1,streak=688,firstAgeMs=54157,readyAgeMs=53907,total=272,delta=20,hist=272,lastAgeMs=62,reset=0} D6{on=1,ready=1,sync=1,startup=TEST_READY,attempts=1,streak=689,firstAgeMs=54135,readyAgeMs=53906,total=272,delta=20,hist=272,lastAgeMs=61,reset=0}
[2026-09-10T01:13:11.008Z][RENDERER/1] file:///D:/%E4%B8%8A%E4%BD%8D%E6%9C%BA%E7%95%8C%E9%9D%A2%E5%8E%9F%E5%9E%8B%E7%89%88/flame-detector-bench-desktop/dist/assets/index-A9TaTnGI.js:264 [WaveformDiag][UI] kind=delta wireAgeMs=105 payloadAgeMs=105 D1{on=1,total=272,delta=20,lastAgeMs=97,reset=0} D2{on=1,total=272,delta=16,lastAgeMs=98,reset=0} D3{on=1,total=276,delta=20,lastAgeMs=98,reset=0} D4{on=1,total=272,delta=16,lastAgeMs=98,reset=0} D5{on=1,total=272,delta=20,lastAgeMs=98,reset=0} D6{on=1,total=272,delta=20,lastAgeMs=97,reset=0}
[2026-09-10T01:13:12.007Z][STDOUT] [WaveformDiag][WS] mode=delta clients=2 resync=0 maxBuffered=0 stateAgeMs=16 D1{on=1,ready=1,sync=1,startup=TEST_READY,attempts=1,streak=705,firstAgeMs=55274,readyAgeMs=55027,total=336,delta=8,hist=336,lastAgeMs=204,reset=0} D2{on=1,ready=1,sync=1,startup=TEST_READY,attempts=1,streak=706,firstAgeMs=55282,readyAgeMs=55048,total=340,delta=4,hist=340,lastAgeMs=101,reset=0} D3{on=1,ready=1,sync=1,startup=TEST_READY,attempts=1,streak=722,firstAgeMs=55565,readyAgeMs=55320,total=340,delta=8,hist=340,lastAgeMs=101,reset=0} D4{on=1,ready=1,sync=1,startup=TEST_READY,attempts=1,streak=705,firstAgeMs=55298,readyAgeMs=55036,total=340,delta=12,hist=340,lastAgeMs=101,reset=0} D5{on=1,ready=1,sync=1,startup=TEST_READY,attempts=1,streak=706,firstAgeMs=55284,readyAgeMs=55034,total=344,delta=16,hist=344,lastAgeMs=101,reset=0} D6{on=1,ready=1,sync=1,startup=TEST_READY,attempts=1,streak=706,firstAgeMs=55262,readyAgeMs=55033,total=340,delta=12,hist=340,lastAgeMs=101,reset=0}
[2026-09-10T01:13:12.015Z][RENDERER/1] file:///D:/%E4%B8%8A%E4%BD%8D%E6%9C%BA%E7%95%8C%E9%9D%A2%E5%8E%9F%E5%9E%8B%E7%89%88/flame-detector-bench-desktop/dist/assets/index-A9TaTnGI.js:264 [WaveformDiag][UI] kind=delta wireAgeMs=18 payloadAgeMs=18 D1{on=1,total=336,delta=8,lastAgeMs=206,reset=0} D2{on=1,total=340,delta=4,lastAgeMs=103,reset=0} D3{on=1,total=340,delta=8,lastAgeMs=103,reset=0} D4{on=1,total=340,delta=12,lastAgeMs=103,reset=0} D5{on=1,total=344,delta=16,lastAgeMs=103,reset=0} D6{on=1,total=340,delta=12,lastAgeMs=103,reset=0}
[2026-09-10T01:13:13.504Z][STDOUT] [WaveformDiag][WS] mode=delta clients=2 resync=0 maxBuffered=0 stateAgeMs=6 D1{on=1,ready=1,sync=1,startup=TEST_READY,attempts=1,streak=705,firstAgeMs=56770,readyAgeMs=56523,total=0,delta=0,hist=0,lastAgeMs=1700,reset=1} D2{on=1,ready=1,sync=1,startup=TEST_READY,attempts=1,streak=706,firstAgeMs=56778,readyAgeMs=56544,total=0,delta=0,hist=0,lastAgeMs=1597,reset=1} D3{on=1,ready=1,sync=1,startup=TEST_READY,attempts=1,streak=722,firstAgeMs=57061,readyAgeMs=56816,total=0,delta=0,hist=0,lastAgeMs=1597,reset=1} D4{on=1,ready=1,sync=1,startup=TEST_READY,attempts=1,streak=705,firstAgeMs=56794,readyAgeMs=56532,total=0,delta=0,hist=0,lastAgeMs=1597,reset=1} D5{on=1,ready=1,sync=1,startup=TEST_READY,attempts=1,streak=706,firstAgeMs=56780,readyAgeMs=56530,total=0,delta=0,hist=0,lastAgeMs=1597,reset=1} D6{on=1,ready=1,sync=1,startup=TEST_READY,attempts=1,streak=706,firstAgeMs=56758,readyAgeMs=56529,total=0,delta=0,hist=0,lastAgeMs=1597,reset=1}
[2026-09-10T01:13:13.596Z][RENDERER/1] file:///D:/%E4%B8%8A%E4%BD%8D%E6%9C%BA%E7%95%8C%E9%9D%A2%E5%8E%9F%E5%9E%8B%E7%89%88/flame-detector-bench-desktop/dist/assets/index-A9TaTnGI.js:264 [WaveformDiag][UI] kind=delta wireAgeMs=8 payloadAgeMs=8 D1{on=1,total=0,delta=0,lastAgeMs=1702,reset=1} D2{on=1,total=0,delta=0,lastAgeMs=1599,reset=1} D3{on=1,total=0,delta=0,lastAgeMs=1599,reset=1} D4{on=1,total=0,delta=0,lastAgeMs=1599,reset=1} D5{on=1,total=0,delta=0,lastAgeMs=1599,reset=1} D6{on=1,total=0,delta=0,lastAgeMs=1599,reset=1}
[2026-09-10T01:13:21.860Z][STDOUT] [WaveformDiag][WS] mode=delta clients=2 resync=0 maxBuffered=0 stateAgeMs=6 D1{on=0,ready=0,sync=0,startup=DISCONNECTED,attempts=0,streak=0,firstAgeMs=-1,readyAgeMs=-1,total=0,delta=0,hist=0,lastAgeMs=6,reset=0} D2{on=1,ready=1,sync=1,startup=TEST_READY,attempts=1,streak=706,firstAgeMs=65135,readyAgeMs=64901,total=0,delta=0,hist=0,lastAgeMs=9954,reset=0} D3{on=1,ready=1,sync=1,startup=TEST_READY,attempts=1,streak=722,firstAgeMs=65418,readyAgeMs=65173,total=0,delta=0,hist=0,lastAgeMs=9954,reset=0} D4{on=1,ready=1,sync=1,startup=TEST_READY,attempts=1,streak=705,firstAgeMs=65151,readyAgeMs=64889,total=0,delta=0,hist=0,lastAgeMs=9954,reset=0} D5{on=1,ready=1,sync=1,startup=TEST_READY,attempts=1,streak=706,firstAgeMs=65137,readyAgeMs=64887,total=0,delta=0,hist=0,lastAgeMs=9954,reset=0} D6{on=1,ready=1,sync=1,startup=TEST_READY,attempts=1,streak=706,firstAgeMs=65115,readyAgeMs=64886,total=0,delta=0,hist=0,lastAgeMs=9954,reset=0}
[2026-09-10T01:13:21.861Z][STDOUT] [FlameService] 设备 1 发送波形模式切换请求 (模式 1, 持续重试第 1 次)
[2026-09-10T01:13:21.863Z][STDOUT] [FlameService] 设备 1 波形模式切换已确认，继续等待波形数据
[2026-09-10T01:13:21.864Z][STDOUT] [FlameService] 设备 1 发送模式切换指令已确认
[2026-09-10T01:13:21.865Z][RENDERER/1] file:///D:/%E4%B8%8A%E4%BD%8D%E6%9C%BA%E7%95%8C%E9%9D%A2%E5%8E%9F%E5%9E%8B%E7%89%88/flame-detector-bench-desktop/dist/assets/index-A9TaTnGI.js:264 [WaveformDiag][UI] kind=delta wireAgeMs=10 payloadAgeMs=10 D1{on=0,total=0,delta=0,lastAgeMs=10,reset=0} D2{on=1,total=0,delta=0,lastAgeMs=9958,reset=0} D3{on=1,total=0,delta=0,lastAgeMs=9958,reset=0} D4{on=1,total=0,delta=0,lastAgeMs=9958,reset=0} D5{on=1,total=0,delta=0,lastAgeMs=9958,reset=0} D6{on=1,total=0,delta=0,lastAgeMs=9958,reset=0}
[2026-09-10T01:13:21.951Z][STDOUT] [FlameService] 设备 3 发送波形模式切换请求 (模式 1, 持续重试第 1 次)
[2026-09-10T01:13:21.964Z][STDOUT] [FlameService] 设备 3 波形模式切换已确认，继续等待波形数据
[2026-09-10T01:13:21.965Z][STDOUT] [FlameService] 设备 3 发送模式切换指令已确认
[2026-09-10T01:13:21.973Z][STDOUT] [FlameService] 设备 4 发送波形模式切换请求 (模式 1, 持续重试第 1 次)
[2026-09-10T01:13:21.988Z][STDOUT] [FlameService] 设备 4 波形模式切换已确认，继续等待波形数据
[2026-09-10T01:13:21.989Z][STDOUT] [FlameService] 设备 4 发送模式切换指令已确认
[2026-09-10T01:13:22.004Z][STDOUT] [FlameService] 设备 5 发送波形模式切换请求 (模式 1, 持续重试第 1 次)
[2026-09-10T01:13:22.006Z][STDOUT] [FlameService] 设备 5 波形模式切换已确认，继续等待波形数据
[2026-09-10T01:13:22.008Z][STDOUT] [FlameService] 设备 5 发送模式切换指令已确认
[2026-09-10T01:13:22.017Z][STDOUT] [FlameService] 设备 6 发送波形模式切换请求 (模式 1, 持续重试第 1 次)
[2026-09-10T01:13:22.018Z][STDOUT] [FlameService] 设备 6 波形模式切换已确认，继续等待波形数据
[2026-09-10T01:13:22.019Z][STDOUT] [FlameService] 设备 6 发送模式切换指令已确认
[2026-09-10T01:13:22.028Z][STDOUT] [FlameService] 设备 2 发送波形模式切换请求 (模式 1, 持续重试第 1 次)
[2026-09-10T01:13:22.029Z][STDOUT] [FlameService] 设备 2 波形模式切换已确认，继续等待波形数据
[2026-09-10T01:13:22.030Z][STDOUT] [FlameService] 设备 2 发送模式切换指令已确认
[2026-09-10T01:13:31.926Z][STDOUT] [WaveformDiag][WS] mode=delta clients=2 resync=0 maxBuffered=0 stateAgeMs=7 D1{on=0,ready=0,sync=0,startup=DISCONNECTED,attempts=0,streak=0,firstAgeMs=-1,readyAgeMs=-1,total=0,delta=0,hist=0,lastAgeMs=7,reset=0} D2{on=0,ready=0,sync=0,startup=MODE_SWITCH_OK,attempts=1,streak=0,firstAgeMs=-1,readyAgeMs=-1,total=0,delta=0,hist=0,lastAgeMs=9896,reset=0} D3{on=0,ready=0,sync=0,startup=MODE_SWITCH_OK,attempts=1,streak=0,firstAgeMs=-1,readyAgeMs=-1,total=0,delta=0,hist=0,lastAgeMs=9961,reset=0} D4{on=0,ready=0,sync=0,startup=MODE_SWITCH_OK,attempts=1,streak=0,firstAgeMs=-1,readyAgeMs=-1,total=0,delta=0,hist=0,lastAgeMs=9937,reset=0} D5{on=0,ready=0,sync=0,startup=MODE_SWITCH_OK,attempts=1,streak=0,firstAgeMs=-1,readyAgeMs=-1,total=0,delta=0,hist=0,lastAgeMs=9918,reset=0} D6{on=0,ready=0,sync=0,startup=MODE_SWITCH_OK,attempts=1,streak=0,firstAgeMs=-1,readyAgeMs=-1,total=0,delta=0,hist=0,lastAgeMs=9907,reset=0}
[2026-09-10T01:13:31.929Z][STDOUT] [FlameService] 设备 1 发送波形模式切换请求 (模式 1, 持续重试第 1 次)
[2026-09-10T01:13:31.930Z][STDOUT] [FlameService] 设备 1 波形模式切换已确认，继续等待波形数据
[2026-09-10T01:13:31.931Z][STDOUT] [FlameService] 设备 1 发送模式切换指令已确认
[2026-09-10T01:13:32.036Z][STDOUT] [FlameService] 设备 3 发送波形模式切换请求 (模式 1, 持续重试第 1 次)
[2026-09-10T01:13:32.037Z][STDOUT] [FlameService] 设备 3 波形模式切换已确认，继续等待波形数据
[2026-09-10T01:13:32.043Z][STDOUT] [FlameService] 设备 3 发送模式切换指令已确认
[2026-09-10T01:13:32.052Z][STDOUT] [FlameService] 设备 4 发送波形模式切换请求 (模式 1, 持续重试第 1 次)
[2026-09-10T01:13:32.055Z][STDOUT] [FlameService] 设备 4 波形模式切换已确认，继续等待波形数据
[2026-09-10T01:13:32.056Z][STDOUT] [FlameService] 设备 4 发送模式切换指令已确认
[2026-09-10T01:13:32.064Z][STDOUT] [FlameService] 设备 5 发送波形模式切换请求 (模式 1, 持续重试第 1 次)
[2026-09-10T01:13:32.069Z][STDOUT] [FlameService] 设备 5 波形模式切换已确认，继续等待波形数据
[2026-09-10T01:13:32.070Z][STDOUT] [FlameService] 设备 5 发送模式切换指令已确认
[2026-09-10T01:13:32.078Z][STDOUT] [FlameService] 设备 6 发送波形模式切换请求 (模式 1, 持续重试第 1 次)
[2026-09-10T01:13:32.078Z][STDOUT] [FlameService] 设备 6 波形模式切换已确认，继续等待波形数据
[2026-09-10T01:13:32.079Z][STDOUT] [FlameService] 设备 6 发送模式切换指令已确认
[2026-09-10T01:13:32.081Z][RENDERER/1] file:///D:/%E4%B8%8A%E4%BD%8D%E6%9C%BA%E7%95%8C%E9%9D%A2%E5%8E%9F%E5%9E%8B%E7%89%88/flame-detector-bench-desktop/dist/assets/index-A9TaTnGI.js:264 [WaveformDiag][UI] kind=delta wireAgeMs=32 payloadAgeMs=32 D1{on=0,total=0,delta=0,lastAgeMs=32,reset=0} D2{on=0,total=0,delta=0,lastAgeMs=9921,reset=0} D3{on=0,total=0,delta=0,lastAgeMs=9986,reset=0} D4{on=0,total=0,delta=0,lastAgeMs=9962,reset=0} D5{on=0,total=0,delta=0,lastAgeMs=9943,reset=0} D6{on=0,total=0,delta=0,lastAgeMs=9932,reset=0}
[2026-09-10T01:13:32.090Z][STDOUT] [FlameService] 设备 2 发送波形模式切换请求 (模式 1, 持续重试第 1 次)
[2026-09-10T01:13:32.090Z][STDOUT] [FlameService] 设备 2 波形模式切换已确认，继续等待波形数据
[2026-09-10T01:13:32.091Z][STDOUT] [FlameService] 设备 2 发送模式切换指令已确认
[2026-09-10T01:13:36.983Z][STDOUT] [DetectorDiag] D1 RX FRAME mode=custom hex=5AA50180417C017C0180317C017C0180417C117C0180317C017CDB
[2026-09-10T01:13:36.984Z][STDOUT] [DetectorDiag] D1 PARSE P1=-32767 P2=31793 P3=31745 P4=-
[2026-09-10T01:13:36.993Z][STDOUT] [WaveformDiag][WS] mode=delta clients=2 resync=0 maxBuffered=0 stateAgeMs=7 D1{on=1,ready=1,sync=0,startup=FIRST_FRAME_RECEIVED,attempts=1,streak=1,firstAgeMs=8,readyAgeMs=-1,total=4,delta=4,hist=4,lastAgeMs=7,reset=0} D2{on=0,ready=0,sync=0,startup=MODE_SWITCH_OK,attempts=1,streak=0,firstAgeMs=-1,readyAgeMs=-1,total=0,delta=0,hist=0,lastAgeMs=4902,reset=0} D3{on=0,ready=0,sync=0,startup=MODE_SWITCH_OK,attempts=1,streak=0,firstAgeMs=-1,readyAgeMs=-1,total=0,delta=0,hist=0,lastAgeMs=4950,reset=0} D4{on=0,ready=0,sync=0,startup=MODE_SWITCH_OK,attempts=1,streak=0,firstAgeMs=-1,readyAgeMs=-1,total=0,delta=0,hist=0,lastAgeMs=4937,reset=0} D5{on=0,ready=0,sync=0,startup=MODE_SWITCH_OK,attempts=1,streak=0,firstAgeMs=-1,readyAgeMs=-1,total=0,delta=0,hist=0,lastAgeMs=4923,reset=0} D6{on=0,ready=0,sync=0,startup=MODE_SWITCH_OK,attempts=1,streak=0,firstAgeMs=-1,readyAgeMs=-1,total=0,delta=0,hist=0,lastAgeMs=4914,reset=0}
[2026-09-10T01:13:37.007Z][RENDERER/1] file:///D:/%E4%B8%8A%E4%BD%8D%E6%9C%BA%E7%95%8C%E9%9D%A2%E5%8E%9F%E5%9E%8B%E7%89%88/flame-detector-bench-desktop/dist/assets/index-A9TaTnGI.js:264 [WaveformDiag][UI] kind=delta wireAgeMs=21 payloadAgeMs=21 D1{on=1,total=4,delta=4,lastAgeMs=21,reset=0} D2{on=0,total=0,delta=0,lastAgeMs=4916,reset=0} D3{on=0,total=0,delta=0,lastAgeMs=4964,reset=0} D4{on=0,total=0,delta=0,lastAgeMs=4951,reset=0} D5{on=0,total=0,delta=0,lastAgeMs=4937,reset=0} D6{on=0,total=0,delta=0,lastAgeMs=4928,reset=0}
[2026-09-10T01:13:37.028Z][STDOUT] [DetectorDiag] D1 RX FRAME mode=custom hex=5AA50180317C017C0180417C117C0180417C117C0180317C117CFB
[2026-09-10T01:13:37.032Z][STDOUT] [DetectorDiag] D1 PARSE P1=-32767 P2=31793 P3=31761 P4=-
[2026-09-10T01:13:37.133Z][STDOUT] [DetectorDiag] D1 RX FRAME mode=custom hex=5AA50180317C017C0180417C017C0180317C117C0180417C017CDB
[2026-09-10T01:13:37.134Z][STDOUT] [DetectorDiag] D1 PARSE P1=-32767 P2=31809 P3=31745 P4=-
[2026-09-10T01:13:37.135Z][STDOUT] [DetectorDiag] D4 RX FRAME mode=custom hex=5AA50180A17AF17B0180A17AE17B0180A17AF17B0180A17AF17B0F
[2026-09-10T01:13:37.139Z][STDOUT] [DetectorDiag] D4 PARSE P1=-32767 P2=31393 P3=31729 P4=-
[2026-09-10T01:13:37.140Z][STDOUT] [DetectorDiag] D3 RX FRAME mode=custom hex=5AA50180417BE17A0180417BF17A0180417BE17A0180317B017B80
[2026-09-10T01:13:37.140Z][STDOUT] [DetectorDiag] D3 PARSE P1=-32767 P2=31537 P3=31489 P4=-
[2026-09-10T01:13:37.141Z][STDOUT] [DetectorDiag] D5 RX FRAME mode=custom hex=5AA50180417C017C0180217C017C0180317C017C0180517CF17BBA
[2026-09-10T01:13:37.142Z][STDOUT] [DetectorDiag] D5 PARSE P1=-32767 P2=31825 P3=31729 P4=-
[2026-09-10T01:13:37.241Z][STDOUT] [DetectorDiag] D1 RX FRAME mode=custom hex=5AA50180417CF17B0180417C117C0180417C117C0180417C117C0A
[2026-09-10T01:13:37.242Z][STDOUT] [DetectorDiag] D1 PARSE P1=-32767 P2=31809 P3=31761 P4=-
[2026-09-10T01:13:37.243Z][STDOUT] [DetectorDiag] D1 RX FRAME mode=custom hex=5AA50180317C117C0180417C117C0180317C117C0180417C017CFB
[2026-09-10T01:13:37.243Z][STDOUT] [DetectorDiag] D1 PARSE P1=-32767 P2=31809 P3=31745 P4=-
[2026-09-10T01:13:37.244Z][STDOUT] [DetectorDiag] D4 RX FRAME mode=custom hex=5AA51180A17AE17B0180A17AF17B0180A17AE17B0180A17AE17BFF
[2026-09-10T01:13:37.245Z][STDOUT] [DetectorDiag] D4 PARSE P1=-32767 P2=31393 P3=31713 P4=-
[2026-09-10T01:13:37.245Z][STDOUT] [DetectorDiag] D4 RX FRAME mode=custom hex=5AA50180B17AE17B0180A17AF17B0180917AF17B0180A17AF17B0F
[2026-09-10T01:13:37.245Z][STDOUT] [DetectorDiag] D4 PARSE P1=-32767 P2=31393 P3=31729 P4=-
[2026-09-10T01:13:37.245Z][STDOUT] [DetectorDiag] D6 RX FRAME mode=custom hex=5AA51180117E217E0180217E217E1180117E117E1180117E117EDB
[2026-09-10T01:13:37.246Z][STDOUT] [DetectorDiag] D6 PARSE P1=-32751 P2=32273 P3=32273 P4=-
[2026-09-10T01:13:37.247Z][STDOUT] [DetectorDiag] D6 RX FRAME mode=custom hex=5AA50180117E117E0180117E317E1180117E217E0180117E317EDB
[2026-09-10T01:13:37.247Z][STDOUT] [DetectorDiag] D6 PARSE P1=-32767 P2=32273 P3=32305 P4=-
[2026-09-10T01:13:37.247Z][STDOUT] [DetectorDiag] D5 RX FRAME mode=custom hex=5AA51180317CF17B1180417CF17B0180317C017C0180317C017CB9
[2026-09-10T01:13:37.248Z][STDOUT] [DetectorDiag] D5 PARSE P1=-32767 P2=31793 P3=31745 P4=-
[2026-09-10T01:13:37.248Z][STDOUT] [DetectorDiag] D3 RX FRAME mode=custom hex=5AA50180517BE17A0180417BF17A0180417BF17A0180417BF17A9F
[2026-09-10T01:13:37.248Z][STDOUT] [DetectorDiag] D3 PARSE P1=-32767 P2=31553 P3=31473 P4=-
[2026-09-10T01:13:37.254Z][STDOUT] [DetectorDiag] D2 RX FRAME mode=custom hex=5AA50180217D517C0180117D617C1180117D417C0180217D517C9F
[2026-09-10T01:13:37.260Z][STDOUT] [DetectorDiag] D2 PARSE P1=-32767 P2=32033 P3=31825 P4=-
[2026-09-10T01:13:37.261Z][STDOUT] [DetectorDiag] D2 RX FRAME mode=custom hex=5AA50180317D517C0180317D517C0180117D517C1180217D517CCF
[2026-09-10T01:13:37.261Z][STDOUT] [DetectorDiag] D2 PARSE P1=-32751 P2=32033 P3=31825 P4=-
[2026-09-10T01:13:37.262Z][STDOUT] [DetectorDiag] D2 RX FRAME mode=custom hex=5AA50180217D517C1180217D517C0180317D517C0180217D517CCF
[2026-09-10T01:13:37.262Z][STDOUT] [DetectorDiag] D2 PARSE P1=-32767 P2=32033 P3=31825 P4=-
[2026-09-10T01:13:37.264Z][STDOUT] [DetectorDiag] D5 RX FRAME mode=custom hex=5AA50180517CF17B0180317C017C0180317CF17B0180317C017CA9
[2026-09-10T01:13:37.265Z][STDOUT] [DetectorDiag] D5 PARSE P1=-32767 P2=31793 P3=31745 P4=-
[2026-09-10T01:13:37.265Z][STDOUT] [DetectorDiag] D3 RX FRAME mode=custom hex=5AA50180317BF17A0180417BF17A1180317BF17A0180317BF17A7F
[2026-09-10T01:13:37.265Z][STDOUT] [DetectorDiag] D3 PARSE P1=-32767 P2=31537 P3=31473 P4=-
[2026-09-10T01:13:37.282Z][STDOUT] [DetectorDiag] D4 RX FRAME mode=custom hex=5AA50180B17AE17B0180B17AF17B0180A17AF17B0180B17AE17B2F
[2026-09-10T01:13:37.282Z][STDOUT] [DetectorDiag] D4 PARSE P1=-32767 P2=31409 P3=31713 P4=-
[2026-09-10T01:13:37.393Z][STDOUT] [DetectorDiag] D5 RX FRAME mode=custom hex=5AA50180417CF17B0180317CF17B0180217CF17B0180217C017C68
[2026-09-10T01:13:37.394Z][STDOUT] [DetectorDiag] D5 PARSE P1=-32767 P2=31777 P3=31745 P4=-
[2026-09-10T01:13:37.395Z][STDOUT] [DetectorDiag] D5 RX FRAME mode=custom hex=5AA50180417C017C0180417C017C0180317CF17B0180317C017CBA
[2026-09-10T01:13:37.395Z][STDOUT] [DetectorDiag] D5 PARSE P1=-32767 P2=31793 P3=31745 P4=-
[2026-09-10T01:13:37.396Z][STDOUT] [DetectorDiag] D3 RX FRAME mode=custom hex=5AA50180317BD17A0180317BE17A0180317BE17A0180417BF17A2F
[2026-09-10T01:13:37.397Z][STDOUT] [DetectorDiag] D3 PARSE P1=-32767 P2=31553 P3=31473 P4=-
[2026-09-10T01:13:37.397Z][STDOUT] [DetectorDiag] D3 RX FRAME mode=custom hex=5AA51180317BE17A0180417BE17A0180417BE17A0180317BF17A5F
[2026-09-10T01:13:37.397Z][STDOUT] [DetectorDiag] D3 PARSE P1=-32767 P2=31537 P3=31473 P4=-
[2026-09-10T01:13:37.398Z][STDOUT] [DetectorDiag] D2 RX FRAME mode=custom hex=5AA50180117D517C0180317D417C0180217D517C1180117D417C8F
[2026-09-10T01:13:37.399Z][STDOUT] [DetectorDiag] D2 PARSE P1=-32751 P2=32017 P3=31809 P4=-
[2026-09-10T01:13:37.399Z][STDOUT] [DetectorDiag] D2 RX FRAME mode=custom hex=5AA50180117D517C0180117D417C0180217D517C0180217D417C6F
[2026-09-10T01:13:37.399Z][STDOUT] [DetectorDiag] D2 PARSE P1=-32767 P2=32033 P3=31809 P4=-
[2026-09-10T01:13:37.401Z][STDOUT] [DetectorDiag] D4 RX FRAME mode=custom hex=5AA50180B17AE17B0180B17AE17B0180A17AF17B0180B17AF17B2F
[2026-09-10T01:13:37.405Z][STDOUT] [DetectorDiag] D4 PARSE P1=-32767 P2=31409 P3=31729 P4=-
[2026-09-10T01:13:37.479Z][STDOUT] [DetectorDiag] D6 RX FRAME mode=custom hex=5AA50180117E117E0180117E217E0180117E217E1180117E217EBB
[2026-09-10T01:13:37.480Z][STDOUT] [DetectorDiag] D6 PARSE P1=-32751 P2=32273 P3=32289 P4=-
[2026-09-10T01:13:37.481Z][STDOUT] [DetectorDiag] D6 RX FRAME mode=custom hex=5AA51180217E117E0180117E217E0180117E217E0180217E317EEB
[2026-09-10T01:13:37.482Z][STDOUT] [DetectorDiag] D6 PARSE P1=-32767 P2=32289 P3=32305 P4=-
[2026-09-10T01:13:37.483Z][STDOUT] [DetectorDiag] D6 RX FRAME mode=custom hex=5AA50180217E217E0180017E117E0180117E117E0180117E217E9B
[2026-09-10T01:13:37.483Z][STDOUT] [DetectorDiag] D6 PARSE P1=-32767 P2=32273 P3=32289 P4=-
[2026-09-10T01:13:38.135Z][STDOUT] [WaveformDiag][WS] mode=delta clients=2 resync=0 maxBuffered=0 stateAgeMs=19 D1{on=1,ready=1,sync=1,startup=TEST_READY,attempts=1,streak=19,firstAgeMs=1150,readyAgeMs=891,total=76,delta=16,hist=76,lastAgeMs=12,reset=0} D2{on=1,ready=1,sync=1,startup=TEST_READY,attempts=1,streak=17,firstAgeMs=875,readyAgeMs=735,total=68,delta=20,hist=68,lastAgeMs=0,reset=0} D3{on=1,ready=1,sync=1,startup=TEST_READY,attempts=1,streak=17,firstAgeMs=994,readyAgeMs=737,total=68,delta=20,hist=68,lastAgeMs=12,reset=0} D4{on=1,ready=1,sync=1,startup=TEST_READY,attempts=1,streak=17,firstAgeMs=996,readyAgeMs=729,total=68,delta=16,hist=68,lastAgeMs=12,reset=0} D5{on=1,ready=1,sync=1,startup=TEST_READY,attempts=1,streak=17,firstAgeMs=993,readyAgeMs=739,total=68,delta=20,hist=68,lastAgeMs=11,reset=0} D6{on=1,ready=1,sync=1,startup=TEST_READY,attempts=1,streak=16,firstAgeMs=889,readyAgeMs=651,total=64,delta=20,hist=64,lastAgeMs=12,reset=0}
[2026-09-10T01:13:38.233Z][RENDERER/1] file:///D:/%E4%B8%8A%E4%BD%8D%E6%9C%BA%E7%95%8C%E9%9D%A2%E5%8E%9F%E5%9E%8B%E7%89%88/flame-detector-bench-desktop/dist/assets/index-A9TaTnGI.js:264 [WaveformDiag][UI] kind=delta wireAgeMs=23 payloadAgeMs=23 D1{on=1,total=76,delta=16,lastAgeMs=16,reset=0} D2{on=1,total=68,delta=20,lastAgeMs=4,reset=0} D3{on=1,total=68,delta=20,lastAgeMs=16,reset=0} D4{on=1,total=68,delta=16,lastAgeMs=16,reset=0} D5{on=1,total=68,delta=20,lastAgeMs=15,reset=0} D6{on=1,total=64,delta=20,lastAgeMs=16,reset=0}
[2026-09-10T01:13:39.245Z][STDOUT] [WaveformDiag][WS] mode=delta clients=2 resync=0 maxBuffered=0 stateAgeMs=6 D1{on=1,ready=1,sync=1,startup=TEST_READY,attempts=1,streak=36,firstAgeMs=2260,readyAgeMs=2001,total=144,delta=16,hist=144,lastAgeMs=93,reset=0} D2{on=1,ready=1,sync=1,startup=TEST_READY,attempts=1,streak=33,firstAgeMs=1985,readyAgeMs=1845,total=132,delta=8,hist=132,lastAgeMs=112,reset=0} D3{on=1,ready=1,sync=1,startup=TEST_READY,attempts=1,streak=33,firstAgeMs=2104,readyAgeMs=1847,total=132,delta=12,hist=132,lastAgeMs=112,reset=0} D4{on=1,ready=1,sync=1,startup=TEST_READY,attempts=1,streak=35,firstAgeMs=2106,readyAgeMs=1839,total=140,delta=20,hist=140,lastAgeMs=26,reset=0} D5{on=1,ready=1,sync=1,startup=TEST_READY,attempts=1,streak=33,firstAgeMs=2103,readyAgeMs=1849,total=132,delta=12,hist=132,lastAgeMs=112,reset=0} D6{on=1,ready=1,sync=1,startup=TEST_READY,attempts=1,streak=32,firstAgeMs=1999,readyAgeMs=1761,total=128,delta=12,hist=128,lastAgeMs=112,reset=0}
[2026-09-10T01:13:39.348Z][RENDERER/1] file:///D:/%E4%B8%8A%E4%BD%8D%E6%9C%BA%E7%95%8C%E9%9D%A2%E5%8E%9F%E5%9E%8B%E7%89%88/flame-detector-bench-desktop/dist/assets/index-A9TaTnGI.js:264 [WaveformDiag][UI] kind=delta wireAgeMs=18 payloadAgeMs=18 D1{on=1,total=144,delta=16,lastAgeMs=105,reset=0} D2{on=1,total=132,delta=8,lastAgeMs=124,reset=0} D3{on=1,total=132,delta=12,lastAgeMs=124,reset=0} D4{on=1,total=140,delta=20,lastAgeMs=38,reset=0} D5{on=1,total=132,delta=12,lastAgeMs=124,reset=0} D6{on=1,total=128,delta=12,lastAgeMs=124,reset=0}
[2026-09-10T01:13:40.387Z][STDOUT] [WaveformDiag][WS] mode=delta clients=2 resync=0 maxBuffered=0 stateAgeMs=7 D1{on=1,ready=1,sync=1,startup=TEST_READY,attempts=1,streak=55,firstAgeMs=3402,readyAgeMs=3143,total=220,delta=12,hist=220,lastAgeMs=0,reset=0} D2{on=1,ready=1,sync=1,startup=TEST_READY,attempts=1,streak=53,firstAgeMs=3127,readyAgeMs=2987,total=212,delta=16,hist=212,lastAgeMs=0,reset=0} D3{on=1,ready=1,sync=1,startup=TEST_READY,attempts=1,streak=53,firstAgeMs=3246,readyAgeMs=2989,total=212,delta=12,hist=212,lastAgeMs=0,reset=0} D4{on=1,ready=1,sync=1,startup=TEST_READY,attempts=1,streak=53,firstAgeMs=3248,readyAgeMs=2981,total=212,delta=12,hist=212,lastAgeMs=0,reset=0} D5{on=1,ready=1,sync=1,startup=TEST_READY,attempts=1,streak=53,firstAgeMs=3245,readyAgeMs=2991,total=212,delta=12,hist=212,lastAgeMs=0,reset=0} D6{on=1,ready=1,sync=1,startup=TEST_READY,attempts=1,streak=52,firstAgeMs=3141,readyAgeMs=2903,total=208,delta=12,hist=208,lastAgeMs=0,reset=0}
[2026-09-10T01:13:40.490Z][RENDERER/1] file:///D:/%E4%B8%8A%E4%BD%8D%E6%9C%BA%E7%95%8C%E9%9D%A2%E5%8E%9F%E5%9E%8B%E7%89%88/flame-detector-bench-desktop/dist/assets/index-A9TaTnGI.js:264 [WaveformDiag][UI] kind=delta wireAgeMs=15 payloadAgeMs=15 D1{on=1,total=220,delta=12,lastAgeMs=8,reset=0} D2{on=1,total=212,delta=16,lastAgeMs=8,reset=0} D3{on=1,total=212,delta=12,lastAgeMs=8,reset=0} D4{on=1,total=212,delta=12,lastAgeMs=8,reset=0} D5{on=1,total=212,delta=12,lastAgeMs=8,reset=0} D6{on=1,total=208,delta=12,lastAgeMs=8,reset=0}
[2026-09-10T01:13:41.478Z][STDOUT] [WaveformDiag][WS] mode=delta clients=2 resync=0 maxBuffered=0 stateAgeMs=14 D1{on=1,ready=1,sync=1,startup=TEST_READY,attempts=1,streak=73,firstAgeMs=4493,readyAgeMs=4234,total=292,delta=16,hist=292,lastAgeMs=7,reset=0} D2{on=1,ready=1,sync=1,startup=TEST_READY,attempts=1,streak=70,firstAgeMs=4218,readyAgeMs=4078,total=280,delta=12,hist=280,lastAgeMs=7,reset=0} D3{on=1,ready=1,sync=1,startup=TEST_READY,attempts=1,streak=70,firstAgeMs=4337,readyAgeMs=4080,total=280,delta=12,hist=280,lastAgeMs=7,reset=0} D4{on=1,ready=1,sync=1,startup=TEST_READY,attempts=1,streak=71,firstAgeMs=4339,readyAgeMs=4072,total=284,delta=16,hist=284,lastAgeMs=7,reset=0} D5{on=1,ready=1,sync=1,startup=TEST_READY,attempts=1,streak=70,firstAgeMs=4336,readyAgeMs=4082,total=280,delta=12,hist=280,lastAgeMs=7,reset=0} D6{on=1,ready=1,sync=1,startup=TEST_READY,attempts=1,streak=69,firstAgeMs=4232,readyAgeMs=3994,total=276,delta=12,hist=276,lastAgeMs=7,reset=0}
[2026-09-10T01:13:41.663Z][RENDERER/1] file:///D:/%E4%B8%8A%E4%BD%8D%E6%9C%BA%E7%95%8C%E9%9D%A2%E5%8E%9F%E5%9E%8B%E7%89%88/flame-detector-bench-desktop/dist/assets/index-A9TaTnGI.js:264 [WaveformDiag][UI] kind=delta wireAgeMs=22 payloadAgeMs=22 D1{on=1,total=292,delta=16,lastAgeMs=15,reset=0} D2{on=1,total=280,delta=12,lastAgeMs=15,reset=0} D3{on=1,total=280,delta=12,lastAgeMs=15,reset=0} D4{on=1,total=284,delta=16,lastAgeMs=15,reset=0} D5{on=1,total=280,delta=12,lastAgeMs=15,reset=0} D6{on=1,total=276,delta=12,lastAgeMs=15,reset=0}
[2026-09-10T01:13:42.569Z][STDOUT] [WaveformDiag][WS] mode=delta clients=2 resync=0 maxBuffered=0 stateAgeMs=7 D1{on=1,ready=1,sync=1,startup=TEST_READY,attempts=1,streak=89,firstAgeMs=5584,readyAgeMs=5325,total=356,delta=20,hist=356,lastAgeMs=100,reset=0} D2{on=1,ready=1,sync=1,startup=TEST_READY,attempts=1,streak=86,firstAgeMs=5309,readyAgeMs=5169,total=344,delta=20,hist=344,lastAgeMs=101,reset=0} D3{on=1,ready=1,sync=1,startup=TEST_READY,attempts=1,streak=86,firstAgeMs=5428,readyAgeMs=5171,total=344,delta=20,hist=344,lastAgeMs=101,reset=0} D4{on=1,ready=1,sync=1,startup=TEST_READY,attempts=1,streak=87,firstAgeMs=5430,readyAgeMs=5163,total=348,delta=20,hist=348,lastAgeMs=100,reset=0} D5{on=1,ready=1,sync=1,startup=TEST_READY,attempts=1,streak=86,firstAgeMs=5427,readyAgeMs=5173,total=344,delta=20,hist=344,lastAgeMs=102,reset=0} D6{on=1,ready=1,sync=1,startup=TEST_READY,attempts=1,streak=85,firstAgeMs=5323,readyAgeMs=5085,total=340,delta=20,hist=340,lastAgeMs=99,reset=0}
[2026-09-10T01:13:42.681Z][RENDERER/1] file:///D:/%E4%B8%8A%E4%BD%8D%E6%9C%BA%E7%95%8C%E9%9D%A2%E5%8E%9F%E5%9E%8B%E7%89%88/flame-detector-bench-desktop/dist/assets/index-A9TaTnGI.js:264 [WaveformDiag][UI] kind=delta wireAgeMs=24 payloadAgeMs=24 D1{on=1,total=356,delta=20,lastAgeMs=117,reset=0} D2{on=1,total=344,delta=20,lastAgeMs=118,reset=0} D3{on=1,total=344,delta=20,lastAgeMs=118,reset=0} D4{on=1,total=348,delta=20,lastAgeMs=117,reset=0} D5{on=1,total=344,delta=20,lastAgeMs=119,reset=0} D6{on=1,total=340,delta=20,lastAgeMs=116,reset=0}
[2026-09-10T01:13:43.810Z][STDOUT] [WaveformDiag][WS] mode=delta clients=2 resync=0 maxBuffered=0 stateAgeMs=75 D1{on=1,ready=1,sync=1,startup=TEST_READY,attempts=1,streak=109,firstAgeMs=6825,readyAgeMs=6566,total=436,delta=24,hist=436,lastAgeMs=68,reset=0} D2{on=1,ready=1,sync=1,startup=TEST_READY,attempts=1,streak=106,firstAgeMs=6550,readyAgeMs=6410,total=424,delta=24,hist=424,lastAgeMs=68,reset=0} D3{on=1,ready=1,sync=1,startup=TEST_READY,attempts=1,streak=106,firstAgeMs=6669,readyAgeMs=6412,total=424,delta=24,hist=424,lastAgeMs=68,reset=0} D4{on=1,ready=1,sync=1,startup=TEST_READY,attempts=1,streak=107,firstAgeMs=6671,readyAgeMs=6404,total=428,delta=24,hist=428,lastAgeMs=67,reset=0} D5{on=1,ready=1,sync=1,startup=TEST_READY,attempts=1,streak=106,firstAgeMs=6668,readyAgeMs=6414,total=424,delta=24,hist=424,lastAgeMs=68,reset=0} D6{on=1,ready=1,sync=1,startup=TEST_READY,attempts=1,streak=106,firstAgeMs=6564,readyAgeMs=6326,total=424,delta=28,hist=424,lastAgeMs=67,reset=0}
[2026-09-10T01:13:44.048Z][RENDERER/1] file:///D:/%E4%B8%8A%E4%BD%8D%E6%9C%BA%E7%95%8C%E9%9D%A2%E5%8E%9F%E5%9E%8B%E7%89%88/flame-detector-bench-desktop/dist/assets/index-A9TaTnGI.js:264 [WaveformDiag][UI] kind=delta wireAgeMs=115 payloadAgeMs=115 D1{on=1,total=436,delta=24,lastAgeMs=108,reset=0} D2{on=1,total=424,delta=24,lastAgeMs=108,reset=0} D3{on=1,total=424,delta=24,lastAgeMs=108,reset=0} D4{on=1,total=428,delta=24,lastAgeMs=107,reset=0} D5{on=1,total=424,delta=24,lastAgeMs=108,reset=0} D6{on=1,total=424,delta=28,lastAgeMs=107,reset=0}
[2026-09-10T01:13:44.901Z][STDOUT] [WaveformDiag][WS] mode=delta clients=2 resync=0 maxBuffered=0 stateAgeMs=6 D1{on=1,ready=1,sync=1,startup=TEST_READY,attempts=1,streak=124,firstAgeMs=7916,readyAgeMs=7657,total=496,delta=4,hist=496,lastAgeMs=206,reset=0} D2{on=1,ready=1,sync=1,startup=TEST_READY,attempts=1,streak=122,firstAgeMs=7641,readyAgeMs=7501,total=488,delta=8,hist=488,lastAgeMs=206,reset=0} D3{on=1,ready=1,sync=1,startup=TEST_READY,attempts=1,streak=122,firstAgeMs=7760,readyAgeMs=7503,total=488,delta=8,hist=488,lastAgeMs=207,reset=0} D4{on=1,ready=1,sync=1,startup=TEST_READY,attempts=1,streak=122,firstAgeMs=7762,readyAgeMs=7495,total=488,delta=4,hist=488,lastAgeMs=206,reset=0} D5{on=1,ready=1,sync=1,startup=TEST_READY,attempts=1,streak=122,firstAgeMs=7759,readyAgeMs=7505,total=488,delta=8,hist=488,lastAgeMs=207,reset=0} D6{on=1,ready=1,sync=1,startup=TEST_READY,attempts=1,streak=121,firstAgeMs=7655,readyAgeMs=7417,total=484,delta=8,hist=484,lastAgeMs=207,reset=0}
[2026-09-10T01:13:45.126Z][RENDERER/1] file:///D:/%E4%B8%8A%E4%BD%8D%E6%9C%BA%E7%95%8C%E9%9D%A2%E5%8E%9F%E5%9E%8B%E7%89%88/flame-detector-bench-desktop/dist/assets/index-A9TaTnGI.js:264 [WaveformDiag][UI] kind=delta wireAgeMs=32 payloadAgeMs=32 D1{on=1,total=496,delta=4,lastAgeMs=232,reset=0} D2{on=1,total=488,delta=8,lastAgeMs=232,reset=0} D3{on=1,total=488,delta=8,lastAgeMs=233,reset=0} D4{on=1,total=488,delta=4,lastAgeMs=232,reset=0} D5{on=1,total=488,delta=8,lastAgeMs=233,reset=0} D6{on=1,total=484,delta=8,lastAgeMs=233,reset=0}
[2026-09-10T01:13:46.228Z][STDOUT] [WaveformDiag][WS] mode=delta clients=2 resync=0 maxBuffered=0 stateAgeMs=7 D1{on=1,ready=1,sync=1,startup=TEST_READY,attempts=1,streak=145,firstAgeMs=9243,readyAgeMs=8984,total=580,delta=12,hist=580,lastAgeMs=226,reset=0} D2{on=1,ready=1,sync=1,startup=TEST_READY,attempts=1,streak=144,firstAgeMs=8968,readyAgeMs=8828,total=576,delta=20,hist=576,lastAgeMs=135,reset=0} D3{on=1,ready=1,sync=1,startup=TEST_READY,attempts=1,streak=143,firstAgeMs=9087,readyAgeMs=8830,total=572,delta=16,hist=572,lastAgeMs=225,reset=0} D4{on=1,ready=1,sync=1,startup=TEST_READY,attempts=1,streak=143,firstAgeMs=9089,readyAgeMs=8822,total=572,delta=12,hist=572,lastAgeMs=226,reset=0} D5{on=1,ready=1,sync=1,startup=TEST_READY,attempts=1,streak=143,firstAgeMs=9086,readyAgeMs=8832,total=572,delta=16,hist=572,lastAgeMs=225,reset=0} D6{on=1,ready=1,sync=1,startup=TEST_READY,attempts=1,streak=142,firstAgeMs=8982,readyAgeMs=8744,total=568,delta=16,hist=568,lastAgeMs=226,reset=0}
[2026-09-10T01:13:46.344Z][RENDERER/1] file:///D:/%E4%B8%8A%E4%BD%8D%E6%9C%BA%E7%95%8C%E9%9D%A2%E5%8E%9F%E5%9E%8B%E7%89%88/flame-detector-bench-desktop/dist/assets/index-A9TaTnGI.js:264 [WaveformDiag][UI] kind=delta wireAgeMs=10 payloadAgeMs=10 D1{on=1,total=580,delta=12,lastAgeMs=229,reset=0} D2{on=1,total=576,delta=20,lastAgeMs=138,reset=0} D3{on=1,total=572,delta=16,lastAgeMs=228,reset=0} D4{on=1,total=572,delta=12,lastAgeMs=229,reset=0} D5{on=1,total=572,delta=16,lastAgeMs=228,reset=0} D6{on=1,total=568,delta=16,lastAgeMs=229,reset=0}
[2026-09-10T01:13:47.351Z][STDOUT] [WaveformDiag][WS] mode=delta clients=2 resync=0 maxBuffered=0 stateAgeMs=10 D1{on=1,ready=1,sync=1,startup=TEST_READY,attempts=1,streak=163,firstAgeMs=10366,readyAgeMs=10107,total=652,delta=12,hist=652,lastAgeMs=216,reset=0} D2{on=1,ready=1,sync=1,startup=TEST_READY,attempts=1,streak=160,firstAgeMs=10091,readyAgeMs=9951,total=640,delta=12,hist=640,lastAgeMs=216,reset=0} D3{on=1,ready=1,sync=1,startup=TEST_READY,attempts=1,streak=161,firstAgeMs=10210,readyAgeMs=9953,total=644,delta=16,hist=644,lastAgeMs=217,reset=0} D4{on=1,ready=1,sync=1,startup=TEST_READY,attempts=1,streak=161,firstAgeMs=10212,readyAgeMs=9945,total=644,delta=12,hist=644,lastAgeMs=216,reset=0} D5{on=1,ready=1,sync=1,startup=TEST_READY,attempts=1,streak=161,firstAgeMs=10209,readyAgeMs=9955,total=644,delta=16,hist=644,lastAgeMs=217,reset=0} D6{on=1,ready=1,sync=1,startup=TEST_READY,attempts=1,streak=160,firstAgeMs=10105,readyAgeMs=9867,total=640,delta=16,hist=640,lastAgeMs=218,reset=0}
[2026-09-10T01:13:47.796Z][RENDERER/1] file:///D:/%E4%B8%8A%E4%BD%8D%E6%9C%BA%E7%95%8C%E9%9D%A2%E5%8E%9F%E5%9E%8B%E7%89%88/flame-detector-bench-desktop/dist/assets/index-A9TaTnGI.js:264 [WaveformDiag][UI] kind=delta wireAgeMs=55 payloadAgeMs=55 D1{on=1,total=652,delta=12,lastAgeMs=261,reset=0} D2{on=1,total=640,delta=12,lastAgeMs=261,reset=0} D3{on=1,total=644,delta=16,lastAgeMs=262,reset=0} D4{on=1,total=644,delta=12,lastAgeMs=261,reset=0} D5{on=1,total=644,delta=16,lastAgeMs=262,reset=0} D6{on=1,total=640,delta=16,lastAgeMs=263,reset=0}
[2026-09-10T01:13:48.687Z][STDOUT] [WaveformDiag][WS] mode=delta clients=2 resync=0 maxBuffered=0 stateAgeMs=6 D1{on=1,ready=1,sync=1,startup=TEST_READY,attempts=1,streak=183,firstAgeMs=11702,readyAgeMs=11443,total=732,delta=16,hist=732,lastAgeMs=337,reset=0} D2{on=1,ready=1,sync=1,startup=TEST_READY,attempts=1,streak=180,firstAgeMs=11427,readyAgeMs=11287,total=720,delta=12,hist=720,lastAgeMs=335,reset=0} D3{on=1,ready=1,sync=1,startup=TEST_READY,attempts=1,streak=180,firstAgeMs=11546,readyAgeMs=11289,total=720,delta=12,hist=720,lastAgeMs=335,reset=0} D4{on=1,ready=1,sync=1,startup=TEST_READY,attempts=1,streak=181,firstAgeMs=11548,readyAgeMs=11281,total=724,delta=16,hist=724,lastAgeMs=336,reset=0} D5{on=1,ready=1,sync=1,startup=TEST_READY,attempts=1,streak=180,firstAgeMs=11545,readyAgeMs=11291,total=720,delta=12,hist=720,lastAgeMs=335,reset=0} D6{on=1,ready=1,sync=1,startup=TEST_READY,attempts=1,streak=182,firstAgeMs=11441,readyAgeMs=11203,total=728,delta=24,hist=728,lastAgeMs=151,reset=0}
[2026-09-10T01:13:48.911Z][RENDERER/1] file:///D:/%E4%B8%8A%E4%BD%8D%E6%9C%BA%E7%95%8C%E9%9D%A2%E5%8E%9F%E5%9E%8B%E7%89%88/flame-detector-bench-desktop/dist/assets/index-A9TaTnGI.js:264 [WaveformDiag][UI] kind=delta wireAgeMs=33 payloadAgeMs=33 D1{on=1,total=732,delta=16,lastAgeMs=364,reset=0} D2{on=1,total=720,delta=12,lastAgeMs=362,reset=0} D3{on=1,total=720,delta=12,lastAgeMs=362,reset=0} D4{on=1,total=724,delta=16,lastAgeMs=363,reset=0} D5{on=1,total=720,delta=12,lastAgeMs=362,reset=0} D6{on=1,total=728,delta=24,lastAgeMs=178,reset=0}
[2026-09-10T01:13:49.745Z][STDOUT] [WaveformDiag][WS] mode=delta clients=2 resync=0 maxBuffered=0 stateAgeMs=6 D1{on=1,ready=1,sync=1,startup=TEST_READY,attempts=1,streak=200,firstAgeMs=12760,readyAgeMs=12501,total=800,delta=16,hist=800,lastAgeMs=324,reset=0} D2{on=1,ready=1,sync=1,startup=TEST_READY,attempts=1,streak=197,firstAgeMs=12485,readyAgeMs=12345,total=788,delta=16,hist=788,lastAgeMs=324,reset=0} D3{on=1,ready=1,sync=1,startup=TEST_READY,attempts=1,streak=197,firstAgeMs=12604,readyAgeMs=12347,total=788,delta=16,hist=788,lastAgeMs=325,reset=0} D4{on=1,ready=1,sync=1,startup=TEST_READY,attempts=1,streak=198,firstAgeMs=12606,readyAgeMs=12339,total=792,delta=16,hist=792,lastAgeMs=323,reset=0} D5{on=1,ready=1,sync=1,startup=TEST_READY,attempts=1,streak=197,firstAgeMs=12603,readyAgeMs=12349,total=788,delta=16,hist=788,lastAgeMs=325,reset=0} D6{on=1,ready=1,sync=1,startup=TEST_READY,attempts=1,streak=197,firstAgeMs=12499,readyAgeMs=12261,total=788,delta=16,hist=788,lastAgeMs=322,reset=0}
[2026-09-10T01:13:49.965Z][RENDERER/1] file:///D:/%E4%B8%8A%E4%BD%8D%E6%9C%BA%E7%95%8C%E9%9D%A2%E5%8E%9F%E5%9E%8B%E7%89%88/flame-detector-bench-desktop/dist/assets/index-A9TaTnGI.js:264 [WaveformDiag][UI] kind=delta wireAgeMs=17 payloadAgeMs=17 D1{on=1,total=800,delta=16,lastAgeMs=335,reset=0} D2{on=1,total=788,delta=16,lastAgeMs=335,reset=0} D3{on=1,total=788,delta=16,lastAgeMs=336,reset=0} D4{on=1,total=792,delta=16,lastAgeMs=334,reset=0} D5{on=1,total=788,delta=16,lastAgeMs=336,reset=0} D6{on=1,total=788,delta=16,lastAgeMs=333,reset=0}
[2026-09-10T01:13:50.749Z][STDOUT] [WaveformDiag][WS] mode=delta clients=2 resync=0 maxBuffered=0 stateAgeMs=7 D1{on=1,ready=1,sync=1,startup=TEST_READY,attempts=1,streak=216,firstAgeMs=13764,readyAgeMs=13505,total=864,delta=16,hist=864,lastAgeMs=339,reset=0} D2{on=1,ready=1,sync=1,startup=TEST_READY,attempts=1,streak=213,firstAgeMs=13489,readyAgeMs=13349,total=852,delta=12,hist=852,lastAgeMs=336,reset=0} D3{on=1,ready=1,sync=1,startup=TEST_READY,attempts=1,streak=213,firstAgeMs=13608,readyAgeMs=13351,total=852,delta=12,hist=852,lastAgeMs=337,reset=0} D4{on=1,ready=1,sync=1,startup=TEST_READY,attempts=1,streak=214,firstAgeMs=13610,readyAgeMs=13343,total=856,delta=16,hist=856,lastAgeMs=339,reset=0} D5{on=1,ready=1,sync=1,startup=TEST_READY,attempts=1,streak=213,firstAgeMs=13607,readyAgeMs=13353,total=852,delta=12,hist=852,lastAgeMs=337,reset=0} D6{on=1,ready=1,sync=1,startup=TEST_READY,attempts=1,streak=212,firstAgeMs=13503,readyAgeMs=13265,total=848,delta=12,hist=848,lastAgeMs=338,reset=0}
[2026-09-10T01:13:50.986Z][RENDERER/1] file:///D:/%E4%B8%8A%E4%BD%8D%E6%9C%BA%E7%95%8C%E9%9D%A2%E5%8E%9F%E5%9E%8B%E7%89%88/flame-detector-bench-desktop/dist/assets/index-A9TaTnGI.js:264 [WaveformDiag][UI] kind=delta wireAgeMs=15 payloadAgeMs=15 D1{on=1,total=864,delta=16,lastAgeMs=347,reset=0} D2{on=1,total=852,delta=12,lastAgeMs=344,reset=0} D3{on=1,total=852,delta=12,lastAgeMs=345,reset=0} D4{on=1,total=856,delta=16,lastAgeMs=347,reset=0} D5{on=1,total=852,delta=12,lastAgeMs=345,reset=0} D6{on=1,total=848,delta=12,lastAgeMs=346,reset=0}
[2026-09-10T01:13:51.799Z][STDOUT] [WaveformDiag][WS] mode=delta clients=2 resync=0 maxBuffered=0 stateAgeMs=9 D1{on=1,ready=1,sync=1,startup=TEST_READY,attempts=1,streak=233,firstAgeMs=14814,readyAgeMs=14555,total=932,delta=16,hist=932,lastAgeMs=296,reset=0} D2{on=1,ready=1,sync=1,startup=TEST_READY,attempts=1,streak=230,firstAgeMs=14539,readyAgeMs=14399,total=920,delta=16,hist=920,lastAgeMs=297,reset=0} D3{on=1,ready=1,sync=1,startup=TEST_READY,attempts=1,streak=231,firstAgeMs=14658,readyAgeMs=14401,total=924,delta=16,hist=924,lastAgeMs=294,reset=0} D4{on=1,ready=1,sync=1,startup=TEST_READY,attempts=1,streak=231,firstAgeMs=14660,readyAgeMs=14393,total=924,delta=16,hist=924,lastAgeMs=295,reset=0} D5{on=1,ready=1,sync=1,startup=TEST_READY,attempts=1,streak=231,firstAgeMs=14657,readyAgeMs=14403,total=924,delta=16,hist=924,lastAgeMs=293,reset=0} D6{on=1,ready=1,sync=1,startup=TEST_READY,attempts=1,streak=230,firstAgeMs=14553,readyAgeMs=14315,total=920,delta=16,hist=920,lastAgeMs=295,reset=0}
[2026-09-10T01:13:52.068Z][RENDERER/1] file:///D:/%E4%B8%8A%E4%BD%8D%E6%9C%BA%E7%95%8C%E9%9D%A2%E5%8E%9F%E5%9E%8B%E7%89%88/flame-detector-bench-desktop/dist/assets/index-A9TaTnGI.js:264 [WaveformDiag][UI] kind=delta wireAgeMs=37 payloadAgeMs=37 D1{on=1,total=932,delta=16,lastAgeMs=324,reset=0} D2{on=1,total=920,delta=16,lastAgeMs=325,reset=0} D3{on=1,total=924,delta=16,lastAgeMs=322,reset=0} D4{on=1,total=924,delta=16,lastAgeMs=323,reset=0} D5{on=1,total=924,delta=16,lastAgeMs=321,reset=0} D6{on=1,total=920,delta=16,lastAgeMs=323,reset=0}
[2026-09-10T01:13:52.820Z][STDOUT] [WaveformDiag][WS] mode=delta clients=2 resync=0 maxBuffered=0 stateAgeMs=7 D1{on=1,ready=1,sync=1,startup=TEST_READY,attempts=1,streak=250,firstAgeMs=15835,readyAgeMs=15576,total=1000,delta=16,hist=1000,lastAgeMs=235,reset=0} D2{on=1,ready=1,sync=1,startup=TEST_READY,attempts=1,streak=248,firstAgeMs=15560,readyAgeMs=15420,total=992,delta=16,hist=992,lastAgeMs=232,reset=0} D3{on=1,ready=1,sync=1,startup=TEST_READY,attempts=1,streak=248,firstAgeMs=15679,readyAgeMs=15422,total=992,delta=16,hist=992,lastAgeMs=233,reset=0} D4{on=1,ready=1,sync=1,startup=TEST_READY,attempts=1,streak=248,firstAgeMs=15681,readyAgeMs=15414,total=992,delta=16,hist=992,lastAgeMs=236,reset=0} D5{on=1,ready=1,sync=1,startup=TEST_READY,attempts=1,streak=248,firstAgeMs=15678,readyAgeMs=15424,total=992,delta=16,hist=992,lastAgeMs=233,reset=0} D6{on=1,ready=1,sync=1,startup=TEST_READY,attempts=1,streak=247,firstAgeMs=15574,readyAgeMs=15336,total=988,delta=16,hist=988,lastAgeMs=234,reset=0}
[2026-09-10T01:13:53.163Z][RENDERER/1] file:///D:/%E4%B8%8A%E4%BD%8D%E6%9C%BA%E7%95%8C%E9%9D%A2%E5%8E%9F%E5%9E%8B%E7%89%88/flame-detector-bench-desktop/dist/assets/index-A9TaTnGI.js:264 [WaveformDiag][UI] kind=delta wireAgeMs=26 payloadAgeMs=26 D1{on=1,total=1016,delta=16,lastAgeMs=249,reset=0} D2{on=1,total=1008,delta=16,lastAgeMs=245,reset=0} D3{on=1,total=1008,delta=16,lastAgeMs=246,reset=0} D4{on=1,total=1008,delta=16,lastAgeMs=248,reset=0} D5{on=1,total=1008,delta=16,lastAgeMs=247,reset=0} D6{on=1,total=1004,delta=16,lastAgeMs=248,reset=0}
[2026-09-10T01:13:53.912Z][STDOUT] [WaveformDiag][WS] mode=delta clients=2 resync=0 maxBuffered=0 stateAgeMs=7 D1{on=1,ready=1,sync=1,startup=TEST_READY,attempts=1,streak=270,firstAgeMs=16927,readyAgeMs=16668,total=1080,delta=24,hist=1000,lastAgeMs=115,reset=0} D2{on=1,ready=1,sync=1,startup=TEST_READY,attempts=1,streak=267,firstAgeMs=16652,readyAgeMs=16512,total=1068,delta=20,hist=1000,lastAgeMs=116,reset=0} D3{on=1,ready=1,sync=1,startup=TEST_READY,attempts=1,streak=267,firstAgeMs=16771,readyAgeMs=16514,total=1068,delta=20,hist=1000,lastAgeMs=116,reset=0} D4{on=1,ready=1,sync=1,startup=TEST_READY,attempts=1,streak=268,firstAgeMs=16773,readyAgeMs=16506,total=1072,delta=24,hist=1000,lastAgeMs=115,reset=0} D5{on=1,ready=1,sync=1,startup=TEST_READY,attempts=1,streak=267,firstAgeMs=16770,readyAgeMs=16516,total=1068,delta=20,hist=1000,lastAgeMs=116,reset=0} D6{on=1,ready=1,sync=1,startup=TEST_READY,attempts=1,streak=267,firstAgeMs=16666,readyAgeMs=16428,total=1068,delta=24,hist=1000,lastAgeMs=114,reset=0}
[2026-09-10T01:13:54.439Z][RENDERER/1] file:///D:/%E4%B8%8A%E4%BD%8D%E6%9C%BA%E7%95%8C%E9%9D%A2%E5%8E%9F%E5%9E%8B%E7%89%88/flame-detector-bench-desktop/dist/assets/index-A9TaTnGI.js:264 [WaveformDiag][UI] kind=delta wireAgeMs=14 payloadAgeMs=14 D1{on=1,total=1096,delta=16,lastAgeMs=265,reset=0} D2{on=1,total=1084,delta=16,lastAgeMs=266,reset=0} D3{on=1,total=1092,delta=24,lastAgeMs=158,reset=0} D4{on=1,total=1088,delta=16,lastAgeMs=266,reset=0} D5{on=1,total=1092,delta=24,lastAgeMs=159,reset=0} D6{on=1,total=1084,delta=16,lastAgeMs=265,reset=0}
[2026-09-10T01:13:54.927Z][STDOUT] [WaveformDiag][WS] mode=delta clients=2 resync=0 maxBuffered=0 stateAgeMs=7 D1{on=1,ready=1,sync=1,startup=TEST_READY,attempts=1,streak=284,firstAgeMs=17942,readyAgeMs=17683,total=1136,delta=16,hist=1000,lastAgeMs=267,reset=0} D2{on=1,ready=1,sync=1,startup=TEST_READY,attempts=1,streak=281,firstAgeMs=17667,readyAgeMs=17527,total=1124,delta=12,hist=1000,lastAgeMs=256,reset=0} D3{on=1,ready=1,sync=1,startup=TEST_READY,attempts=1,streak=281,firstAgeMs=17786,readyAgeMs=17529,total=1124,delta=12,hist=1000,lastAgeMs=256,reset=0} D4{on=1,ready=1,sync=1,startup=TEST_READY,attempts=1,streak=282,firstAgeMs=17788,readyAgeMs=17521,total=1128,delta=16,hist=1000,lastAgeMs=258,reset=0} D5{on=1,ready=1,sync=1,startup=TEST_READY,attempts=1,streak=281,firstAgeMs=17785,readyAgeMs=17531,total=1124,delta=12,hist=1000,lastAgeMs=257,reset=0} D6{on=1,ready=1,sync=1,startup=TEST_READY,attempts=1,streak=281,firstAgeMs=17681,readyAgeMs=17443,total=1124,delta=16,hist=1000,lastAgeMs=257,reset=0}
[2026-09-10T01:13:55.575Z][RENDERER/1] file:///D:/%E4%B8%8A%E4%BD%8D%E6%9C%BA%E7%95%8C%E9%9D%A2%E5%8E%9F%E5%9E%8B%E7%89%88/flame-detector-bench-desktop/dist/assets/index-A9TaTnGI.js:264 [WaveformDiag][UI] kind=delta wireAgeMs=17 payloadAgeMs=17 D1{on=1,total=1168,delta=16,lastAgeMs=266,reset=0} D2{on=1,total=1156,delta=16,lastAgeMs=267,reset=0} D3{on=1,total=1160,delta=20,lastAgeMs=267,reset=0} D4{on=1,total=1160,delta=16,lastAgeMs=265,reset=0} D5{on=1,total=1156,delta=16,lastAgeMs=269,reset=0} D6{on=1,total=1156,delta=16,lastAgeMs=265,reset=0}
[2026-09-10T01:13:56.078Z][STDOUT] [WaveformDiag][WS] mode=delta clients=2 resync=0 maxBuffered=0 stateAgeMs=6 D1{on=1,ready=1,sync=1,startup=TEST_READY,attempts=1,streak=302,firstAgeMs=19093,readyAgeMs=18834,total=1208,delta=16,hist=1000,lastAgeMs=253,reset=0} D2{on=1,ready=1,sync=1,startup=TEST_READY,attempts=1,streak=300,firstAgeMs=18818,readyAgeMs=18678,total=1200,delta=16,hist=1000,lastAgeMs=250,reset=0} D3{on=1,ready=1,sync=1,startup=TEST_READY,attempts=1,streak=300,firstAgeMs=18937,readyAgeMs=18680,total=1200,delta=16,hist=1000,lastAgeMs=251,reset=0} D4{on=1,ready=1,sync=1,startup=TEST_READY,attempts=1,streak=300,firstAgeMs=18939,readyAgeMs=18672,total=1200,delta=16,hist=1000,lastAgeMs=254,reset=0} D5{on=1,ready=1,sync=1,startup=TEST_READY,attempts=1,streak=300,firstAgeMs=18936,readyAgeMs=18682,total=1200,delta=16,hist=1000,lastAgeMs=252,reset=0} D6{on=1,ready=1,sync=1,startup=TEST_READY,attempts=1,streak=299,firstAgeMs=18832,readyAgeMs=18594,total=1196,delta=16,hist=1000,lastAgeMs=253,reset=0}
[2026-09-10T01:13:56.844Z][RENDERER/1] file:///D:/%E4%B8%8A%E4%BD%8D%E6%9C%BA%E7%95%8C%E9%9D%A2%E5%8E%9F%E5%9E%8B%E7%89%88/flame-detector-bench-desktop/dist/assets/index-A9TaTnGI.js:264 [WaveformDiag][UI] kind=delta wireAgeMs=16 payloadAgeMs=16 D1{on=1,total=1252,delta=28,lastAgeMs=135,reset=0} D2{on=1,total=1240,delta=24,lastAgeMs=134,reset=0} D3{on=1,total=1240,delta=24,lastAgeMs=135,reset=0} D4{on=1,total=1244,delta=28,lastAgeMs=134,reset=0} D5{on=1,total=1240,delta=24,lastAgeMs=134,reset=0} D6{on=1,total=1236,delta=24,lastAgeMs=135,reset=0}
[2026-09-10T01:13:57.314Z][STDOUT] [WaveformDiag][WS] mode=delta clients=2 resync=0 maxBuffered=0 stateAgeMs=7 D1{on=1,ready=1,sync=1,startup=TEST_READY,attempts=1,streak=319,firstAgeMs=20329,readyAgeMs=20070,total=1276,delta=16,hist=1000,lastAgeMs=465,reset=0} D2{on=1,ready=1,sync=1,startup=TEST_READY,attempts=1,streak=316,firstAgeMs=20054,readyAgeMs=19914,total=1264,delta=16,hist=1000,lastAgeMs=467,reset=0} D3{on=1,ready=1,sync=1,startup=TEST_READY,attempts=1,streak=316,firstAgeMs=20173,readyAgeMs=19916,total=1264,delta=16,hist=1000,lastAgeMs=468,reset=0} D4{on=1,ready=1,sync=1,startup=TEST_READY,attempts=1,streak=317,firstAgeMs=20175,readyAgeMs=19908,total=1268,delta=16,hist=1000,lastAgeMs=466,reset=0} D5{on=1,ready=1,sync=1,startup=TEST_READY,attempts=1,streak=316,firstAgeMs=20172,readyAgeMs=19918,total=1264,delta=16,hist=1000,lastAgeMs=468,reset=0} D6{on=1,ready=1,sync=1,startup=TEST_READY,attempts=1,streak=317,firstAgeMs=20068,readyAgeMs=19830,total=1268,delta=16,hist=1000,lastAgeMs=374,reset=0}
[2026-09-10T01:13:57.962Z][RENDERER/1] file:///D:/%E4%B8%8A%E4%BD%8D%E6%9C%BA%E7%95%8C%E9%9D%A2%E5%8E%9F%E5%9E%8B%E7%89%88/flame-detector-bench-desktop/dist/assets/index-A9TaTnGI.js:264 [WaveformDiag][UI] kind=delta wireAgeMs=7 payloadAgeMs=7 D1{on=1,total=1332,delta=28,lastAgeMs=231,reset=0} D2{on=1,total=1320,delta=24,lastAgeMs=232,reset=0} D3{on=1,total=1320,delta=24,lastAgeMs=233,reset=0} D4{on=1,total=1324,delta=28,lastAgeMs=232,reset=0} D5{on=1,total=1320,delta=24,lastAgeMs=233,reset=0} D6{on=1,total=1320,delta=28,lastAgeMs=233,reset=0}
[2026-09-10T01:13:58.471Z][STDOUT] [WaveformDiag][WS] mode=delta clients=2 resync=0 maxBuffered=0 stateAgeMs=8 D1{on=1,ready=1,sync=1,startup=TEST_READY,attempts=1,streak=340,firstAgeMs=21486,readyAgeMs=21227,total=1360,delta=12,hist=1000,lastAgeMs=283,reset=0} D2{on=1,ready=1,sync=1,startup=TEST_READY,attempts=1,streak=337,firstAgeMs=21211,readyAgeMs=21071,total=1348,delta=12,hist=1000,lastAgeMs=284,reset=0} D3{on=1,ready=1,sync=1,startup=TEST_READY,attempts=1,streak=337,firstAgeMs=21330,readyAgeMs=21073,total=1348,delta=12,hist=1000,lastAgeMs=285,reset=0} D4{on=1,ready=1,sync=1,startup=TEST_READY,attempts=1,streak=338,firstAgeMs=21332,readyAgeMs=21065,total=1352,delta=12,hist=1000,lastAgeMs=283,reset=0} D5{on=1,ready=1,sync=1,startup=TEST_READY,attempts=1,streak=337,firstAgeMs=21329,readyAgeMs=21075,total=1348,delta=12,hist=1000,lastAgeMs=284,reset=0} D6{on=1,ready=1,sync=1,startup=TEST_READY,attempts=1,streak=339,firstAgeMs=21225,readyAgeMs=20987,total=1356,delta=24,hist=1000,lastAgeMs=156,reset=0}
[2026-09-10T01:13:59.238Z][RENDERER/1] file:///D:/%E4%B8%8A%E4%BD%8D%E6%9C%BA%E7%95%8C%E9%9D%A2%E5%8E%9F%E5%9E%8B%E7%89%88/flame-detector-bench-desktop/dist/assets/index-A9TaTnGI.js:264 [WaveformDiag][UI] kind=delta wireAgeMs=15 payloadAgeMs=15 D1{on=1,total=1396,delta=16,lastAgeMs=250,reset=0} D2{on=1,total=1384,delta=16,lastAgeMs=251,reset=0} D3{on=1,total=1384,delta=8,lastAgeMs=249,reset=0} D4{on=1,total=1388,delta=16,lastAgeMs=250,reset=0} D5{on=1,total=1384,delta=16,lastAgeMs=252,reset=0} D6{on=1,total=1384,delta=16,lastAgeMs=249,reset=0}
[2026-09-10T01:13:59.480Z][STDOUT] [WaveformDiag][WS] mode=delta clients=2 resync=0 maxBuffered=0 stateAgeMs=9 D1{on=1,ready=1,sync=1,startup=TEST_READY,attempts=1,streak=357,firstAgeMs=22495,readyAgeMs=22236,total=1428,delta=16,hist=1000,lastAgeMs=237,reset=0} D2{on=1,ready=1,sync=1,startup=TEST_READY,attempts=1,streak=354,firstAgeMs=22220,readyAgeMs=22080,total=1416,delta=16,hist=1000,lastAgeMs=238,reset=0} D3{on=1,ready=1,sync=1,startup=TEST_READY,attempts=1,streak=354,firstAgeMs=22339,readyAgeMs=22082,total=1416,delta=16,hist=1000,lastAgeMs=239,reset=0} D4{on=1,ready=1,sync=1,startup=TEST_READY,attempts=1,streak=355,firstAgeMs=22341,readyAgeMs=22074,total=1420,delta=16,hist=1000,lastAgeMs=237,reset=0} D5{on=1,ready=1,sync=1,startup=TEST_READY,attempts=1,streak=354,firstAgeMs=22338,readyAgeMs=22084,total=1416,delta=16,hist=1000,lastAgeMs=240,reset=0} D6{on=1,ready=1,sync=1,startup=TEST_READY,attempts=1,streak=354,firstAgeMs=22234,readyAgeMs=21996,total=1416,delta=16,hist=1000,lastAgeMs=236,reset=0}
[2026-09-10T01:14:00.530Z][STDOUT] [WaveformDiag][WS] mode=delta clients=2 resync=0 maxBuffered=0 stateAgeMs=8 D1{on=1,ready=1,sync=1,startup=TEST_READY,attempts=1,streak=370,firstAgeMs=23545,readyAgeMs=23286,total=1480,delta=20,hist=1000,lastAgeMs=490,reset=0} D2{on=1,ready=1,sync=1,startup=TEST_READY,attempts=1,streak=367,firstAgeMs=23270,readyAgeMs=23130,total=1468,delta=16,hist=1000,lastAgeMs=488,reset=0} D3{on=1,ready=1,sync=1,startup=TEST_READY,attempts=1,streak=367,firstAgeMs=23389,readyAgeMs=23132,total=1468,delta=16,hist=1000,lastAgeMs=488,reset=0} D4{on=1,ready=1,sync=1,startup=TEST_READY,attempts=1,streak=368,firstAgeMs=23391,readyAgeMs=23124,total=1472,delta=16,hist=1000,lastAgeMs=487,reset=0} D5{on=1,ready=1,sync=1,startup=TEST_READY,attempts=1,streak=367,firstAgeMs=23388,readyAgeMs=23134,total=1468,delta=16,hist=1000,lastAgeMs=489,reset=0} D6{on=1,ready=1,sync=1,startup=TEST_READY,attempts=1,streak=366,firstAgeMs=23284,readyAgeMs=23046,total=1464,delta=16,hist=1000,lastAgeMs=490,reset=0}
[2026-09-10T01:14:00.532Z][RENDERER/1] file:///D:/%E4%B8%8A%E4%BD%8D%E6%9C%BA%E7%95%8C%E9%9D%A2%E5%8E%9F%E5%9E%8B%E7%89%88/flame-detector-bench-desktop/dist/assets/index-A9TaTnGI.js:264 [WaveformDiag][UI] kind=delta wireAgeMs=14 payloadAgeMs=14 D1{on=1,total=1460,delta=16,lastAgeMs=266,reset=0} D2{on=1,total=1452,delta=20,lastAgeMs=267,reset=0} D3{on=1,total=1452,delta=20,lastAgeMs=268,reset=0} D4{on=1,total=1456,delta=20,lastAgeMs=266,reset=0} D5{on=1,total=1452,delta=20,lastAgeMs=269,reset=0} D6{on=1,total=1448,delta=16,lastAgeMs=265,reset=0}
[2026-09-10T01:14:01.464Z][RENDERER/1] file:///D:/%E4%B8%8A%E4%BD%8D%E6%9C%BA%E7%95%8C%E9%9D%A2%E5%8E%9F%E5%9E%8B%E7%89%88/flame-detector-bench-desktop/dist/assets/index-A9TaTnGI.js:264 [WaveformDiag][UI] kind=delta wireAgeMs=42 payloadAgeMs=42 D1{on=1,total=1536,delta=24,lastAgeMs=133,reset=0} D2{on=1,total=1528,delta=28,lastAgeMs=134,reset=0} D3{on=1,total=1528,delta=28,lastAgeMs=135,reset=0} D4{on=1,total=1528,delta=24,lastAgeMs=134,reset=0} D5{on=1,total=1528,delta=28,lastAgeMs=135,reset=0} D6{on=1,total=1532,delta=36,lastAgeMs=43,reset=0}
[2026-09-10T01:14:01.726Z][STDOUT] [WaveformDiag][WS] mode=delta clients=2 resync=0 maxBuffered=0 stateAgeMs=7 D1{on=1,ready=1,sync=1,startup=TEST_READY,attempts=1,streak=393,firstAgeMs=24741,readyAgeMs=24482,total=1572,delta=28,hist=1000,lastAgeMs=248,reset=0} D2{on=1,ready=1,sync=1,startup=TEST_READY,attempts=1,streak=390,firstAgeMs=24466,readyAgeMs=24326,total=1560,delta=28,hist=1000,lastAgeMs=251,reset=0} D3{on=1,ready=1,sync=1,startup=TEST_READY,attempts=1,streak=390,firstAgeMs=24585,readyAgeMs=24328,total=1560,delta=28,hist=1000,lastAgeMs=253,reset=0} D4{on=1,ready=1,sync=1,startup=TEST_READY,attempts=1,streak=391,firstAgeMs=24587,readyAgeMs=24320,total=1564,delta=28,hist=1000,lastAgeMs=249,reset=0} D5{on=1,ready=1,sync=1,startup=TEST_READY,attempts=1,streak=390,firstAgeMs=24584,readyAgeMs=24330,total=1560,delta=28,hist=1000,lastAgeMs=254,reset=0} D6{on=1,ready=1,sync=1,startup=TEST_READY,attempts=1,streak=390,firstAgeMs=24480,readyAgeMs=24242,total=1560,delta=28,hist=1000,lastAgeMs=247,reset=0}
[2026-09-10T01:14:02.824Z][STDOUT] [WaveformDiag][WS] mode=delta clients=2 resync=0 maxBuffered=0 stateAgeMs=9 D1{on=1,ready=1,sync=1,startup=TEST_READY,attempts=1,streak=406,firstAgeMs=25839,readyAgeMs=25580,total=1624,delta=20,hist=1000,lastAgeMs=532,reset=0} D2{on=1,ready=1,sync=1,startup=TEST_READY,attempts=1,streak=403,firstAgeMs=25564,readyAgeMs=25424,total=1612,delta=16,hist=1000,lastAgeMs=529,reset=0} D3{on=1,ready=1,sync=1,startup=TEST_READY,attempts=1,streak=403,firstAgeMs=25683,readyAgeMs=25426,total=1612,delta=16,hist=1000,lastAgeMs=530,reset=0} D4{on=1,ready=1,sync=1,startup=TEST_READY,attempts=1,streak=404,firstAgeMs=25685,readyAgeMs=25418,total=1616,delta=20,hist=1000,lastAgeMs=533,reset=0} D5{on=1,ready=1,sync=1,startup=TEST_READY,attempts=1,streak=403,firstAgeMs=25682,readyAgeMs=25428,total=1612,delta=16,hist=1000,lastAgeMs=530,reset=0} D6{on=1,ready=1,sync=1,startup=TEST_READY,attempts=1,streak=403,firstAgeMs=25578,readyAgeMs=25340,total=1612,delta=20,hist=1000,lastAgeMs=531,reset=0}
[2026-09-10T01:14:02.826Z][RENDERER/1] file:///D:/%E4%B8%8A%E4%BD%8D%E6%9C%BA%E7%95%8C%E9%9D%A2%E5%8E%9F%E5%9E%8B%E7%89%88/flame-detector-bench-desktop/dist/assets/index-A9TaTnGI.js:264 [WaveformDiag][UI] kind=delta wireAgeMs=19 payloadAgeMs=19 D1{on=1,total=1604,delta=16,lastAgeMs=280,reset=0} D2{on=1,total=1596,delta=20,lastAgeMs=281,reset=0} D3{on=1,total=1596,delta=20,lastAgeMs=283,reset=0} D4{on=1,total=1596,delta=16,lastAgeMs=281,reset=0} D5{on=1,total=1596,delta=20,lastAgeMs=282,reset=0} D6{on=1,total=1592,delta=16,lastAgeMs=279,reset=0}
[2026-09-10T01:14:18.425Z][STDOUT] [日志自动上传] 检测完成，开始上传 batch=field-waveform-1789002704375-13
