[2026-09-16T01:58:30.123Z] batch=- D1 POWER_ON state=COMMUNICATION_READY attempts=0 streak=0
[2026-09-16T01:58:30.124Z] batch=- D1 RS485_RESPONSE state=COMMUNICATION_READY attempts=0 streak=0
[2026-09-16T01:58:30.126Z] batch=- D2 POWER_ON state=COMMUNICATION_READY attempts=0 streak=0
[2026-09-16T01:58:30.126Z] batch=- D2 RS485_RESPONSE state=COMMUNICATION_READY attempts=0 streak=0
[2026-09-16T01:58:30.128Z] batch=- D3 POWER_ON state=COMMUNICATION_READY attempts=0 streak=0
[2026-09-16T01:58:30.128Z] batch=- D3 RS485_RESPONSE state=COMMUNICATION_READY attempts=0 streak=0
[2026-09-16T01:58:30.129Z] batch=- D4 POWER_ON state=COMMUNICATION_READY attempts=0 streak=0
[2026-09-16T01:58:30.129Z] batch=- D4 RS485_RESPONSE state=COMMUNICATION_READY attempts=0 streak=0
[2026-09-16T01:58:30.131Z] batch=- D5 POWER_ON state=COMMUNICATION_READY attempts=0 streak=0
[2026-09-16T01:58:30.131Z] batch=- D5 RS485_RESPONSE state=COMMUNICATION_READY attempts=0 streak=0
[2026-09-16T01:58:30.132Z] batch=- D6 POWER_ON state=COMMUNICATION_READY attempts=0 streak=0
[2026-09-16T01:58:30.132Z] batch=- D6 RS485_RESPONSE state=COMMUNICATION_READY attempts=0 streak=0
[2026-09-16T01:58:30.134Z] batch=- D1 MODE_SWITCH_START state=MODE_SWITCHING attempts=1 streak=0 attempt=1
[2026-09-16T01:58:30.136Z] batch=- D2 MODE_SWITCH_START state=MODE_SWITCHING attempts=1 streak=0 attempt=1
[2026-09-16T01:58:30.137Z] batch=- D3 MODE_SWITCH_START state=MODE_SWITCHING attempts=1 streak=0 attempt=1
[2026-09-16T01:58:30.138Z] batch=- D4 MODE_SWITCH_START state=MODE_SWITCHING attempts=1 streak=0 attempt=1
[2026-09-16T01:58:30.139Z] batch=- D5 MODE_SWITCH_START state=MODE_SWITCHING attempts=1 streak=0 attempt=1
[2026-09-16T01:58:30.140Z] batch=- D6 MODE_SWITCH_START state=MODE_SWITCHING attempts=1 streak=0 attempt=1
[2026-09-16T01:58:30.141Z] batch=- D1 MODE_SWITCH_OK state=MODE_SWITCH_OK attempts=1 streak=0
[2026-09-16T01:58:30.142Z] batch=- D2 MODE_SWITCH_OK state=MODE_SWITCH_OK attempts=1 streak=0
[2026-09-16T01:58:30.142Z] batch=- D3 MODE_SWITCH_OK state=MODE_SWITCH_OK attempts=1 streak=0
[2026-09-16T01:58:30.143Z] batch=- D4 MODE_SWITCH_OK state=MODE_SWITCH_OK attempts=1 streak=0
[2026-09-16T01:58:30.144Z] batch=- D5 MODE_SWITCH_OK state=MODE_SWITCH_OK attempts=1 streak=0
[2026-09-16T01:58:30.144Z] batch=- D6 MODE_SWITCH_OK state=MODE_SWITCH_OK attempts=1 streak=0
[2026-09-16T01:58:40.152Z] batch=- D1 MODE_SWITCH_START state=MODE_SWITCHING attempts=1 streak=0 attempt=1
[2026-09-16T01:58:40.154Z] batch=- D1 MODE_SWITCH_OK state=MODE_SWITCH_OK attempts=1 streak=0
[2026-09-16T01:58:40.156Z] batch=- D2 MODE_SWITCH_START state=MODE_SWITCHING attempts=1 streak=0 attempt=1
[2026-09-16T01:58:40.158Z] batch=- D2 MODE_SWITCH_OK state=MODE_SWITCH_OK attempts=1 streak=0
[2026-09-16T01:58:40.162Z] batch=- D3 MODE_SWITCH_START state=MODE_SWITCHING attempts=1 streak=0 attempt=1
[2026-09-16T01:58:40.164Z] batch=- D3 MODE_SWITCH_OK state=MODE_SWITCH_OK attempts=1 streak=0
[2026-09-16T01:58:40.166Z] batch=- D4 MODE_SWITCH_START state=MODE_SWITCHING attempts=1 streak=0 attempt=1
[2026-09-16T01:58:40.168Z] batch=- D4 MODE_SWITCH_OK state=MODE_SWITCH_OK attempts=1 streak=0
[2026-09-16T01:58:40.170Z] batch=- D5 MODE_SWITCH_START state=MODE_SWITCHING attempts=1 streak=0 attempt=1
[2026-09-16T01:58:40.172Z] batch=- D5 MODE_SWITCH_OK state=MODE_SWITCH_OK attempts=1 streak=0
[2026-09-16T01:58:40.173Z] batch=- D6 MODE_SWITCH_START state=MODE_SWITCHING attempts=1 streak=0 attempt=1
[2026-09-16T01:58:40.175Z] batch=- D6 MODE_SWITCH_OK state=MODE_SWITCH_OK attempts=1 streak=0
[2026-09-16T01:58:50.162Z] batch=- D1 MODE_SWITCH_START state=MODE_SWITCHING attempts=1 streak=0 attempt=1
[2026-09-16T01:58:50.164Z] batch=- D1 MODE_SWITCH_OK state=MODE_SWITCH_OK attempts=1 streak=0
[2026-09-16T01:58:50.168Z] batch=- D2 MODE_SWITCH_START state=MODE_SWITCHING attempts=1 streak=0 attempt=1
[2026-09-16T01:58:50.169Z] batch=- D2 MODE_SWITCH_OK state=MODE_SWITCH_OK attempts=1 streak=0
[2026-09-16T01:58:50.171Z] batch=- D3 MODE_SWITCH_START state=MODE_SWITCHING attempts=1 streak=0 attempt=1
[2026-09-16T01:58:50.172Z] batch=- D3 MODE_SWITCH_OK state=MODE_SWITCH_OK attempts=1 streak=0
[2026-09-16T01:58:50.173Z] batch=- D4 MODE_SWITCH_START state=MODE_SWITCHING attempts=1 streak=0 attempt=1
[2026-09-16T01:58:50.174Z] batch=- D4 MODE_SWITCH_OK state=MODE_SWITCH_OK attempts=1 streak=0
[2026-09-16T01:58:50.176Z] batch=- D5 MODE_SWITCH_START state=MODE_SWITCHING attempts=1 streak=0 attempt=1
[2026-09-16T01:58:50.178Z] batch=- D5 MODE_SWITCH_OK state=MODE_SWITCH_OK attempts=1 streak=0
[2026-09-16T01:58:50.179Z] batch=- D6 MODE_SWITCH_START state=MODE_SWITCHING attempts=1 streak=0 attempt=1
[2026-09-16T01:58:50.180Z] batch=- D6 MODE_SWITCH_OK state=MODE_SWITCH_OK attempts=1 streak=0
[2026-09-16T01:59:00.175Z] batch=- D1 MODE_SWITCH_START state=MODE_SWITCHING attempts=1 streak=0 attempt=1
[2026-09-16T01:59:00.176Z] batch=- D1 MODE_SWITCH_OK state=MODE_SWITCH_OK attempts=1 streak=0
[2026-09-16T01:59:00.177Z] batch=- D2 MODE_SWITCH_START state=MODE_SWITCHING attempts=1 streak=0 attempt=1
[2026-09-16T01:59:00.178Z] batch=- D2 MODE_SWITCH_OK state=MODE_SWITCH_OK attempts=1 streak=0
[2026-09-16T01:59:00.179Z] batch=- D3 MODE_SWITCH_START state=MODE_SWITCHING attempts=1 streak=0 attempt=1
[2026-09-16T01:59:00.179Z] batch=- D3 MODE_SWITCH_OK state=MODE_SWITCH_OK attempts=1 streak=0
[2026-09-16T01:59:00.181Z] batch=- D4 MODE_SWITCH_START state=MODE_SWITCHING attempts=1 streak=0 attempt=1
[2026-09-16T01:59:00.181Z] batch=- D4 MODE_SWITCH_OK state=MODE_SWITCH_OK attempts=1 streak=0
[2026-09-16T01:59:00.182Z] batch=- D5 MODE_SWITCH_START state=MODE_SWITCHING attempts=1 streak=0 attempt=1
[2026-09-16T01:59:00.183Z] batch=- D5 MODE_SWITCH_OK state=MODE_SWITCH_OK attempts=1 streak=0
[2026-09-16T01:59:00.184Z] batch=- D6 MODE_SWITCH_START state=MODE_SWITCHING attempts=1 streak=0 attempt=1
[2026-09-16T01:59:00.185Z] batch=- D6 MODE_SWITCH_OK state=MODE_SWITCH_OK attempts=1 streak=0
[2026-09-16T01:59:10.191Z] batch=- D1 MODE_SWITCH_START state=MODE_SWITCHING attempts=1 streak=0 attempt=1
[2026-09-16T01:59:10.192Z] batch=- D1 MODE_SWITCH_OK state=MODE_SWITCH_OK attempts=1 streak=0
[2026-09-16T01:59:10.193Z] batch=- D2 MODE_SWITCH_START state=MODE_SWITCHING attempts=1 streak=0 attempt=1
[2026-09-16T01:59:10.194Z] batch=- D2 MODE_SWITCH_OK state=MODE_SWITCH_OK attempts=1 streak=0
[2026-09-16T01:59:10.195Z] batch=- D3 MODE_SWITCH_START state=MODE_SWITCHING attempts=1 streak=0 attempt=1
[2026-09-16T01:59:10.198Z] batch=- D3 MODE_SWITCH_OK state=MODE_SWITCH_OK attempts=1 streak=0
[2026-09-16T01:59:10.200Z] batch=- D4 MODE_SWITCH_START state=MODE_SWITCHING attempts=1 streak=0 attempt=1
[2026-09-16T01:59:10.201Z] batch=- D4 MODE_SWITCH_OK state=MODE_SWITCH_OK attempts=1 streak=0
[2026-09-16T01:59:10.202Z] batch=- D5 MODE_SWITCH_START state=MODE_SWITCHING attempts=1 streak=0 attempt=1
[2026-09-16T01:59:10.203Z] batch=- D5 MODE_SWITCH_OK state=MODE_SWITCH_OK attempts=1 streak=0
[2026-09-16T01:59:10.204Z] batch=- D6 MODE_SWITCH_START state=MODE_SWITCHING attempts=1 streak=0 attempt=1
[2026-09-16T01:59:10.207Z] batch=- D6 MODE_SWITCH_OK state=MODE_SWITCH_OK attempts=1 streak=0
[2026-09-16T01:59:20.207Z] batch=- D1 MODE_SWITCH_START state=MODE_SWITCHING attempts=1 streak=0 attempt=1
[2026-09-16T01:59:20.211Z] batch=- D1 MODE_SWITCH_OK state=MODE_SWITCH_OK attempts=1 streak=0
[2026-09-16T01:59:20.213Z] batch=- D2 MODE_SWITCH_START state=MODE_SWITCHING attempts=1 streak=0 attempt=1
[2026-09-16T01:59:20.218Z] batch=- D2 MODE_SWITCH_OK state=MODE_SWITCH_OK attempts=1 streak=0
[2026-09-16T01:59:20.220Z] batch=- D3 MODE_SWITCH_START state=MODE_SWITCHING attempts=1 streak=0 attempt=1
[2026-09-16T01:59:20.235Z] batch=- D3 MODE_SWITCH_OK state=MODE_SWITCH_OK attempts=1 streak=0
[2026-09-16T01:59:20.240Z] batch=- D4 MODE_SWITCH_START state=MODE_SWITCHING attempts=1 streak=0 attempt=1
[2026-09-16T01:59:20.245Z] batch=- D4 MODE_SWITCH_OK state=MODE_SWITCH_OK attempts=1 streak=0
[2026-09-16T01:59:20.248Z] batch=- D5 MODE_SWITCH_START state=MODE_SWITCHING attempts=1 streak=0 attempt=1
[2026-09-16T01:59:20.250Z] batch=- D5 MODE_SWITCH_OK state=MODE_SWITCH_OK attempts=1 streak=0
[2026-09-16T01:59:20.252Z] batch=- D6 MODE_SWITCH_START state=MODE_SWITCHING attempts=1 streak=0 attempt=1
[2026-09-16T01:59:20.253Z] batch=- D6 MODE_SWITCH_OK state=MODE_SWITCH_OK attempts=1 streak=0
[2026-09-16T01:59:30.216Z] batch=- D1 MODE_SWITCH_START state=MODE_SWITCHING attempts=1 streak=0 attempt=1
[2026-09-16T01:59:30.218Z] batch=- D1 MODE_SWITCH_OK state=MODE_SWITCH_OK attempts=1 streak=0
[2026-09-16T01:59:30.220Z] batch=- D2 MODE_SWITCH_START state=MODE_SWITCHING attempts=1 streak=0 attempt=1
[2026-09-16T01:59:30.224Z] batch=- D2 MODE_SWITCH_OK state=MODE_SWITCH_OK attempts=1 streak=0
[2026-09-16T01:59:30.248Z] batch=- D3 MODE_SWITCH_START state=MODE_SWITCHING attempts=1 streak=0 attempt=1
[2026-09-16T01:59:30.251Z] batch=- D3 MODE_SWITCH_OK state=MODE_SWITCH_OK attempts=1 streak=0
[2026-09-16T01:59:30.253Z] batch=- D4 MODE_SWITCH_START state=MODE_SWITCHING attempts=1 streak=0 attempt=1
[2026-09-16T01:59:30.255Z] batch=- D4 MODE_SWITCH_OK state=MODE_SWITCH_OK attempts=1 streak=0
[2026-09-16T01:59:30.258Z] batch=- D5 MODE_SWITCH_START state=MODE_SWITCHING attempts=1 streak=0 attempt=1
[2026-09-16T01:59:30.260Z] batch=- D5 MODE_SWITCH_OK state=MODE_SWITCH_OK attempts=1 streak=0
[2026-09-16T01:59:30.265Z] batch=- D6 MODE_SWITCH_START state=MODE_SWITCHING attempts=1 streak=0 attempt=1
[2026-09-16T01:59:30.267Z] batch=- D6 MODE_SWITCH_OK state=MODE_SWITCH_OK attempts=1 streak=0
[2026-09-16T01:59:40.220Z] batch=- D1 MODE_SWITCH_START state=MODE_SWITCHING attempts=1 streak=0 attempt=1
[2026-09-16T01:59:40.225Z] batch=- D1 MODE_SWITCH_OK state=MODE_SWITCH_OK attempts=1 streak=0
[2026-09-16T01:59:40.227Z] batch=- D2 MODE_SWITCH_START state=MODE_SWITCHING attempts=1 streak=0 attempt=1
[2026-09-16T01:59:40.229Z] batch=- D2 MODE_SWITCH_OK state=MODE_SWITCH_OK attempts=1 streak=0
[2026-09-16T01:59:40.255Z] batch=- D3 MODE_SWITCH_START state=MODE_SWITCHING attempts=1 streak=0 attempt=1
[2026-09-16T01:59:40.257Z] batch=- D3 MODE_SWITCH_OK state=MODE_SWITCH_OK attempts=1 streak=0
[2026-09-16T01:59:40.259Z] batch=- D4 MODE_SWITCH_START state=MODE_SWITCHING attempts=1 streak=0 attempt=1
[2026-09-16T01:59:40.260Z] batch=- D4 MODE_SWITCH_OK state=MODE_SWITCH_OK attempts=1 streak=0
[2026-09-16T01:59:40.263Z] batch=- D5 MODE_SWITCH_START state=MODE_SWITCHING attempts=1 streak=0 attempt=1
[2026-09-16T01:59:40.265Z] batch=- D5 MODE_SWITCH_OK state=MODE_SWITCH_OK attempts=1 streak=0
[2026-09-16T01:59:40.271Z] batch=- D6 MODE_SWITCH_START state=MODE_SWITCHING attempts=1 streak=0 attempt=1
[2026-09-16T01:59:40.272Z] batch=- D6 MODE_SWITCH_OK state=MODE_SWITCH_OK attempts=1 streak=0
[2026-09-16T01:59:50.240Z] batch=- D1 MODE_SWITCH_START state=MODE_SWITCHING attempts=1 streak=0 attempt=1
[2026-09-16T01:59:50.243Z] batch=- D1 MODE_SWITCH_OK state=MODE_SWITCH_OK attempts=1 streak=0
[2026-09-16T01:59:50.245Z] batch=- D2 MODE_SWITCH_START state=MODE_SWITCHING attempts=1 streak=0 attempt=1
[2026-09-16T01:59:50.249Z] batch=- D2 MODE_SWITCH_OK state=MODE_SWITCH_OK attempts=1 streak=0
[2026-09-16T01:59:50.270Z] batch=- D3 MODE_SWITCH_START state=MODE_SWITCHING attempts=1 streak=0 attempt=1
[2026-09-16T01:59:50.271Z] batch=- D3 MODE_SWITCH_OK state=MODE_SWITCH_OK attempts=1 streak=0
[2026-09-16T01:59:50.272Z] batch=- D4 MODE_SWITCH_START state=MODE_SWITCHING attempts=1 streak=0 attempt=1
[2026-09-16T01:59:50.274Z] batch=- D4 MODE_SWITCH_OK state=MODE_SWITCH_OK attempts=1 streak=0
[2026-09-16T01:59:50.275Z] batch=- D5 MODE_SWITCH_START state=MODE_SWITCHING attempts=1 streak=0 attempt=1
[2026-09-16T01:59:50.279Z] batch=- D5 MODE_SWITCH_OK state=MODE_SWITCH_OK attempts=1 streak=0
[2026-09-16T01:59:50.281Z] batch=- D6 MODE_SWITCH_START state=MODE_SWITCHING attempts=1 streak=0 attempt=1
[2026-09-16T01:59:50.283Z] batch=- D6 MODE_SWITCH_OK state=MODE_SWITCH_OK attempts=1 streak=0
[2026-09-16T02:00:00.245Z] batch=- D1 MODE_SWITCH_START state=MODE_SWITCHING attempts=1 streak=0 attempt=1
[2026-09-16T02:00:00.248Z] batch=- D1 MODE_SWITCH_OK state=MODE_SWITCH_OK attempts=1 streak=0
[2026-09-16T02:00:00.253Z] batch=- D2 MODE_SWITCH_START state=MODE_SWITCHING attempts=1 streak=0 attempt=1
[2026-09-16T02:00:00.254Z] batch=- D2 MODE_SWITCH_OK state=MODE_SWITCH_OK attempts=1 streak=0
[2026-09-16T02:00:00.276Z] batch=- D3 MODE_SWITCH_START state=MODE_SWITCHING attempts=1 streak=0 attempt=1
[2026-09-16T02:00:00.277Z] batch=- D3 MODE_SWITCH_OK state=MODE_SWITCH_OK attempts=1 streak=0
[2026-09-16T02:00:00.278Z] batch=- D4 MODE_SWITCH_START state=MODE_SWITCHING attempts=1 streak=0 attempt=1
[2026-09-16T02:00:00.279Z] batch=- D4 MODE_SWITCH_OK state=MODE_SWITCH_OK attempts=1 streak=0
[2026-09-16T02:00:00.281Z] batch=- D5 MODE_SWITCH_START state=MODE_SWITCHING attempts=1 streak=0 attempt=1
[2026-09-16T02:00:00.284Z] batch=- D5 MODE_SWITCH_OK state=MODE_SWITCH_OK attempts=1 streak=0
[2026-09-16T02:00:00.286Z] batch=- D6 MODE_SWITCH_START state=MODE_SWITCHING attempts=1 streak=0 attempt=1
[2026-09-16T02:00:00.286Z] batch=- D6 MODE_SWITCH_OK state=MODE_SWITCH_OK attempts=1 streak=0
[2026-09-16T02:00:10.264Z] batch=- D1 MODE_SWITCH_START state=MODE_SWITCHING attempts=1 streak=0 attempt=1
[2026-09-16T02:00:10.267Z] batch=- D1 MODE_SWITCH_OK state=MODE_SWITCH_OK attempts=1 streak=0
[2026-09-16T02:00:10.268Z] batch=- D2 MODE_SWITCH_START state=MODE_SWITCHING attempts=1 streak=0 attempt=1
[2026-09-16T02:00:10.271Z] batch=- D2 MODE_SWITCH_OK state=MODE_SWITCH_OK attempts=1 streak=0
[2026-09-16T02:00:10.279Z] batch=- D3 MODE_SWITCH_START state=MODE_SWITCHING attempts=1 streak=0 attempt=1
[2026-09-16T02:00:10.282Z] batch=- D3 MODE_SWITCH_OK state=MODE_SWITCH_OK attempts=1 streak=0
[2026-09-16T02:00:10.287Z] batch=- D4 MODE_SWITCH_START state=MODE_SWITCHING attempts=1 streak=0 attempt=1
[2026-09-16T02:00:10.292Z] batch=- D4 MODE_SWITCH_OK state=MODE_SWITCH_OK attempts=1 streak=0
[2026-09-16T02:00:10.294Z] batch=- D5 MODE_SWITCH_START state=MODE_SWITCHING attempts=1 streak=0 attempt=1
[2026-09-16T02:00:10.295Z] batch=- D5 MODE_SWITCH_OK state=MODE_SWITCH_OK attempts=1 streak=0
[2026-09-16T02:00:10.297Z] batch=- D6 MODE_SWITCH_START state=MODE_SWITCHING attempts=1 streak=0 attempt=1
[2026-09-16T02:00:10.299Z] batch=- D6 MODE_SWITCH_OK state=MODE_SWITCH_OK attempts=1 streak=0
[2026-09-16T02:00:20.269Z] batch=- D1 MODE_SWITCH_START state=MODE_SWITCHING attempts=1 streak=0 attempt=1
[2026-09-16T02:00:20.272Z] batch=- D1 MODE_SWITCH_OK state=MODE_SWITCH_OK attempts=1 streak=0
[2026-09-16T02:00:20.274Z] batch=- D2 MODE_SWITCH_START state=MODE_SWITCHING attempts=1 streak=0 attempt=1
[2026-09-16T02:00:20.277Z] batch=- D2 MODE_SWITCH_OK state=MODE_SWITCH_OK attempts=1 streak=0
[2026-09-16T02:00:20.285Z] batch=- D3 MODE_SWITCH_START state=MODE_SWITCHING attempts=1 streak=0 attempt=1
[2026-09-16T02:00:20.287Z] batch=- D3 MODE_SWITCH_OK state=MODE_SWITCH_OK attempts=1 streak=0
[2026-09-16T02:00:20.301Z] batch=- D4 MODE_SWITCH_START state=MODE_SWITCHING attempts=1 streak=0 attempt=1
[2026-09-16T02:00:20.302Z] batch=- D4 MODE_SWITCH_OK state=MODE_SWITCH_OK attempts=1 streak=0
[2026-09-16T02:00:20.304Z] batch=- D5 MODE_SWITCH_START state=MODE_SWITCHING attempts=1 streak=0 attempt=1
[2026-09-16T02:00:20.306Z] batch=- D5 MODE_SWITCH_OK state=MODE_SWITCH_OK attempts=1 streak=0
[2026-09-16T02:00:20.307Z] batch=- D6 MODE_SWITCH_START state=MODE_SWITCHING attempts=1 streak=0 attempt=1
[2026-09-16T02:00:20.309Z] batch=- D6 MODE_SWITCH_OK state=MODE_SWITCH_OK attempts=1 streak=0
[2026-09-16T02:00:30.285Z] batch=- D1 MODE_SWITCH_START state=MODE_SWITCHING attempts=1 streak=0 attempt=1
[2026-09-16T02:00:30.286Z] batch=- D1 MODE_SWITCH_OK state=MODE_SWITCH_OK attempts=1 streak=0
[2026-09-16T02:00:30.287Z] batch=- D2 MODE_SWITCH_START state=MODE_SWITCHING attempts=1 streak=0 attempt=1
[2026-09-16T02:00:30.287Z] batch=- D2 MODE_SWITCH_OK state=MODE_SWITCH_OK attempts=1 streak=0
[2026-09-16T02:00:30.290Z] batch=- D3 MODE_SWITCH_START state=MODE_SWITCHING attempts=1 streak=0 attempt=1
[2026-09-16T02:00:30.292Z] batch=- D3 MODE_SWITCH_OK state=MODE_SWITCH_OK attempts=1 streak=0
[2026-09-16T02:00:30.315Z] batch=- D4 MODE_SWITCH_START state=MODE_SWITCHING attempts=1 streak=0 attempt=1
[2026-09-16T02:00:30.317Z] batch=- D4 MODE_SWITCH_OK state=MODE_SWITCH_OK attempts=1 streak=0
[2026-09-16T02:00:30.318Z] batch=- D5 MODE_SWITCH_START state=MODE_SWITCHING attempts=1 streak=0 attempt=1
[2026-09-16T02:00:30.319Z] batch=- D5 MODE_SWITCH_OK state=MODE_SWITCH_OK attempts=1 streak=0
[2026-09-16T02:00:30.320Z] batch=- D6 MODE_SWITCH_START state=MODE_SWITCHING attempts=1 streak=0 attempt=1
[2026-09-16T02:00:30.322Z] batch=- D6 MODE_SWITCH_OK state=MODE_SWITCH_OK attempts=1 streak=0
[2026-09-16T02:00:40.294Z] batch=- D1 MODE_SWITCH_START state=MODE_SWITCHING attempts=1 streak=0 attempt=1
[2026-09-16T02:00:40.298Z] batch=- D1 MODE_SWITCH_OK state=MODE_SWITCH_OK attempts=1 streak=0
[2026-09-16T02:00:40.299Z] batch=- D2 MODE_SWITCH_START state=MODE_SWITCHING attempts=1 streak=0 attempt=1
[2026-09-16T02:00:40.300Z] batch=- D2 MODE_SWITCH_OK state=MODE_SWITCH_OK attempts=1 streak=0
[2026-09-16T02:00:40.301Z] batch=- D3 MODE_SWITCH_START state=MODE_SWITCHING attempts=1 streak=0 attempt=1
[2026-09-16T02:00:40.302Z] batch=- D3 MODE_SWITCH_OK state=MODE_SWITCH_OK attempts=1 streak=0
[2026-09-16T02:00:40.322Z] batch=- D4 MODE_SWITCH_START state=MODE_SWITCHING attempts=1 streak=0 attempt=1
[2026-09-16T02:00:40.323Z] batch=- D4 MODE_SWITCH_OK state=MODE_SWITCH_OK attempts=1 streak=0
[2026-09-16T02:00:40.323Z] batch=- D5 MODE_SWITCH_START state=MODE_SWITCHING attempts=1 streak=0 attempt=1
[2026-09-16T02:00:40.325Z] batch=- D5 MODE_SWITCH_OK state=MODE_SWITCH_OK attempts=1 streak=0
[2026-09-16T02:00:40.327Z] batch=- D6 MODE_SWITCH_START state=MODE_SWITCHING attempts=1 streak=0 attempt=1
[2026-09-16T02:00:40.330Z] batch=- D6 MODE_SWITCH_OK state=MODE_SWITCH_OK attempts=1 streak=0
[2026-09-16T02:00:50.301Z] batch=- D1 MODE_SWITCH_START state=MODE_SWITCHING attempts=1 streak=0 attempt=1
[2026-09-16T02:00:50.306Z] batch=- D1 MODE_SWITCH_OK state=MODE_SWITCH_OK attempts=1 streak=0
[2026-09-16T02:00:50.307Z] batch=- D2 MODE_SWITCH_START state=MODE_SWITCHING attempts=1 streak=0 attempt=1
[2026-09-16T02:00:50.308Z] batch=- D2 MODE_SWITCH_OK state=MODE_SWITCH_OK attempts=1 streak=0
[2026-09-16T02:00:50.309Z] batch=- D3 MODE_SWITCH_START state=MODE_SWITCHING attempts=1 streak=0 attempt=1
[2026-09-16T02:00:50.310Z] batch=- D3 MODE_SWITCH_OK state=MODE_SWITCH_OK attempts=1 streak=0
[2026-09-16T02:00:50.323Z] batch=- D4 MODE_SWITCH_START state=MODE_SWITCHING attempts=1 streak=0 attempt=1
[2026-09-16T02:00:50.325Z] batch=- D4 MODE_SWITCH_OK state=MODE_SWITCH_OK attempts=1 streak=0
[2026-09-16T02:00:50.331Z] batch=- D5 MODE_SWITCH_START state=MODE_SWITCHING attempts=1 streak=0 attempt=1
[2026-09-16T02:00:50.333Z] batch=- D5 MODE_SWITCH_OK state=MODE_SWITCH_OK attempts=1 streak=0
[2026-09-16T02:00:50.334Z] batch=- D6 MODE_SWITCH_START state=MODE_SWITCHING attempts=1 streak=0 attempt=1
[2026-09-16T02:00:50.337Z] batch=- D6 MODE_SWITCH_OK state=MODE_SWITCH_OK attempts=1 streak=0
[2026-09-16T02:01:00.316Z] batch=- D1 MODE_SWITCH_START state=MODE_SWITCHING attempts=1 streak=0 attempt=1
[2026-09-16T02:01:00.318Z] batch=- D1 MODE_SWITCH_OK state=MODE_SWITCH_OK attempts=1 streak=0
[2026-09-16T02:01:00.319Z] batch=- D2 MODE_SWITCH_START state=MODE_SWITCHING attempts=1 streak=0 attempt=1
[2026-09-16T02:01:00.321Z] batch=- D2 MODE_SWITCH_OK state=MODE_SWITCH_OK attempts=1 streak=0
[2026-09-16T02:01:00.325Z] batch=- D3 MODE_SWITCH_START state=MODE_SWITCHING attempts=1 streak=0 attempt=1
[2026-09-16T02:01:00.327Z] batch=- D3 MODE_SWITCH_OK state=MODE_SWITCH_OK attempts=1 streak=0
[2026-09-16T02:01:00.329Z] batch=- D4 MODE_SWITCH_START state=MODE_SWITCHING attempts=1 streak=0 attempt=1
[2026-09-16T02:01:00.331Z] batch=- D4 MODE_SWITCH_OK state=MODE_SWITCH_OK attempts=1 streak=0
[2026-09-16T02:01:00.333Z] batch=- D5 MODE_SWITCH_START state=MODE_SWITCHING attempts=1 streak=0 attempt=1
[2026-09-16T02:01:00.335Z] batch=- D5 MODE_SWITCH_OK state=MODE_SWITCH_OK attempts=1 streak=0
[2026-09-16T02:01:00.348Z] batch=- D6 MODE_SWITCH_START state=MODE_SWITCHING attempts=1 streak=0 attempt=1
[2026-09-16T02:01:00.350Z] batch=- D6 MODE_SWITCH_OK state=MODE_SWITCH_OK attempts=1 streak=0
[2026-09-16T02:01:10.319Z] batch=- D1 MODE_SWITCH_START state=MODE_SWITCHING attempts=1 streak=0 attempt=1
[2026-09-16T02:01:10.320Z] batch=- D1 MODE_SWITCH_OK state=MODE_SWITCH_OK attempts=1 streak=0
[2026-09-16T02:01:10.322Z] batch=- D2 MODE_SWITCH_START state=MODE_SWITCHING attempts=1 streak=0 attempt=1
[2026-09-16T02:01:10.323Z] batch=- D2 MODE_SWITCH_OK state=MODE_SWITCH_OK attempts=1 streak=0
[2026-09-16T02:01:10.341Z] batch=- D3 MODE_SWITCH_START state=MODE_SWITCHING attempts=1 streak=0 attempt=1
[2026-09-16T02:01:10.342Z] batch=- D3 MODE_SWITCH_OK state=MODE_SWITCH_OK attempts=1 streak=0
[2026-09-16T02:01:10.343Z] batch=- D4 MODE_SWITCH_START state=MODE_SWITCHING attempts=1 streak=0 attempt=1
[2026-09-16T02:01:10.344Z] batch=- D4 MODE_SWITCH_OK state=MODE_SWITCH_OK attempts=1 streak=0
[2026-09-16T02:01:10.346Z] batch=- D5 MODE_SWITCH_START state=MODE_SWITCHING attempts=1 streak=0 attempt=1
[2026-09-16T02:01:10.347Z] batch=- D5 MODE_SWITCH_OK state=MODE_SWITCH_OK attempts=1 streak=0
[2026-09-16T02:01:10.356Z] batch=- D6 MODE_SWITCH_START state=MODE_SWITCHING attempts=1 streak=0 attempt=1
[2026-09-16T02:01:10.358Z] batch=- D6 MODE_SWITCH_OK state=MODE_SWITCH_OK attempts=1 streak=0
[2026-09-16T02:01:20.329Z] batch=- D1 MODE_SWITCH_START state=MODE_SWITCHING attempts=1 streak=0 attempt=1
[2026-09-16T02:01:20.332Z] batch=- D1 MODE_SWITCH_OK state=MODE_SWITCH_OK attempts=1 streak=0
[2026-09-16T02:01:20.334Z] batch=- D2 MODE_SWITCH_START state=MODE_SWITCHING attempts=1 streak=0 attempt=1
[2026-09-16T02:01:20.340Z] batch=- D2 MODE_SWITCH_OK state=MODE_SWITCH_OK attempts=1 streak=0
[2026-09-16T02:01:20.352Z] batch=- D3 MODE_SWITCH_START state=MODE_SWITCHING attempts=1 streak=0 attempt=1
[2026-09-16T02:01:20.357Z] batch=- D3 MODE_SWITCH_OK state=MODE_SWITCH_OK attempts=1 streak=0
[2026-09-16T02:01:20.359Z] batch=- D4 MODE_SWITCH_START state=MODE_SWITCHING attempts=1 streak=0 attempt=1
[2026-09-16T02:01:20.362Z] batch=- D4 MODE_SWITCH_OK state=MODE_SWITCH_OK attempts=1 streak=0
[2026-09-16T02:01:20.362Z] batch=- D5 MODE_SWITCH_START state=MODE_SWITCHING attempts=1 streak=0 attempt=1
[2026-09-16T02:01:20.364Z] batch=- D5 MODE_SWITCH_OK state=MODE_SWITCH_OK attempts=1 streak=0
[2026-09-16T02:01:20.368Z] batch=- D6 MODE_SWITCH_START state=MODE_SWITCHING attempts=1 streak=0 attempt=1
[2026-09-16T02:01:20.370Z] batch=- D6 MODE_SWITCH_OK state=MODE_SWITCH_OK attempts=1 streak=0
[2026-09-16T02:01:30.345Z] batch=- D1 MODE_SWITCH_START state=MODE_SWITCHING attempts=1 streak=0 attempt=1
[2026-09-16T02:01:30.347Z] batch=- D1 MODE_SWITCH_OK state=MODE_SWITCH_OK attempts=1 streak=0
[2026-09-16T02:01:30.349Z] batch=- D2 MODE_SWITCH_START state=MODE_SWITCHING attempts=1 streak=0 attempt=1
[2026-09-16T02:01:30.351Z] batch=- D2 MODE_SWITCH_OK state=MODE_SWITCH_OK attempts=1 streak=0
[2026-09-16T02:01:30.361Z] batch=- D3 MODE_SWITCH_START state=MODE_SWITCHING attempts=1 streak=0 attempt=1
[2026-09-16T02:01:30.362Z] batch=- D3 MODE_SWITCH_OK state=MODE_SWITCH_OK attempts=1 streak=0
[2026-09-16T02:01:30.364Z] batch=- D4 MODE_SWITCH_START state=MODE_SWITCHING attempts=1 streak=0 attempt=1
[2026-09-16T02:01:30.367Z] batch=- D4 MODE_SWITCH_OK state=MODE_SWITCH_OK attempts=1 streak=0
[2026-09-16T02:01:30.368Z] batch=- D5 MODE_SWITCH_START state=MODE_SWITCHING attempts=1 streak=0 attempt=1
[2026-09-16T02:01:30.369Z] batch=- D5 MODE_SWITCH_OK state=MODE_SWITCH_OK attempts=1 streak=0
[2026-09-16T02:01:30.370Z] batch=- D6 MODE_SWITCH_START state=MODE_SWITCHING attempts=1 streak=0 attempt=1
[2026-09-16T02:01:30.371Z] batch=- D6 MODE_SWITCH_OK state=MODE_SWITCH_OK attempts=1 streak=0
[2026-09-16T02:01:40.359Z] batch=- D1 MODE_SWITCH_START state=MODE_SWITCHING attempts=1 streak=0 attempt=1
[2026-09-16T02:01:40.363Z] batch=- D1 MODE_SWITCH_OK state=MODE_SWITCH_OK attempts=1 streak=0
[2026-09-16T02:01:40.365Z] batch=- D2 MODE_SWITCH_START state=MODE_SWITCHING attempts=1 streak=0 attempt=1
[2026-09-16T02:01:40.368Z] batch=- D2 MODE_SWITCH_OK state=MODE_SWITCH_OK attempts=1 streak=0
[2026-09-16T02:01:40.370Z] batch=- D3 MODE_SWITCH_START state=MODE_SWITCHING attempts=1 streak=0 attempt=1
[2026-09-16T02:01:40.374Z] batch=- D3 MODE_SWITCH_OK state=MODE_SWITCH_OK attempts=1 streak=0
[2026-09-16T02:01:40.375Z] batch=- D4 MODE_SWITCH_START state=MODE_SWITCHING attempts=1 streak=0 attempt=1
[2026-09-16T02:01:40.377Z] batch=- D4 MODE_SWITCH_OK state=MODE_SWITCH_OK attempts=1 streak=0
[2026-09-16T02:01:40.377Z] batch=- D5 MODE_SWITCH_START state=MODE_SWITCHING attempts=1 streak=0 attempt=1
[2026-09-16T02:01:40.387Z] batch=- D5 MODE_SWITCH_OK state=MODE_SWITCH_OK attempts=1 streak=0
[2026-09-16T02:01:40.391Z] batch=- D6 MODE_SWITCH_START state=MODE_SWITCHING attempts=1 streak=0 attempt=1
[2026-09-16T02:01:40.395Z] batch=- D6 MODE_SWITCH_OK state=MODE_SWITCH_OK attempts=1 streak=0
[2026-09-16T02:01:50.376Z] batch=- D1 MODE_SWITCH_START state=MODE_SWITCHING attempts=1 streak=0 attempt=1
[2026-09-16T02:01:50.381Z] batch=- D1 MODE_SWITCH_OK state=MODE_SWITCH_OK attempts=1 streak=0
[2026-09-16T02:01:50.383Z] batch=- D2 MODE_SWITCH_START state=MODE_SWITCHING attempts=1 streak=0 attempt=1
[2026-09-16T02:01:50.386Z] batch=- D2 MODE_SWITCH_OK state=MODE_SWITCH_OK attempts=1 streak=0
[2026-09-16T02:01:50.388Z] batch=- D3 MODE_SWITCH_START state=MODE_SWITCHING attempts=1 streak=0 attempt=1
[2026-09-16T02:01:50.390Z] batch=- D3 MODE_SWITCH_OK state=MODE_SWITCH_OK attempts=1 streak=0
[2026-09-16T02:01:50.393Z] batch=- D4 MODE_SWITCH_START state=MODE_SWITCHING attempts=1 streak=0 attempt=1
[2026-09-16T02:01:50.399Z] batch=- D4 MODE_SWITCH_OK state=MODE_SWITCH_OK attempts=1 streak=0
[2026-09-16T02:01:50.401Z] batch=- D5 MODE_SWITCH_START state=MODE_SWITCHING attempts=1 streak=0 attempt=1
[2026-09-16T02:01:50.404Z] batch=- D5 MODE_SWITCH_OK state=MODE_SWITCH_OK attempts=1 streak=0
[2026-09-16T02:01:50.412Z] batch=- D6 MODE_SWITCH_START state=MODE_SWITCHING attempts=1 streak=0 attempt=1
[2026-09-16T02:01:50.415Z] batch=- D6 MODE_SWITCH_OK state=MODE_SWITCH_OK attempts=1 streak=0
[2026-09-16T02:02:00.390Z] batch=- D1 MODE_SWITCH_START state=MODE_SWITCHING attempts=1 streak=0 attempt=1
[2026-09-16T02:02:00.392Z] batch=- D1 MODE_SWITCH_OK state=MODE_SWITCH_OK attempts=1 streak=0
[2026-09-16T02:02:00.393Z] batch=- D2 MODE_SWITCH_START state=MODE_SWITCHING attempts=1 streak=0 attempt=1
[2026-09-16T02:02:00.394Z] batch=- D2 MODE_SWITCH_OK state=MODE_SWITCH_OK attempts=1 streak=0
[2026-09-16T02:02:00.395Z] batch=- D3 MODE_SWITCH_START state=MODE_SWITCHING attempts=1 streak=0 attempt=1
[2026-09-16T02:02:00.397Z] batch=- D3 MODE_SWITCH_OK state=MODE_SWITCH_OK attempts=1 streak=0
[2026-09-16T02:02:00.400Z] batch=- D4 MODE_SWITCH_START state=MODE_SWITCHING attempts=1 streak=0 attempt=1
[2026-09-16T02:02:00.401Z] batch=- D4 MODE_SWITCH_OK state=MODE_SWITCH_OK attempts=1 streak=0
[2026-09-16T02:02:00.406Z] batch=- D5 MODE_SWITCH_START state=MODE_SWITCHING attempts=1 streak=0 attempt=1
[2026-09-16T02:02:00.407Z] batch=- D5 MODE_SWITCH_OK state=MODE_SWITCH_OK attempts=1 streak=0
[2026-09-16T02:02:00.422Z] batch=- D6 MODE_SWITCH_START state=MODE_SWITCHING attempts=1 streak=0 attempt=1
[2026-09-16T02:02:00.423Z] batch=- D6 MODE_SWITCH_OK state=MODE_SWITCH_OK attempts=1 streak=0
[2026-09-16T02:02:10.402Z] batch=- D1 MODE_SWITCH_START state=MODE_SWITCHING attempts=1 streak=0 attempt=1
[2026-09-16T02:02:10.405Z] batch=- D1 MODE_SWITCH_OK state=MODE_SWITCH_OK attempts=1 streak=0
[2026-09-16T02:02:10.408Z] batch=- D2 MODE_SWITCH_START state=MODE_SWITCHING attempts=1 streak=0 attempt=1
[2026-09-16T02:02:10.417Z] batch=- D2 MODE_SWITCH_OK state=MODE_SWITCH_OK attempts=1 streak=0
[2026-09-16T02:02:10.421Z] batch=- D3 MODE_SWITCH_START state=MODE_SWITCHING attempts=1 streak=0 attempt=1
[2026-09-16T02:02:10.422Z] batch=- D3 MODE_SWITCH_OK state=MODE_SWITCH_OK attempts=1 streak=0
[2026-09-16T02:02:10.422Z] batch=- D4 MODE_SWITCH_START state=MODE_SWITCHING attempts=1 streak=0 attempt=1
[2026-09-16T02:02:10.424Z] batch=- D4 MODE_SWITCH_OK state=MODE_SWITCH_OK attempts=1 streak=0
[2026-09-16T02:02:10.425Z] batch=- D5 MODE_SWITCH_START state=MODE_SWITCHING attempts=1 streak=0 attempt=1
[2026-09-16T02:02:10.426Z] batch=- D5 MODE_SWITCH_OK state=MODE_SWITCH_OK attempts=1 streak=0
[2026-09-16T02:02:10.426Z] batch=- D6 MODE_SWITCH_START state=MODE_SWITCHING attempts=1 streak=0 attempt=1
[2026-09-16T02:02:10.428Z] batch=- D6 MODE_SWITCH_OK state=MODE_SWITCH_OK attempts=1 streak=0
[2026-09-16T02:02:20.415Z] batch=- D1 MODE_SWITCH_START state=MODE_SWITCHING attempts=1 streak=0 attempt=1
[2026-09-16T02:02:20.421Z] batch=- D1 MODE_SWITCH_OK state=MODE_SWITCH_OK attempts=1 streak=0
[2026-09-16T02:02:20.425Z] batch=- D2 MODE_SWITCH_START state=MODE_SWITCHING attempts=1 streak=0 attempt=1
[2026-09-16T02:02:20.428Z] batch=- D2 MODE_SWITCH_OK state=MODE_SWITCH_OK attempts=1 streak=0
[2026-09-16T02:02:20.432Z] batch=- D3 MODE_SWITCH_START state=MODE_SWITCHING attempts=1 streak=0 attempt=1
[2026-09-16T02:02:20.436Z] batch=- D3 MODE_SWITCH_OK state=MODE_SWITCH_OK attempts=1 streak=0
[2026-09-16T02:02:20.438Z] batch=- D4 MODE_SWITCH_START state=MODE_SWITCHING attempts=1 streak=0 attempt=1
[2026-09-16T02:02:20.440Z] batch=- D4 MODE_SWITCH_OK state=MODE_SWITCH_OK attempts=1 streak=0
[2026-09-16T02:02:20.444Z] batch=- D5 MODE_SWITCH_START state=MODE_SWITCHING attempts=1 streak=0 attempt=1
[2026-09-16T02:02:20.447Z] batch=- D5 MODE_SWITCH_OK state=MODE_SWITCH_OK attempts=1 streak=0
[2026-09-16T02:02:20.448Z] batch=- D6 MODE_SWITCH_START state=MODE_SWITCHING attempts=1 streak=0 attempt=1
[2026-09-16T02:02:20.452Z] batch=- D6 MODE_SWITCH_OK state=MODE_SWITCH_OK attempts=1 streak=0
[2026-09-16T02:02:30.430Z] batch=- D1 MODE_SWITCH_START state=MODE_SWITCHING attempts=1 streak=0 attempt=1
[2026-09-16T02:02:30.431Z] batch=- D1 MODE_SWITCH_OK state=MODE_SWITCH_OK attempts=1 streak=0
[2026-09-16T02:02:30.432Z] batch=- D2 MODE_SWITCH_START state=MODE_SWITCHING attempts=1 streak=0 attempt=1
[2026-09-16T02:02:30.433Z] batch=- D2 MODE_SWITCH_OK state=MODE_SWITCH_OK attempts=1 streak=0
[2026-09-16T02:02:30.446Z] batch=- D3 MODE_SWITCH_START state=MODE_SWITCHING attempts=1 streak=0 attempt=1
[2026-09-16T02:02:30.447Z] batch=- D3 MODE_SWITCH_OK state=MODE_SWITCH_OK attempts=1 streak=0
[2026-09-16T02:02:30.449Z] batch=- D4 MODE_SWITCH_START state=MODE_SWITCHING attempts=1 streak=0 attempt=1
[2026-09-16T02:02:30.451Z] batch=- D4 MODE_SWITCH_OK state=MODE_SWITCH_OK attempts=1 streak=0
[2026-09-16T02:02:30.452Z] batch=- D5 MODE_SWITCH_START state=MODE_SWITCHING attempts=1 streak=0 attempt=1
[2026-09-16T02:02:30.454Z] batch=- D5 MODE_SWITCH_OK state=MODE_SWITCH_OK attempts=1 streak=0
[2026-09-16T02:02:30.455Z] batch=- D6 MODE_SWITCH_START state=MODE_SWITCHING attempts=1 streak=0 attempt=1
[2026-09-16T02:02:30.457Z] batch=- D6 MODE_SWITCH_OK state=MODE_SWITCH_OK attempts=1 streak=0
[2026-09-16T02:02:40.435Z] batch=- D1 MODE_SWITCH_START state=MODE_SWITCHING attempts=1 streak=0 attempt=1
[2026-09-16T02:02:40.438Z] batch=- D1 MODE_SWITCH_OK state=MODE_SWITCH_OK attempts=1 streak=0
[2026-09-16T02:02:40.440Z] batch=- D2 MODE_SWITCH_START state=MODE_SWITCHING attempts=1 streak=0 attempt=1
[2026-09-16T02:02:40.443Z] batch=- D2 MODE_SWITCH_OK state=MODE_SWITCH_OK attempts=1 streak=0
[2026-09-16T02:02:40.451Z] batch=- D3 MODE_SWITCH_START state=MODE_SWITCHING attempts=1 streak=0 attempt=1
[2026-09-16T02:02:40.455Z] batch=- D3 MODE_SWITCH_OK state=MODE_SWITCH_OK attempts=1 streak=0
[2026-09-16T02:02:40.458Z] batch=- D4 MODE_SWITCH_START state=MODE_SWITCHING attempts=1 streak=0 attempt=1
[2026-09-16T02:02:40.460Z] batch=- D4 MODE_SWITCH_OK state=MODE_SWITCH_OK attempts=1 streak=0
[2026-09-16T02:02:40.462Z] batch=- D5 MODE_SWITCH_START state=MODE_SWITCHING attempts=1 streak=0 attempt=1
[2026-09-16T02:02:40.464Z] batch=- D5 MODE_SWITCH_OK state=MODE_SWITCH_OK attempts=1 streak=0
[2026-09-16T02:02:40.467Z] batch=- D6 MODE_SWITCH_START state=MODE_SWITCHING attempts=1 streak=0 attempt=1
[2026-09-16T02:02:40.469Z] batch=- D6 MODE_SWITCH_OK state=MODE_SWITCH_OK attempts=1 streak=0
[2026-09-16T02:02:50.444Z] batch=- D1 MODE_SWITCH_START state=MODE_SWITCHING attempts=1 streak=0 attempt=1
[2026-09-16T02:02:50.446Z] batch=- D1 MODE_SWITCH_OK state=MODE_SWITCH_OK attempts=1 streak=0
[2026-09-16T02:02:50.449Z] batch=- D2 MODE_SWITCH_START state=MODE_SWITCHING attempts=1 streak=0 attempt=1
[2026-09-16T02:02:50.454Z] batch=- D2 MODE_SWITCH_OK state=MODE_SWITCH_OK attempts=1 streak=0
[2026-09-16T02:02:50.460Z] batch=- D3 MODE_SWITCH_START state=MODE_SWITCHING attempts=1 streak=0 attempt=1
[2026-09-16T02:02:50.462Z] batch=- D3 MODE_SWITCH_OK state=MODE_SWITCH_OK attempts=1 streak=0
[2026-09-16T02:02:50.464Z] batch=- D4 MODE_SWITCH_START state=MODE_SWITCHING attempts=1 streak=0 attempt=1
[2026-09-16T02:02:50.465Z] batch=- D4 MODE_SWITCH_OK state=MODE_SWITCH_OK attempts=1 streak=0
[2026-09-16T02:02:50.467Z] batch=- D5 MODE_SWITCH_START state=MODE_SWITCHING attempts=1 streak=0 attempt=1
[2026-09-16T02:02:50.468Z] batch=- D5 MODE_SWITCH_OK state=MODE_SWITCH_OK attempts=1 streak=0
[2026-09-16T02:02:50.470Z] batch=- D6 MODE_SWITCH_START state=MODE_SWITCHING attempts=1 streak=0 attempt=1
[2026-09-16T02:02:50.471Z] batch=- D6 MODE_SWITCH_OK state=MODE_SWITCH_OK attempts=1 streak=0
[2026-09-16T02:03:00.461Z] batch=- D1 MODE_SWITCH_START state=MODE_SWITCHING attempts=1 streak=0 attempt=1
[2026-09-16T02:03:00.463Z] batch=- D1 MODE_SWITCH_OK state=MODE_SWITCH_OK attempts=1 streak=0
[2026-09-16T02:03:00.466Z] batch=- D2 MODE_SWITCH_START state=MODE_SWITCHING attempts=1 streak=0 attempt=1
[2026-09-16T02:03:00.470Z] batch=- D2 MODE_SWITCH_OK state=MODE_SWITCH_OK attempts=1 streak=0
[2026-09-16T02:03:00.472Z] batch=- D3 MODE_SWITCH_START state=MODE_SWITCHING attempts=1 streak=0 attempt=1
[2026-09-16T02:03:00.473Z] batch=- D3 MODE_SWITCH_OK state=MODE_SWITCH_OK attempts=1 streak=0
[2026-09-16T02:03:00.474Z] batch=- D4 MODE_SWITCH_START state=MODE_SWITCHING attempts=1 streak=0 attempt=1
[2026-09-16T02:03:00.475Z] batch=- D4 MODE_SWITCH_OK state=MODE_SWITCH_OK attempts=1 streak=0
[2026-09-16T02:03:00.476Z] batch=- D5 MODE_SWITCH_START state=MODE_SWITCHING attempts=1 streak=0 attempt=1
[2026-09-16T02:03:00.478Z] batch=- D5 MODE_SWITCH_OK state=MODE_SWITCH_OK attempts=1 streak=0
[2026-09-16T02:03:00.479Z] batch=- D6 MODE_SWITCH_START state=MODE_SWITCHING attempts=1 streak=0 attempt=1
[2026-09-16T02:03:00.481Z] batch=- D6 MODE_SWITCH_OK state=MODE_SWITCH_OK attempts=1 streak=0
[2026-09-16T02:03:10.472Z] batch=- D1 MODE_SWITCH_START state=MODE_SWITCHING attempts=1 streak=0 attempt=1
[2026-09-16T02:03:10.475Z] batch=- D1 MODE_SWITCH_OK state=MODE_SWITCH_OK attempts=1 streak=0
[2026-09-16T02:03:10.477Z] batch=- D2 MODE_SWITCH_START state=MODE_SWITCHING attempts=1 streak=0 attempt=1
[2026-09-16T02:03:10.480Z] batch=- D2 MODE_SWITCH_OK state=MODE_SWITCH_OK attempts=1 streak=0
[2026-09-16T02:03:10.483Z] batch=- D3 MODE_SWITCH_START state=MODE_SWITCHING attempts=1 streak=0 attempt=1
[2026-09-16T02:03:10.499Z] batch=- D3 MODE_SWITCH_OK state=MODE_SWITCH_OK attempts=1 streak=0
[2026-09-16T02:03:10.502Z] batch=- D4 MODE_SWITCH_START state=MODE_SWITCHING attempts=1 streak=0 attempt=1
[2026-09-16T02:03:10.506Z] batch=- D4 MODE_SWITCH_OK state=MODE_SWITCH_OK attempts=1 streak=0
[2026-09-16T02:03:10.507Z] batch=- D5 MODE_SWITCH_START state=MODE_SWITCHING attempts=1 streak=0 attempt=1
[2026-09-16T02:03:10.508Z] batch=- D5 MODE_SWITCH_OK state=MODE_SWITCH_OK attempts=1 streak=0
[2026-09-16T02:03:10.509Z] batch=- D6 MODE_SWITCH_START state=MODE_SWITCHING attempts=1 streak=0 attempt=1
[2026-09-16T02:03:10.510Z] batch=- D6 MODE_SWITCH_OK state=MODE_SWITCH_OK attempts=1 streak=0
[2026-09-16T02:03:20.489Z] batch=- D1 MODE_SWITCH_START state=MODE_SWITCHING attempts=1 streak=0 attempt=1
[2026-09-16T02:03:20.492Z] batch=- D1 MODE_SWITCH_OK state=MODE_SWITCH_OK attempts=1 streak=0
[2026-09-16T02:03:20.496Z] batch=- D2 MODE_SWITCH_START state=MODE_SWITCHING attempts=1 streak=0 attempt=1
[2026-09-16T02:03:20.499Z] batch=- D2 MODE_SWITCH_OK state=MODE_SWITCH_OK attempts=1 streak=0
[2026-09-16T02:03:20.503Z] batch=- D3 MODE_SWITCH_START state=MODE_SWITCHING attempts=1 streak=0 attempt=1
[2026-09-16T02:03:20.508Z] batch=- D3 MODE_SWITCH_OK state=MODE_SWITCH_OK attempts=1 streak=0
[2026-09-16T02:03:20.516Z] batch=- D4 MODE_SWITCH_START state=MODE_SWITCHING attempts=1 streak=0 attempt=1
[2026-09-16T02:03:20.518Z] batch=- D4 MODE_SWITCH_OK state=MODE_SWITCH_OK attempts=1 streak=0
[2026-09-16T02:03:20.519Z] batch=- D5 MODE_SWITCH_START state=MODE_SWITCHING attempts=1 streak=0 attempt=1
[2026-09-16T02:03:20.521Z] batch=- D5 MODE_SWITCH_OK state=MODE_SWITCH_OK attempts=1 streak=0
[2026-09-16T02:03:20.522Z] batch=- D6 MODE_SWITCH_START state=MODE_SWITCHING attempts=1 streak=0 attempt=1
[2026-09-16T02:03:20.524Z] batch=- D6 MODE_SWITCH_OK state=MODE_SWITCH_OK attempts=1 streak=0
[2026-09-16T02:03:30.505Z] batch=- D1 MODE_SWITCH_START state=MODE_SWITCHING attempts=1 streak=0 attempt=1
[2026-09-16T02:03:30.507Z] batch=- D1 MODE_SWITCH_OK state=MODE_SWITCH_OK attempts=1 streak=0
[2026-09-16T02:03:30.509Z] batch=- D2 MODE_SWITCH_START state=MODE_SWITCHING attempts=1 streak=0 attempt=1
[2026-09-16T02:03:30.513Z] batch=- D2 MODE_SWITCH_OK state=MODE_SWITCH_OK attempts=1 streak=0
[2026-09-16T02:03:30.517Z] batch=- D3 MODE_SWITCH_START state=MODE_SWITCHING attempts=1 streak=0 attempt=1
[2026-09-16T02:03:30.522Z] batch=- D3 MODE_SWITCH_OK state=MODE_SWITCH_OK attempts=1 streak=0
[2026-09-16T02:03:30.525Z] batch=- D4 MODE_SWITCH_START state=MODE_SWITCHING attempts=1 streak=0 attempt=1
[2026-09-16T02:03:30.527Z] batch=- D4 MODE_SWITCH_OK state=MODE_SWITCH_OK attempts=1 streak=0
[2026-09-16T02:03:30.528Z] batch=- D5 MODE_SWITCH_START state=MODE_SWITCHING attempts=1 streak=0 attempt=1
[2026-09-16T02:03:30.530Z] batch=- D5 MODE_SWITCH_OK state=MODE_SWITCH_OK attempts=1 streak=0
[2026-09-16T02:03:30.532Z] batch=- D6 MODE_SWITCH_START state=MODE_SWITCHING attempts=1 streak=0 attempt=1
[2026-09-16T02:03:30.533Z] batch=- D6 MODE_SWITCH_OK state=MODE_SWITCH_OK attempts=1 streak=0
[2026-09-16T02:03:40.518Z] batch=- D1 MODE_SWITCH_START state=MODE_SWITCHING attempts=1 streak=0 attempt=1
[2026-09-16T02:03:40.522Z] batch=- D1 MODE_SWITCH_OK state=MODE_SWITCH_OK attempts=1 streak=0
[2026-09-16T02:03:40.524Z] batch=- D2 MODE_SWITCH_START state=MODE_SWITCHING attempts=1 streak=0 attempt=1
[2026-09-16T02:03:40.531Z] batch=- D2 MODE_SWITCH_OK state=MODE_SWITCH_OK attempts=1 streak=0
[2026-09-16T02:03:40.535Z] batch=- D3 MODE_SWITCH_START state=MODE_SWITCHING attempts=1 streak=0 attempt=1
[2026-09-16T02:03:40.536Z] batch=- D3 MODE_SWITCH_OK state=MODE_SWITCH_OK attempts=1 streak=0
[2026-09-16T02:03:40.537Z] batch=- D4 MODE_SWITCH_START state=MODE_SWITCHING attempts=1 streak=0 attempt=1
[2026-09-16T02:03:40.538Z] batch=- D4 MODE_SWITCH_OK state=MODE_SWITCH_OK attempts=1 streak=0
[2026-09-16T02:03:40.539Z] batch=- D5 MODE_SWITCH_START state=MODE_SWITCHING attempts=1 streak=0 attempt=1
[2026-09-16T02:03:40.540Z] batch=- D5 MODE_SWITCH_OK state=MODE_SWITCH_OK attempts=1 streak=0
[2026-09-16T02:03:40.541Z] batch=- D6 MODE_SWITCH_START state=MODE_SWITCHING attempts=1 streak=0 attempt=1
[2026-09-16T02:03:40.543Z] batch=- D6 MODE_SWITCH_OK state=MODE_SWITCH_OK attempts=1 streak=0
[2026-09-16T02:03:50.524Z] batch=- D1 MODE_SWITCH_START state=MODE_SWITCHING attempts=1 streak=0 attempt=1
[2026-09-16T02:03:50.525Z] batch=- D1 MODE_SWITCH_OK state=MODE_SWITCH_OK attempts=1 streak=0
[2026-09-16T02:03:50.540Z] batch=- D2 MODE_SWITCH_START state=MODE_SWITCHING attempts=1 streak=0 attempt=1
[2026-09-16T02:03:50.543Z] batch=- D2 MODE_SWITCH_OK state=MODE_SWITCH_OK attempts=1 streak=0
[2026-09-16T02:03:50.548Z] batch=- D3 MODE_SWITCH_START state=MODE_SWITCHING attempts=1 streak=0 attempt=1
[2026-09-16T02:03:50.551Z] batch=- D3 MODE_SWITCH_OK state=MODE_SWITCH_OK attempts=1 streak=0
[2026-09-16T02:03:50.552Z] batch=- D4 MODE_SWITCH_START state=MODE_SWITCHING attempts=1 streak=0 attempt=1
[2026-09-16T02:03:50.553Z] batch=- D4 MODE_SWITCH_OK state=MODE_SWITCH_OK attempts=1 streak=0
[2026-09-16T02:03:50.555Z] batch=- D5 MODE_SWITCH_START state=MODE_SWITCHING attempts=1 streak=0 attempt=1
[2026-09-16T02:03:50.556Z] batch=- D5 MODE_SWITCH_OK state=MODE_SWITCH_OK attempts=1 streak=0
[2026-09-16T02:03:50.557Z] batch=- D6 MODE_SWITCH_START state=MODE_SWITCHING attempts=1 streak=0 attempt=1
[2026-09-16T02:03:50.558Z] batch=- D6 MODE_SWITCH_OK state=MODE_SWITCH_OK attempts=1 streak=0
[2026-09-16T02:04:00.541Z] batch=- D1 MODE_SWITCH_START state=MODE_SWITCHING attempts=1 streak=0 attempt=1
[2026-09-16T02:04:00.544Z] batch=- D1 MODE_SWITCH_OK state=MODE_SWITCH_OK attempts=1 streak=0
[2026-09-16T02:04:00.547Z] batch=- D2 MODE_SWITCH_START state=MODE_SWITCHING attempts=1 streak=0 attempt=1
[2026-09-16T02:04:00.553Z] batch=- D2 MODE_SWITCH_OK state=MODE_SWITCH_OK attempts=1 streak=0
[2026-09-16T02:04:00.564Z] batch=- D3 MODE_SWITCH_START state=MODE_SWITCHING attempts=1 streak=0 attempt=1
[2026-09-16T02:04:00.566Z] batch=- D3 MODE_SWITCH_OK state=MODE_SWITCH_OK attempts=1 streak=0
[2026-09-16T02:04:00.566Z] batch=- D4 MODE_SWITCH_START state=MODE_SWITCHING attempts=1 streak=0 attempt=1
[2026-09-16T02:04:00.567Z] batch=- D4 MODE_SWITCH_OK state=MODE_SWITCH_OK attempts=1 streak=0
[2026-09-16T02:04:00.568Z] batch=- D5 MODE_SWITCH_START state=MODE_SWITCHING attempts=1 streak=0 attempt=1
[2026-09-16T02:04:00.569Z] batch=- D5 MODE_SWITCH_OK state=MODE_SWITCH_OK attempts=1 streak=0
[2026-09-16T02:04:00.569Z] batch=- D6 MODE_SWITCH_START state=MODE_SWITCHING attempts=1 streak=0 attempt=1
[2026-09-16T02:04:00.570Z] batch=- D6 MODE_SWITCH_OK state=MODE_SWITCH_OK attempts=1 streak=0
[2026-09-16T02:04:10.562Z] batch=- D1 MODE_SWITCH_START state=MODE_SWITCHING attempts=1 streak=0 attempt=1
[2026-09-16T02:04:10.572Z] batch=- D1 MODE_SWITCH_OK state=MODE_SWITCH_OK attempts=1 streak=0
[2026-09-16T02:04:10.578Z] batch=- D2 MODE_SWITCH_START state=MODE_SWITCHING attempts=1 streak=0 attempt=1
[2026-09-16T02:04:10.585Z] batch=- D2 MODE_SWITCH_OK state=MODE_SWITCH_OK attempts=1 streak=0
[2026-09-16T02:04:10.590Z] batch=- D3 MODE_SWITCH_START state=MODE_SWITCHING attempts=1 streak=0 attempt=1
[2026-09-16T02:04:10.593Z] batch=- D3 MODE_SWITCH_OK state=MODE_SWITCH_OK attempts=1 streak=0
[2026-09-16T02:04:10.595Z] batch=- D4 MODE_SWITCH_START state=MODE_SWITCHING attempts=1 streak=0 attempt=1
[2026-09-16T02:04:10.597Z] batch=- D4 MODE_SWITCH_OK state=MODE_SWITCH_OK attempts=1 streak=0
[2026-09-16T02:04:10.600Z] batch=- D5 MODE_SWITCH_START state=MODE_SWITCHING attempts=1 streak=0 attempt=1
[2026-09-16T02:04:10.602Z] batch=- D5 MODE_SWITCH_OK state=MODE_SWITCH_OK attempts=1 streak=0
[2026-09-16T02:04:10.603Z] batch=- D6 MODE_SWITCH_START state=MODE_SWITCHING attempts=1 streak=0 attempt=1
[2026-09-16T02:04:10.605Z] batch=- D6 MODE_SWITCH_OK state=MODE_SWITCH_OK attempts=1 streak=0
[2026-09-16T02:04:20.583Z] batch=- D1 MODE_SWITCH_START state=MODE_SWITCHING attempts=1 streak=0 attempt=1
[2026-09-16T02:04:20.587Z] batch=- D1 MODE_SWITCH_OK state=MODE_SWITCH_OK attempts=1 streak=0
[2026-09-16T02:04:20.596Z] batch=- D2 MODE_SWITCH_START state=MODE_SWITCHING attempts=1 streak=0 attempt=1
[2026-09-16T02:04:20.603Z] batch=- D2 MODE_SWITCH_OK state=MODE_SWITCH_OK attempts=1 streak=0
[2026-09-16T02:04:20.608Z] batch=- D3 MODE_SWITCH_START state=MODE_SWITCHING attempts=1 streak=0 attempt=1
[2026-09-16T02:04:20.610Z] batch=- D3 MODE_SWITCH_OK state=MODE_SWITCH_OK attempts=1 streak=0
[2026-09-16T02:04:20.613Z] batch=- D4 MODE_SWITCH_START state=MODE_SWITCHING attempts=1 streak=0 attempt=1
[2026-09-16T02:04:20.615Z] batch=- D4 MODE_SWITCH_OK state=MODE_SWITCH_OK attempts=1 streak=0
[2026-09-16T02:04:20.616Z] batch=- D5 MODE_SWITCH_START state=MODE_SWITCHING attempts=1 streak=0 attempt=1
[2026-09-16T02:04:20.618Z] batch=- D5 MODE_SWITCH_OK state=MODE_SWITCH_OK attempts=1 streak=0
[2026-09-16T02:04:20.619Z] batch=- D6 MODE_SWITCH_START state=MODE_SWITCHING attempts=1 streak=0 attempt=1
[2026-09-16T02:04:20.624Z] batch=- D6 MODE_SWITCH_OK state=MODE_SWITCH_OK attempts=1 streak=0
[2026-09-16T02:04:30.596Z] batch=- D1 MODE_SWITCH_START state=MODE_SWITCHING attempts=1 streak=0 attempt=1
[2026-09-16T02:04:30.599Z] batch=- D1 MODE_SWITCH_OK state=MODE_SWITCH_OK attempts=1 streak=0
[2026-09-16T02:04:30.607Z] batch=- D2 MODE_SWITCH_START state=MODE_SWITCHING attempts=1 streak=0 attempt=1
[2026-09-16T02:04:30.615Z] batch=- D2 MODE_SWITCH_OK state=MODE_SWITCH_OK attempts=1 streak=0
[2026-09-16T02:04:30.620Z] batch=- D3 MODE_SWITCH_START state=MODE_SWITCHING attempts=1 streak=0 attempt=1
[2026-09-16T02:04:30.622Z] batch=- D3 MODE_SWITCH_OK state=MODE_SWITCH_OK attempts=1 streak=0
[2026-09-16T02:04:30.624Z] batch=- D4 MODE_SWITCH_START state=MODE_SWITCHING attempts=1 streak=0 attempt=1
[2026-09-16T02:04:30.627Z] batch=- D4 MODE_SWITCH_OK state=MODE_SWITCH_OK attempts=1 streak=0
[2026-09-16T02:04:30.629Z] batch=- D5 MODE_SWITCH_START state=MODE_SWITCHING attempts=1 streak=0 attempt=1
[2026-09-16T02:04:30.631Z] batch=- D5 MODE_SWITCH_OK state=MODE_SWITCH_OK attempts=1 streak=0
[2026-09-16T02:04:30.633Z] batch=- D6 MODE_SWITCH_START state=MODE_SWITCHING attempts=1 streak=0 attempt=1
[2026-09-16T02:04:30.635Z] batch=- D6 MODE_SWITCH_OK state=MODE_SWITCH_OK attempts=1 streak=0
[2026-09-16T02:04:40.615Z] batch=- D1 MODE_SWITCH_START state=MODE_SWITCHING attempts=1 streak=0 attempt=1
[2026-09-16T02:04:40.617Z] batch=- D1 MODE_SWITCH_OK state=MODE_SWITCH_OK attempts=1 streak=0
[2026-09-16T02:04:40.622Z] batch=- D2 MODE_SWITCH_START state=MODE_SWITCHING attempts=1 streak=0 attempt=1
[2026-09-16T02:04:40.627Z] batch=- D2 MODE_SWITCH_OK state=MODE_SWITCH_OK attempts=1 streak=0
[2026-09-16T02:04:40.630Z] batch=- D3 MODE_SWITCH_START state=MODE_SWITCHING attempts=1 streak=0 attempt=1
[2026-09-16T02:04:40.638Z] batch=- D3 MODE_SWITCH_OK state=MODE_SWITCH_OK attempts=1 streak=0
[2026-09-16T02:04:40.640Z] batch=- D4 MODE_SWITCH_START state=MODE_SWITCHING attempts=1 streak=0 attempt=1
[2026-09-16T02:04:40.644Z] batch=- D4 MODE_SWITCH_OK state=MODE_SWITCH_OK attempts=1 streak=0
[2026-09-16T02:04:40.646Z] batch=- D5 MODE_SWITCH_START state=MODE_SWITCHING attempts=1 streak=0 attempt=1
[2026-09-16T02:04:40.647Z] batch=- D5 MODE_SWITCH_OK state=MODE_SWITCH_OK attempts=1 streak=0
[2026-09-16T02:04:40.648Z] batch=- D6 MODE_SWITCH_START state=MODE_SWITCHING attempts=1 streak=0 attempt=1
[2026-09-16T02:04:40.650Z] batch=- D6 MODE_SWITCH_OK state=MODE_SWITCH_OK attempts=1 streak=0
[2026-09-16T02:04:50.625Z] batch=- D1 MODE_SWITCH_START state=MODE_SWITCHING attempts=1 streak=0 attempt=1
[2026-09-16T02:04:50.628Z] batch=- D1 MODE_SWITCH_OK state=MODE_SWITCH_OK attempts=1 streak=0
[2026-09-16T02:04:50.630Z] batch=- D2 MODE_SWITCH_START state=MODE_SWITCHING attempts=1 streak=0 attempt=1
[2026-09-16T02:04:50.632Z] batch=- D2 MODE_SWITCH_OK state=MODE_SWITCH_OK attempts=1 streak=0
[2026-09-16T02:04:50.639Z] batch=- D3 MODE_SWITCH_START state=MODE_SWITCHING attempts=1 streak=0 attempt=1
[2026-09-16T02:04:50.640Z] batch=- D3 MODE_SWITCH_OK state=MODE_SWITCH_OK attempts=1 streak=0
[2026-09-16T02:04:50.655Z] batch=- D4 MODE_SWITCH_START state=MODE_SWITCHING attempts=1 streak=0 attempt=1
[2026-09-16T02:04:50.657Z] batch=- D4 MODE_SWITCH_OK state=MODE_SWITCH_OK attempts=1 streak=0
[2026-09-16T02:04:50.658Z] batch=- D5 MODE_SWITCH_START state=MODE_SWITCHING attempts=1 streak=0 attempt=1
[2026-09-16T02:04:50.661Z] batch=- D5 MODE_SWITCH_OK state=MODE_SWITCH_OK attempts=1 streak=0
[2026-09-16T02:04:50.663Z] batch=- D6 MODE_SWITCH_START state=MODE_SWITCHING attempts=1 streak=0 attempt=1
[2026-09-16T02:04:50.664Z] batch=- D6 MODE_SWITCH_OK state=MODE_SWITCH_OK attempts=1 streak=0
[2026-09-16T02:05:00.630Z] batch=- D1 MODE_SWITCH_START state=MODE_SWITCHING attempts=1 streak=0 attempt=1
[2026-09-16T02:05:00.632Z] batch=- D1 MODE_SWITCH_OK state=MODE_SWITCH_OK attempts=1 streak=0
[2026-09-16T02:05:00.637Z] batch=- D2 MODE_SWITCH_START state=MODE_SWITCHING attempts=1 streak=0 attempt=1
[2026-09-16T02:05:00.639Z] batch=- D2 MODE_SWITCH_OK state=MODE_SWITCH_OK attempts=1 streak=0
[2026-09-16T02:05:00.641Z] batch=- D3 MODE_SWITCH_START state=MODE_SWITCHING attempts=1 streak=0 attempt=1
[2026-09-16T02:05:00.645Z] batch=- D3 MODE_SWITCH_OK state=MODE_SWITCH_OK attempts=1 streak=0
[2026-09-16T02:05:00.660Z] batch=- D4 MODE_SWITCH_START state=MODE_SWITCHING attempts=1 streak=0 attempt=1
[2026-09-16T02:05:00.661Z] batch=- D4 MODE_SWITCH_OK state=MODE_SWITCH_OK attempts=1 streak=0
[2026-09-16T02:05:00.663Z] batch=- D5 MODE_SWITCH_START state=MODE_SWITCHING attempts=1 streak=0 attempt=1
[2026-09-16T02:05:00.664Z] batch=- D5 MODE_SWITCH_OK state=MODE_SWITCH_OK attempts=1 streak=0
[2026-09-16T02:05:00.666Z] batch=- D6 MODE_SWITCH_START state=MODE_SWITCHING attempts=1 streak=0 attempt=1
[2026-09-16T02:05:00.670Z] batch=- D6 MODE_SWITCH_OK state=MODE_SWITCH_OK attempts=1 streak=0
[2026-09-16T02:05:10.650Z] batch=- D1 MODE_SWITCH_START state=MODE_SWITCHING attempts=1 streak=0 attempt=1
[2026-09-16T02:05:10.652Z] batch=- D1 MODE_SWITCH_OK state=MODE_SWITCH_OK attempts=1 streak=0
[2026-09-16T02:05:10.653Z] batch=- D2 MODE_SWITCH_START state=MODE_SWITCHING attempts=1 streak=0 attempt=1
[2026-09-16T02:05:10.655Z] batch=- D2 MODE_SWITCH_OK state=MODE_SWITCH_OK attempts=1 streak=0
[2026-09-16T02:05:10.659Z] batch=- D3 MODE_SWITCH_START state=MODE_SWITCHING attempts=1 streak=0 attempt=1
[2026-09-16T02:05:10.661Z] batch=- D3 MODE_SWITCH_OK state=MODE_SWITCH_OK attempts=1 streak=0
[2026-09-16T02:05:10.663Z] batch=- D4 MODE_SWITCH_START state=MODE_SWITCHING attempts=1 streak=0 attempt=1
[2026-09-16T02:05:10.666Z] batch=- D4 MODE_SWITCH_OK state=MODE_SWITCH_OK attempts=1 streak=0
[2026-09-16T02:05:10.669Z] batch=- D5 MODE_SWITCH_START state=MODE_SWITCHING attempts=1 streak=0 attempt=1
[2026-09-16T02:05:10.672Z] batch=- D5 MODE_SWITCH_OK state=MODE_SWITCH_OK attempts=1 streak=0
[2026-09-16T02:05:10.675Z] batch=- D6 MODE_SWITCH_START state=MODE_SWITCHING attempts=1 streak=0 attempt=1
[2026-09-16T02:05:10.676Z] batch=- D6 MODE_SWITCH_OK state=MODE_SWITCH_OK attempts=1 streak=0
[2026-09-16T02:05:20.668Z] batch=- D1 MODE_SWITCH_START state=MODE_SWITCHING attempts=1 streak=0 attempt=1
[2026-09-16T02:05:20.670Z] batch=- D1 MODE_SWITCH_OK state=MODE_SWITCH_OK attempts=1 streak=0
[2026-09-16T02:05:20.672Z] batch=- D2 MODE_SWITCH_START state=MODE_SWITCHING attempts=1 streak=0 attempt=1
[2026-09-16T02:05:20.674Z] batch=- D2 MODE_SWITCH_OK state=MODE_SWITCH_OK attempts=1 streak=0
[2026-09-16T02:05:20.677Z] batch=- D3 MODE_SWITCH_START state=MODE_SWITCHING attempts=1 streak=0 attempt=1
[2026-09-16T02:05:20.681Z] batch=- D3 MODE_SWITCH_OK state=MODE_SWITCH_OK attempts=1 streak=0
[2026-09-16T02:05:20.684Z] batch=- D4 MODE_SWITCH_START state=MODE_SWITCHING attempts=1 streak=0 attempt=1
[2026-09-16T02:05:20.686Z] batch=- D4 MODE_SWITCH_OK state=MODE_SWITCH_OK attempts=1 streak=0
[2026-09-16T02:05:20.688Z] batch=- D5 MODE_SWITCH_START state=MODE_SWITCHING attempts=1 streak=0 attempt=1
[2026-09-16T02:05:20.689Z] batch=- D5 MODE_SWITCH_OK state=MODE_SWITCH_OK attempts=1 streak=0
[2026-09-16T02:05:20.690Z] batch=- D6 MODE_SWITCH_START state=MODE_SWITCHING attempts=1 streak=0 attempt=1
[2026-09-16T02:05:20.692Z] batch=- D6 MODE_SWITCH_OK state=MODE_SWITCH_OK attempts=1 streak=0
[2026-09-16T02:05:30.679Z] batch=- D1 MODE_SWITCH_START state=MODE_SWITCHING attempts=1 streak=0 attempt=1
[2026-09-16T02:05:30.683Z] batch=- D1 MODE_SWITCH_OK state=MODE_SWITCH_OK attempts=1 streak=0
[2026-09-16T02:05:30.686Z] batch=- D2 MODE_SWITCH_START state=MODE_SWITCHING attempts=1 streak=0 attempt=1
[2026-09-16T02:05:30.693Z] batch=- D2 MODE_SWITCH_OK state=MODE_SWITCH_OK attempts=1 streak=0
[2026-09-16T02:05:30.697Z] batch=- D3 MODE_SWITCH_START state=MODE_SWITCHING attempts=1 streak=0 attempt=1
[2026-09-16T02:05:30.699Z] batch=- D3 MODE_SWITCH_OK state=MODE_SWITCH_OK attempts=1 streak=0
[2026-09-16T02:05:30.700Z] batch=- D4 MODE_SWITCH_START state=MODE_SWITCHING attempts=1 streak=0 attempt=1
[2026-09-16T02:05:30.701Z] batch=- D4 MODE_SWITCH_OK state=MODE_SWITCH_OK attempts=1 streak=0
[2026-09-16T02:05:30.702Z] batch=- D5 MODE_SWITCH_START state=MODE_SWITCHING attempts=1 streak=0 attempt=1
[2026-09-16T02:05:30.703Z] batch=- D5 MODE_SWITCH_OK state=MODE_SWITCH_OK attempts=1 streak=0
[2026-09-16T02:05:30.704Z] batch=- D6 MODE_SWITCH_START state=MODE_SWITCHING attempts=1 streak=0 attempt=1
[2026-09-16T02:05:30.706Z] batch=- D6 MODE_SWITCH_OK state=MODE_SWITCH_OK attempts=1 streak=0
[2026-09-16T02:05:40.694Z] batch=- D1 MODE_SWITCH_START state=MODE_SWITCHING attempts=1 streak=0 attempt=1
[2026-09-16T02:05:40.699Z] batch=- D1 MODE_SWITCH_OK state=MODE_SWITCH_OK attempts=1 streak=0
[2026-09-16T02:05:40.704Z] batch=- D2 MODE_SWITCH_START state=MODE_SWITCHING attempts=1 streak=0 attempt=1
[2026-09-16T02:05:40.708Z] batch=- D2 MODE_SWITCH_OK state=MODE_SWITCH_OK attempts=1 streak=0
[2026-09-16T02:05:40.709Z] batch=- D3 MODE_SWITCH_START state=MODE_SWITCHING attempts=1 streak=0 attempt=1
[2026-09-16T02:05:40.711Z] batch=- D3 MODE_SWITCH_OK state=MODE_SWITCH_OK attempts=1 streak=0
[2026-09-16T02:05:40.713Z] batch=- D4 MODE_SWITCH_START state=MODE_SWITCHING attempts=1 streak=0 attempt=1
[2026-09-16T02:05:40.715Z] batch=- D4 MODE_SWITCH_OK state=MODE_SWITCH_OK attempts=1 streak=0
[2026-09-16T02:05:40.717Z] batch=- D5 MODE_SWITCH_START state=MODE_SWITCHING attempts=1 streak=0 attempt=1
[2026-09-16T02:05:40.718Z] batch=- D5 MODE_SWITCH_OK state=MODE_SWITCH_OK attempts=1 streak=0
[2026-09-16T02:05:40.721Z] batch=- D6 MODE_SWITCH_START state=MODE_SWITCHING attempts=1 streak=0 attempt=1
[2026-09-16T02:05:40.723Z] batch=- D6 MODE_SWITCH_OK state=MODE_SWITCH_OK attempts=1 streak=0
[2026-09-16T02:05:50.709Z] batch=- D1 MODE_SWITCH_START state=MODE_SWITCHING attempts=1 streak=0 attempt=1
[2026-09-16T02:05:50.712Z] batch=- D1 MODE_SWITCH_OK state=MODE_SWITCH_OK attempts=1 streak=0
[2026-09-16T02:05:50.715Z] batch=- D2 MODE_SWITCH_START state=MODE_SWITCHING attempts=1 streak=0 attempt=1
[2026-09-16T02:05:50.726Z] batch=- D2 MODE_SWITCH_OK state=MODE_SWITCH_OK attempts=1 streak=0
[2026-09-16T02:05:50.733Z] batch=- D3 MODE_SWITCH_START state=MODE_SWITCHING attempts=1 streak=0 attempt=1
[2026-09-16T02:05:50.736Z] batch=- D3 MODE_SWITCH_OK state=MODE_SWITCH_OK attempts=1 streak=0
[2026-09-16T02:05:50.738Z] batch=- D4 MODE_SWITCH_START state=MODE_SWITCHING attempts=1 streak=0 attempt=1
[2026-09-16T02:05:50.741Z] batch=- D4 MODE_SWITCH_OK state=MODE_SWITCH_OK attempts=1 streak=0
[2026-09-16T02:05:50.743Z] batch=- D5 MODE_SWITCH_START state=MODE_SWITCHING attempts=1 streak=0 attempt=1
[2026-09-16T02:05:50.744Z] batch=- D5 MODE_SWITCH_OK state=MODE_SWITCH_OK attempts=1 streak=0
[2026-09-16T02:05:50.745Z] batch=- D6 MODE_SWITCH_START state=MODE_SWITCHING attempts=1 streak=0 attempt=1
[2026-09-16T02:05:50.746Z] batch=- D6 MODE_SWITCH_OK state=MODE_SWITCH_OK attempts=1 streak=0
[2026-09-16T02:06:00.713Z] batch=- D1 MODE_SWITCH_START state=MODE_SWITCHING attempts=1 streak=0 attempt=1
[2026-09-16T02:06:00.714Z] batch=- D1 MODE_SWITCH_OK state=MODE_SWITCH_OK attempts=1 streak=0
[2026-09-16T02:06:00.741Z] batch=- D2 MODE_SWITCH_START state=MODE_SWITCHING attempts=1 streak=0 attempt=1
[2026-09-16T02:06:00.742Z] batch=- D2 MODE_SWITCH_OK state=MODE_SWITCH_OK attempts=1 streak=0
[2026-09-16T02:06:00.744Z] batch=- D3 MODE_SWITCH_START state=MODE_SWITCHING attempts=1 streak=0 attempt=1
[2026-09-16T02:06:00.747Z] batch=- D3 MODE_SWITCH_OK state=MODE_SWITCH_OK attempts=1 streak=0
[2026-09-16T02:06:00.747Z] batch=- D4 MODE_SWITCH_START state=MODE_SWITCHING attempts=1 streak=0 attempt=1
[2026-09-16T02:06:00.748Z] batch=- D4 MODE_SWITCH_OK state=MODE_SWITCH_OK attempts=1 streak=0
[2026-09-16T02:06:00.750Z] batch=- D5 MODE_SWITCH_START state=MODE_SWITCHING attempts=1 streak=0 attempt=1
[2026-09-16T02:06:00.752Z] batch=- D5 MODE_SWITCH_OK state=MODE_SWITCH_OK attempts=1 streak=0
[2026-09-16T02:06:00.752Z] batch=- D6 MODE_SWITCH_START state=MODE_SWITCHING attempts=1 streak=0 attempt=1
[2026-09-16T02:06:00.753Z] batch=- D6 MODE_SWITCH_OK state=MODE_SWITCH_OK attempts=1 streak=0
[2026-09-16T02:06:10.721Z] batch=- D1 MODE_SWITCH_START state=MODE_SWITCHING attempts=1 streak=0 attempt=1
[2026-09-16T02:06:10.723Z] batch=- D1 MODE_SWITCH_OK state=MODE_SWITCH_OK attempts=1 streak=0
[2026-09-16T02:06:10.756Z] batch=- D2 MODE_SWITCH_START state=MODE_SWITCHING attempts=1 streak=0 attempt=1
[2026-09-16T02:06:10.757Z] batch=- D2 MODE_SWITCH_OK state=MODE_SWITCH_OK attempts=1 streak=0
[2026-09-16T02:06:10.759Z] batch=- D3 MODE_SWITCH_START state=MODE_SWITCHING attempts=1 streak=0 attempt=1
[2026-09-16T02:06:10.761Z] batch=- D3 MODE_SWITCH_OK state=MODE_SWITCH_OK attempts=1 streak=0
[2026-09-16T02:06:10.763Z] batch=- D4 MODE_SWITCH_START state=MODE_SWITCHING attempts=1 streak=0 attempt=1
[2026-09-16T02:06:10.764Z] batch=- D4 MODE_SWITCH_OK state=MODE_SWITCH_OK attempts=1 streak=0
[2026-09-16T02:06:10.765Z] batch=- D5 MODE_SWITCH_START state=MODE_SWITCHING attempts=1 streak=0 attempt=1
[2026-09-16T02:06:10.769Z] batch=- D5 MODE_SWITCH_OK state=MODE_SWITCH_OK attempts=1 streak=0
[2026-09-16T02:06:10.770Z] batch=- D6 MODE_SWITCH_START state=MODE_SWITCHING attempts=1 streak=0 attempt=1
[2026-09-16T02:06:10.772Z] batch=- D6 MODE_SWITCH_OK state=MODE_SWITCH_OK attempts=1 streak=0
[2026-09-16T02:06:20.736Z] batch=- D1 MODE_SWITCH_START state=MODE_SWITCHING attempts=1 streak=0 attempt=1
[2026-09-16T02:06:20.740Z] batch=- D1 MODE_SWITCH_OK state=MODE_SWITCH_OK attempts=1 streak=0
[2026-09-16T02:06:20.766Z] batch=- D2 MODE_SWITCH_START state=MODE_SWITCHING attempts=1 streak=0 attempt=1
[2026-09-16T02:06:20.768Z] batch=- D2 MODE_SWITCH_OK state=MODE_SWITCH_OK attempts=1 streak=0
[2026-09-16T02:06:20.769Z] batch=- D3 MODE_SWITCH_START state=MODE_SWITCHING attempts=1 streak=0 attempt=1
[2026-09-16T02:06:20.771Z] batch=- D3 MODE_SWITCH_OK state=MODE_SWITCH_OK attempts=1 streak=0
[2026-09-16T02:06:20.772Z] batch=- D4 MODE_SWITCH_START state=MODE_SWITCHING attempts=1 streak=0 attempt=1
[2026-09-16T02:06:20.776Z] batch=- D4 MODE_SWITCH_OK state=MODE_SWITCH_OK attempts=1 streak=0
[2026-09-16T02:06:20.779Z] batch=- D5 MODE_SWITCH_START state=MODE_SWITCHING attempts=1 streak=0 attempt=1
[2026-09-16T02:06:20.782Z] batch=- D5 MODE_SWITCH_OK state=MODE_SWITCH_OK attempts=1 streak=0
[2026-09-16T02:06:20.784Z] batch=- D6 MODE_SWITCH_START state=MODE_SWITCHING attempts=1 streak=0 attempt=1
[2026-09-16T02:06:20.786Z] batch=- D6 MODE_SWITCH_OK state=MODE_SWITCH_OK attempts=1 streak=0
[2026-09-16T02:06:30.742Z] batch=- D1 MODE_SWITCH_START state=MODE_SWITCHING attempts=1 streak=0 attempt=1
[2026-09-16T02:06:30.751Z] batch=- D1 MODE_SWITCH_OK state=MODE_SWITCH_OK attempts=1 streak=0
[2026-09-16T02:06:30.783Z] batch=- D2 MODE_SWITCH_START state=MODE_SWITCHING attempts=1 streak=0 attempt=1
[2026-09-16T02:06:30.789Z] batch=- D2 MODE_SWITCH_OK state=MODE_SWITCH_OK attempts=1 streak=0
[2026-09-16T02:06:30.790Z] batch=- D3 MODE_SWITCH_START state=MODE_SWITCHING attempts=1 streak=0 attempt=1
[2026-09-16T02:06:30.792Z] batch=- D3 MODE_SWITCH_OK state=MODE_SWITCH_OK attempts=1 streak=0
[2026-09-16T02:06:30.793Z] batch=- D4 MODE_SWITCH_START state=MODE_SWITCHING attempts=1 streak=0 attempt=1
[2026-09-16T02:06:30.794Z] batch=- D4 MODE_SWITCH_OK state=MODE_SWITCH_OK attempts=1 streak=0
[2026-09-16T02:06:30.795Z] batch=- D5 MODE_SWITCH_START state=MODE_SWITCHING attempts=1 streak=0 attempt=1
[2026-09-16T02:06:30.797Z] batch=- D5 MODE_SWITCH_OK state=MODE_SWITCH_OK attempts=1 streak=0
[2026-09-16T02:06:30.797Z] batch=- D6 MODE_SWITCH_START state=MODE_SWITCHING attempts=1 streak=0 attempt=1
[2026-09-16T02:06:30.799Z] batch=- D6 MODE_SWITCH_OK state=MODE_SWITCH_OK attempts=1 streak=0
[2026-09-16T02:06:40.766Z] batch=- D1 MODE_SWITCH_START state=MODE_SWITCHING attempts=1 streak=0 attempt=1
[2026-09-16T02:06:40.768Z] batch=- D1 MODE_SWITCH_OK state=MODE_SWITCH_OK attempts=1 streak=0
[2026-09-16T02:06:40.797Z] batch=- D2 MODE_SWITCH_START state=MODE_SWITCHING attempts=1 streak=0 attempt=1
[2026-09-16T02:06:40.799Z] batch=- D2 MODE_SWITCH_OK state=MODE_SWITCH_OK attempts=1 streak=0
[2026-09-16T02:06:40.800Z] batch=- D3 MODE_SWITCH_START state=MODE_SWITCHING attempts=1 streak=0 attempt=1
[2026-09-16T02:06:40.802Z] batch=- D3 MODE_SWITCH_OK state=MODE_SWITCH_OK attempts=1 streak=0
[2026-09-16T02:06:40.804Z] batch=- D4 MODE_SWITCH_START state=MODE_SWITCHING attempts=1 streak=0 attempt=1
[2026-09-16T02:06:40.808Z] batch=- D4 MODE_SWITCH_OK state=MODE_SWITCH_OK attempts=1 streak=0
[2026-09-16T02:06:40.809Z] batch=- D5 MODE_SWITCH_START state=MODE_SWITCHING attempts=1 streak=0 attempt=1
[2026-09-16T02:06:40.811Z] batch=- D5 MODE_SWITCH_OK state=MODE_SWITCH_OK attempts=1 streak=0
[2026-09-16T02:06:40.813Z] batch=- D6 MODE_SWITCH_START state=MODE_SWITCHING attempts=1 streak=0 attempt=1
[2026-09-16T02:06:40.814Z] batch=- D6 MODE_SWITCH_OK state=MODE_SWITCH_OK attempts=1 streak=0
[2026-09-16T02:06:50.781Z] batch=- D1 MODE_SWITCH_START state=MODE_SWITCHING attempts=1 streak=0 attempt=1
[2026-09-16T02:06:50.783Z] batch=- D1 MODE_SWITCH_OK state=MODE_SWITCH_OK attempts=1 streak=0
[2026-09-16T02:06:50.810Z] batch=- D2 MODE_SWITCH_START state=MODE_SWITCHING attempts=1 streak=0 attempt=1
[2026-09-16T02:06:50.812Z] batch=- D2 MODE_SWITCH_OK state=MODE_SWITCH_OK attempts=1 streak=0
[2026-09-16T02:06:50.815Z] batch=- D3 MODE_SWITCH_START state=MODE_SWITCHING attempts=1 streak=0 attempt=1
[2026-09-16T02:06:50.817Z] batch=- D3 MODE_SWITCH_OK state=MODE_SWITCH_OK attempts=1 streak=0
[2026-09-16T02:06:50.818Z] batch=- D4 MODE_SWITCH_START state=MODE_SWITCHING attempts=1 streak=0 attempt=1
[2026-09-16T02:06:50.820Z] batch=- D4 MODE_SWITCH_OK state=MODE_SWITCH_OK attempts=1 streak=0
[2026-09-16T02:06:50.822Z] batch=- D5 MODE_SWITCH_START state=MODE_SWITCHING attempts=1 streak=0 attempt=1
[2026-09-16T02:06:50.824Z] batch=- D5 MODE_SWITCH_OK state=MODE_SWITCH_OK attempts=1 streak=0
[2026-09-16T02:06:50.825Z] batch=- D6 MODE_SWITCH_START state=MODE_SWITCHING attempts=1 streak=0 attempt=1
[2026-09-16T02:06:50.827Z] batch=- D6 MODE_SWITCH_OK state=MODE_SWITCH_OK attempts=1 streak=0
[2026-09-16T02:07:00.793Z] batch=- D1 MODE_SWITCH_START state=MODE_SWITCHING attempts=1 streak=0 attempt=1
[2026-09-16T02:07:00.794Z] batch=- D1 MODE_SWITCH_OK state=MODE_SWITCH_OK attempts=1 streak=0
[2026-09-16T02:07:00.822Z] batch=- D2 MODE_SWITCH_START state=MODE_SWITCHING attempts=1 streak=0 attempt=1
[2026-09-16T02:07:00.825Z] batch=- D2 MODE_SWITCH_OK state=MODE_SWITCH_OK attempts=1 streak=0
[2026-09-16T02:07:00.826Z] batch=- D3 MODE_SWITCH_START state=MODE_SWITCHING attempts=1 streak=0 attempt=1
[2026-09-16T02:07:00.828Z] batch=- D3 MODE_SWITCH_OK state=MODE_SWITCH_OK attempts=1 streak=0
[2026-09-16T02:07:00.829Z] batch=- D4 MODE_SWITCH_START state=MODE_SWITCHING attempts=1 streak=0 attempt=1
[2026-09-16T02:07:00.831Z] batch=- D4 MODE_SWITCH_OK state=MODE_SWITCH_OK attempts=1 streak=0
[2026-09-16T02:07:00.833Z] batch=- D5 MODE_SWITCH_START state=MODE_SWITCHING attempts=1 streak=0 attempt=1
[2026-09-16T02:07:00.835Z] batch=- D5 MODE_SWITCH_OK state=MODE_SWITCH_OK attempts=1 streak=0
[2026-09-16T02:07:00.839Z] batch=- D6 MODE_SWITCH_START state=MODE_SWITCHING attempts=1 streak=0 attempt=1
[2026-09-16T02:07:00.842Z] batch=- D6 MODE_SWITCH_OK state=MODE_SWITCH_OK attempts=1 streak=0
[2026-09-16T02:07:10.795Z] batch=- D1 MODE_SWITCH_START state=MODE_SWITCHING attempts=1 streak=0 attempt=1
[2026-09-16T02:07:10.799Z] batch=- D1 MODE_SWITCH_OK state=MODE_SWITCH_OK attempts=1 streak=0
[2026-09-16T02:07:10.837Z] batch=- D2 MODE_SWITCH_START state=MODE_SWITCHING attempts=1 streak=0 attempt=1
[2026-09-16T02:07:10.838Z] batch=- D2 MODE_SWITCH_OK state=MODE_SWITCH_OK attempts=1 streak=0
[2026-09-16T02:07:10.838Z] batch=- D3 MODE_SWITCH_START state=MODE_SWITCHING attempts=1 streak=0 attempt=1
[2026-09-16T02:07:10.839Z] batch=- D3 MODE_SWITCH_OK state=MODE_SWITCH_OK attempts=1 streak=0
[2026-09-16T02:07:10.840Z] batch=- D4 MODE_SWITCH_START state=MODE_SWITCHING attempts=1 streak=0 attempt=1
[2026-09-16T02:07:10.841Z] batch=- D4 MODE_SWITCH_OK state=MODE_SWITCH_OK attempts=1 streak=0
[2026-09-16T02:07:10.842Z] batch=- D5 MODE_SWITCH_START state=MODE_SWITCHING attempts=1 streak=0 attempt=1
[2026-09-16T02:07:10.842Z] batch=- D5 MODE_SWITCH_OK state=MODE_SWITCH_OK attempts=1 streak=0
[2026-09-16T02:07:10.844Z] batch=- D6 MODE_SWITCH_START state=MODE_SWITCHING attempts=1 streak=0 attempt=1
[2026-09-16T02:07:10.846Z] batch=- D6 MODE_SWITCH_OK state=MODE_SWITCH_OK attempts=1 streak=0
[2026-09-16T02:07:20.803Z] batch=- D1 MODE_SWITCH_START state=MODE_SWITCHING attempts=1 streak=0 attempt=1
[2026-09-16T02:07:20.806Z] batch=- D1 MODE_SWITCH_OK state=MODE_SWITCH_OK attempts=1 streak=0
[2026-09-16T02:07:20.849Z] batch=- D2 MODE_SWITCH_START state=MODE_SWITCHING attempts=1 streak=0 attempt=1
[2026-09-16T02:07:20.850Z] batch=- D2 MODE_SWITCH_OK state=MODE_SWITCH_OK attempts=1 streak=0
[2026-09-16T02:07:20.852Z] batch=- D3 MODE_SWITCH_START state=MODE_SWITCHING attempts=1 streak=0 attempt=1
[2026-09-16T02:07:20.853Z] batch=- D3 MODE_SWITCH_OK state=MODE_SWITCH_OK attempts=1 streak=0
[2026-09-16T02:07:20.854Z] batch=- D4 MODE_SWITCH_START state=MODE_SWITCHING attempts=1 streak=0 attempt=1
[2026-09-16T02:07:20.855Z] batch=- D4 MODE_SWITCH_OK state=MODE_SWITCH_OK attempts=1 streak=0
[2026-09-16T02:07:20.857Z] batch=- D5 MODE_SWITCH_START state=MODE_SWITCHING attempts=1 streak=0 attempt=1
[2026-09-16T02:07:20.858Z] batch=- D5 MODE_SWITCH_OK state=MODE_SWITCH_OK attempts=1 streak=0
[2026-09-16T02:07:20.859Z] batch=- D6 MODE_SWITCH_START state=MODE_SWITCHING attempts=1 streak=0 attempt=1
[2026-09-16T02:07:20.860Z] batch=- D6 MODE_SWITCH_OK state=MODE_SWITCH_OK attempts=1 streak=0
[2026-09-16T02:07:30.818Z] batch=- D1 MODE_SWITCH_START state=MODE_SWITCHING attempts=1 streak=0 attempt=1
[2026-09-16T02:07:30.820Z] batch=- D1 MODE_SWITCH_OK state=MODE_SWITCH_OK attempts=1 streak=0
[2026-09-16T02:07:30.864Z] batch=- D2 MODE_SWITCH_START state=MODE_SWITCHING attempts=1 streak=0 attempt=1
[2026-09-16T02:07:30.867Z] batch=- D2 MODE_SWITCH_OK state=MODE_SWITCH_OK attempts=1 streak=0
[2026-09-16T02:07:30.868Z] batch=- D3 MODE_SWITCH_START state=MODE_SWITCHING attempts=1 streak=0 attempt=1
[2026-09-16T02:07:30.870Z] batch=- D3 MODE_SWITCH_OK state=MODE_SWITCH_OK attempts=1 streak=0
[2026-09-16T02:07:30.872Z] batch=- D4 MODE_SWITCH_START state=MODE_SWITCHING attempts=1 streak=0 attempt=1
[2026-09-16T02:07:30.876Z] batch=- D4 MODE_SWITCH_OK state=MODE_SWITCH_OK attempts=1 streak=0
[2026-09-16T02:07:30.878Z] batch=- D5 MODE_SWITCH_START state=MODE_SWITCHING attempts=1 streak=0 attempt=1
[2026-09-16T02:07:30.880Z] batch=- D5 MODE_SWITCH_OK state=MODE_SWITCH_OK attempts=1 streak=0
[2026-09-16T02:07:30.882Z] batch=- D6 MODE_SWITCH_START state=MODE_SWITCHING attempts=1 streak=0 attempt=1
[2026-09-16T02:07:30.884Z] batch=- D6 MODE_SWITCH_OK state=MODE_SWITCH_OK attempts=1 streak=0
[2026-09-16T02:07:40.827Z] batch=- D1 MODE_SWITCH_START state=MODE_SWITCHING attempts=1 streak=0 attempt=1
[2026-09-16T02:07:40.830Z] batch=- D1 MODE_SWITCH_OK state=MODE_SWITCH_OK attempts=1 streak=0
[2026-09-16T02:07:40.874Z] batch=- D2 MODE_SWITCH_START state=MODE_SWITCHING attempts=1 streak=0 attempt=1
[2026-09-16T02:07:40.877Z] batch=- D2 MODE_SWITCH_OK state=MODE_SWITCH_OK attempts=1 streak=0
[2026-09-16T02:07:40.879Z] batch=- D3 MODE_SWITCH_START state=MODE_SWITCHING attempts=1 streak=0 attempt=1
[2026-09-16T02:07:40.884Z] batch=- D3 MODE_SWITCH_OK state=MODE_SWITCH_OK attempts=1 streak=0
[2026-09-16T02:07:40.893Z] batch=- D4 MODE_SWITCH_START state=MODE_SWITCHING attempts=1 streak=0 attempt=1
[2026-09-16T02:07:40.896Z] batch=- D4 MODE_SWITCH_OK state=MODE_SWITCH_OK attempts=1 streak=0
[2026-09-16T02:07:40.899Z] batch=- D5 MODE_SWITCH_START state=MODE_SWITCHING attempts=1 streak=0 attempt=1
[2026-09-16T02:07:40.901Z] batch=- D5 MODE_SWITCH_OK state=MODE_SWITCH_OK attempts=1 streak=0
[2026-09-16T02:07:40.903Z] batch=- D6 MODE_SWITCH_START state=MODE_SWITCHING attempts=1 streak=0 attempt=1
[2026-09-16T02:07:40.905Z] batch=- D6 MODE_SWITCH_OK state=MODE_SWITCH_OK attempts=1 streak=0
[2026-09-16T02:07:50.838Z] batch=- D1 MODE_SWITCH_START state=MODE_SWITCHING attempts=1 streak=0 attempt=1
[2026-09-16T02:07:50.842Z] batch=- D1 MODE_SWITCH_OK state=MODE_SWITCH_OK attempts=1 streak=0
[2026-09-16T02:07:50.886Z] batch=- D2 MODE_SWITCH_START state=MODE_SWITCHING attempts=1 streak=0 attempt=1
[2026-09-16T02:07:50.887Z] batch=- D2 MODE_SWITCH_OK state=MODE_SWITCH_OK attempts=1 streak=0
[2026-09-16T02:07:50.888Z] batch=- D3 MODE_SWITCH_START state=MODE_SWITCHING attempts=1 streak=0 attempt=1
[2026-09-16T02:07:50.890Z] batch=- D3 MODE_SWITCH_OK state=MODE_SWITCH_OK attempts=1 streak=0
[2026-09-16T02:07:50.901Z] batch=- D4 MODE_SWITCH_START state=MODE_SWITCHING attempts=1 streak=0 attempt=1
[2026-09-16T02:07:50.903Z] batch=- D4 MODE_SWITCH_OK state=MODE_SWITCH_OK attempts=1 streak=0
[2026-09-16T02:07:50.905Z] batch=- D5 MODE_SWITCH_START state=MODE_SWITCHING attempts=1 streak=0 attempt=1
[2026-09-16T02:07:50.908Z] batch=- D5 MODE_SWITCH_OK state=MODE_SWITCH_OK attempts=1 streak=0
[2026-09-16T02:07:50.911Z] batch=- D6 MODE_SWITCH_START state=MODE_SWITCHING attempts=1 streak=0 attempt=1
[2026-09-16T02:07:50.913Z] batch=- D6 MODE_SWITCH_OK state=MODE_SWITCH_OK attempts=1 streak=0
[2026-09-16T02:08:00.849Z] batch=- D1 MODE_SWITCH_START state=MODE_SWITCHING attempts=1 streak=0 attempt=1
[2026-09-16T02:08:00.853Z] batch=- D1 MODE_SWITCH_OK state=MODE_SWITCH_OK attempts=1 streak=0
[2026-09-16T02:08:00.897Z] batch=- D2 MODE_SWITCH_START state=MODE_SWITCHING attempts=1 streak=0 attempt=1
[2026-09-16T02:08:00.900Z] batch=- D2 MODE_SWITCH_OK state=MODE_SWITCH_OK attempts=1 streak=0
[2026-09-16T02:08:00.902Z] batch=- D3 MODE_SWITCH_START state=MODE_SWITCHING attempts=1 streak=0 attempt=1
[2026-09-16T02:08:00.903Z] batch=- D3 MODE_SWITCH_OK state=MODE_SWITCH_OK attempts=1 streak=0
[2026-09-16T02:08:00.905Z] batch=- D4 MODE_SWITCH_START state=MODE_SWITCHING attempts=1 streak=0 attempt=1
[2026-09-16T02:08:00.906Z] batch=- D4 MODE_SWITCH_OK state=MODE_SWITCH_OK attempts=1 streak=0
[2026-09-16T02:08:00.911Z] batch=- D5 MODE_SWITCH_START state=MODE_SWITCHING attempts=1 streak=0 attempt=1
[2026-09-16T02:08:00.919Z] batch=- D5 MODE_SWITCH_OK state=MODE_SWITCH_OK attempts=1 streak=0
[2026-09-16T02:08:00.921Z] batch=- D6 MODE_SWITCH_START state=MODE_SWITCHING attempts=1 streak=0 attempt=1
[2026-09-16T02:08:00.922Z] batch=- D6 MODE_SWITCH_OK state=MODE_SWITCH_OK attempts=1 streak=0
[2026-09-16T02:08:10.863Z] batch=- D1 MODE_SWITCH_START state=MODE_SWITCHING attempts=1 streak=0 attempt=1
[2026-09-16T02:08:10.866Z] batch=- D1 MODE_SWITCH_OK state=MODE_SWITCH_OK attempts=1 streak=0
[2026-09-16T02:08:10.910Z] batch=- D2 MODE_SWITCH_START state=MODE_SWITCHING attempts=1 streak=0 attempt=1
[2026-09-16T02:08:10.912Z] batch=- D2 MODE_SWITCH_OK state=MODE_SWITCH_OK attempts=1 streak=0
[2026-09-16T02:08:10.914Z] batch=- D3 MODE_SWITCH_START state=MODE_SWITCHING attempts=1 streak=0 attempt=1
[2026-09-16T02:08:10.916Z] batch=- D3 MODE_SWITCH_OK state=MODE_SWITCH_OK attempts=1 streak=0
[2026-09-16T02:08:10.917Z] batch=- D4 MODE_SWITCH_START state=MODE_SWITCHING attempts=1 streak=0 attempt=1
[2026-09-16T02:08:10.920Z] batch=- D4 MODE_SWITCH_OK state=MODE_SWITCH_OK attempts=1 streak=0
[2026-09-16T02:08:10.929Z] batch=- D5 MODE_SWITCH_START state=MODE_SWITCHING attempts=1 streak=0 attempt=1
[2026-09-16T02:08:10.931Z] batch=- D5 MODE_SWITCH_OK state=MODE_SWITCH_OK attempts=1 streak=0
[2026-09-16T02:08:10.932Z] batch=- D6 MODE_SWITCH_START state=MODE_SWITCHING attempts=1 streak=0 attempt=1
[2026-09-16T02:08:10.933Z] batch=- D6 MODE_SWITCH_OK state=MODE_SWITCH_OK attempts=1 streak=0
[2026-09-16T02:08:20.871Z] batch=- D1 MODE_SWITCH_START state=MODE_SWITCHING attempts=1 streak=0 attempt=1
[2026-09-16T02:08:20.874Z] batch=- D1 MODE_SWITCH_OK state=MODE_SWITCH_OK attempts=1 streak=0
[2026-09-16T02:08:20.916Z] batch=- D2 MODE_SWITCH_START state=MODE_SWITCHING attempts=1 streak=0 attempt=1
[2026-09-16T02:08:20.921Z] batch=- D2 MODE_SWITCH_OK state=MODE_SWITCH_OK attempts=1 streak=0
[2026-09-16T02:08:20.925Z] batch=- D3 MODE_SWITCH_START state=MODE_SWITCHING attempts=1 streak=0 attempt=1
[2026-09-16T02:08:20.929Z] batch=- D3 MODE_SWITCH_OK state=MODE_SWITCH_OK attempts=1 streak=0
[2026-09-16T02:08:20.931Z] batch=- D4 MODE_SWITCH_START state=MODE_SWITCHING attempts=1 streak=0 attempt=1
[2026-09-16T02:08:20.933Z] batch=- D4 MODE_SWITCH_OK state=MODE_SWITCH_OK attempts=1 streak=0
[2026-09-16T02:08:20.935Z] batch=- D5 MODE_SWITCH_START state=MODE_SWITCHING attempts=1 streak=0 attempt=1
[2026-09-16T02:08:20.935Z] batch=- D5 MODE_SWITCH_OK state=MODE_SWITCH_OK attempts=1 streak=0
[2026-09-16T02:08:20.936Z] batch=- D6 MODE_SWITCH_START state=MODE_SWITCHING attempts=1 streak=0 attempt=1
[2026-09-16T02:08:20.937Z] batch=- D6 MODE_SWITCH_OK state=MODE_SWITCH_OK attempts=1 streak=0
[2026-09-16T02:08:30.876Z] batch=- D1 MODE_SWITCH_START state=MODE_SWITCHING attempts=1 streak=0 attempt=1
[2026-09-16T02:08:30.881Z] batch=- D1 MODE_SWITCH_OK state=MODE_SWITCH_OK attempts=1 streak=0
[2026-09-16T02:08:30.923Z] batch=- D2 MODE_SWITCH_START state=MODE_SWITCHING attempts=1 streak=0 attempt=1
[2026-09-16T02:08:30.926Z] batch=- D2 MODE_SWITCH_OK state=MODE_SWITCH_OK attempts=1 streak=0
[2026-09-16T02:08:30.939Z] batch=- D3 MODE_SWITCH_START state=MODE_SWITCHING attempts=1 streak=0 attempt=1
[2026-09-16T02:08:30.941Z] batch=- D3 MODE_SWITCH_OK state=MODE_SWITCH_OK attempts=1 streak=0
[2026-09-16T02:08:30.942Z] batch=- D4 MODE_SWITCH_START state=MODE_SWITCHING attempts=1 streak=0 attempt=1
[2026-09-16T02:08:30.945Z] batch=- D4 MODE_SWITCH_OK state=MODE_SWITCH_OK attempts=1 streak=0
[2026-09-16T02:08:30.946Z] batch=- D5 MODE_SWITCH_START state=MODE_SWITCHING attempts=1 streak=0 attempt=1
[2026-09-16T02:08:30.948Z] batch=- D5 MODE_SWITCH_OK state=MODE_SWITCH_OK attempts=1 streak=0
[2026-09-16T02:08:30.949Z] batch=- D6 MODE_SWITCH_START state=MODE_SWITCHING attempts=1 streak=0 attempt=1
[2026-09-16T02:08:30.951Z] batch=- D6 MODE_SWITCH_OK state=MODE_SWITCH_OK attempts=1 streak=0
[2026-09-16T02:08:40.883Z] batch=- D1 MODE_SWITCH_START state=MODE_SWITCHING attempts=1 streak=0 attempt=1
[2026-09-16T02:08:40.885Z] batch=- D1 MODE_SWITCH_OK state=MODE_SWITCH_OK attempts=1 streak=0
[2026-09-16T02:08:40.929Z] batch=- D2 MODE_SWITCH_START state=MODE_SWITCHING attempts=1 streak=0 attempt=1
[2026-09-16T02:08:40.931Z] batch=- D2 MODE_SWITCH_OK state=MODE_SWITCH_OK attempts=1 streak=0
[2026-09-16T02:08:40.944Z] batch=- D3 MODE_SWITCH_START state=MODE_SWITCHING attempts=1 streak=0 attempt=1
[2026-09-16T02:08:40.946Z] batch=- D3 MODE_SWITCH_OK state=MODE_SWITCH_OK attempts=1 streak=0
[2026-09-16T02:08:40.947Z] batch=- D4 MODE_SWITCH_START state=MODE_SWITCHING attempts=1 streak=0 attempt=1
[2026-09-16T02:08:40.949Z] batch=- D4 MODE_SWITCH_OK state=MODE_SWITCH_OK attempts=1 streak=0
[2026-09-16T02:08:40.950Z] batch=- D5 MODE_SWITCH_START state=MODE_SWITCHING attempts=1 streak=0 attempt=1
[2026-09-16T02:08:40.950Z] batch=- D5 MODE_SWITCH_OK state=MODE_SWITCH_OK attempts=1 streak=0
[2026-09-16T02:08:40.952Z] batch=- D6 MODE_SWITCH_START state=MODE_SWITCHING attempts=1 streak=0 attempt=1
[2026-09-16T02:08:40.953Z] batch=- D6 MODE_SWITCH_OK state=MODE_SWITCH_OK attempts=1 streak=0
[2026-09-16T02:08:50.888Z] batch=- D1 MODE_SWITCH_START state=MODE_SWITCHING attempts=1 streak=0 attempt=1
[2026-09-16T02:08:50.891Z] batch=- D1 MODE_SWITCH_OK state=MODE_SWITCH_OK attempts=1 streak=0
[2026-09-16T02:08:50.934Z] batch=- D2 MODE_SWITCH_START state=MODE_SWITCHING attempts=1 streak=0 attempt=1
[2026-09-16T02:08:50.938Z] batch=- D2 MODE_SWITCH_OK state=MODE_SWITCH_OK attempts=1 streak=0
[2026-09-16T02:08:50.949Z] batch=- D3 MODE_SWITCH_START state=MODE_SWITCHING attempts=1 streak=0 attempt=1
[2026-09-16T02:08:50.954Z] batch=- D3 MODE_SWITCH_OK state=MODE_SWITCH_OK attempts=1 streak=0
[2026-09-16T02:08:50.955Z] batch=- D4 MODE_SWITCH_START state=MODE_SWITCHING attempts=1 streak=0 attempt=1
[2026-09-16T02:08:50.956Z] batch=- D4 MODE_SWITCH_OK state=MODE_SWITCH_OK attempts=1 streak=0
[2026-09-16T02:08:50.957Z] batch=- D5 MODE_SWITCH_START state=MODE_SWITCHING attempts=1 streak=0 attempt=1
[2026-09-16T02:08:50.957Z] batch=- D5 MODE_SWITCH_OK state=MODE_SWITCH_OK attempts=1 streak=0
[2026-09-16T02:08:50.958Z] batch=- D6 MODE_SWITCH_START state=MODE_SWITCHING attempts=1 streak=0 attempt=1
[2026-09-16T02:08:50.959Z] batch=- D6 MODE_SWITCH_OK state=MODE_SWITCH_OK attempts=1 streak=0
[2026-09-16T02:09:00.898Z] batch=- D1 MODE_SWITCH_START state=MODE_SWITCHING attempts=1 streak=0 attempt=1
[2026-09-16T02:09:00.901Z] batch=- D1 MODE_SWITCH_OK state=MODE_SWITCH_OK attempts=1 streak=0
[2026-09-16T02:09:00.943Z] batch=- D2 MODE_SWITCH_START state=MODE_SWITCHING attempts=1 streak=0 attempt=1
[2026-09-16T02:09:00.946Z] batch=- D2 MODE_SWITCH_OK state=MODE_SWITCH_OK attempts=1 streak=0
[2026-09-16T02:09:00.959Z] batch=- D3 MODE_SWITCH_START state=MODE_SWITCHING attempts=1 streak=0 attempt=1
[2026-09-16T02:09:00.961Z] batch=- D3 MODE_SWITCH_OK state=MODE_SWITCH_OK attempts=1 streak=0
[2026-09-16T02:09:00.962Z] batch=- D4 MODE_SWITCH_START state=MODE_SWITCHING attempts=1 streak=0 attempt=1
[2026-09-16T02:09:00.963Z] batch=- D4 MODE_SWITCH_OK state=MODE_SWITCH_OK attempts=1 streak=0
[2026-09-16T02:09:00.964Z] batch=- D5 MODE_SWITCH_START state=MODE_SWITCHING attempts=1 streak=0 attempt=1
[2026-09-16T02:09:00.966Z] batch=- D5 MODE_SWITCH_OK state=MODE_SWITCH_OK attempts=1 streak=0
[2026-09-16T02:09:00.967Z] batch=- D6 MODE_SWITCH_START state=MODE_SWITCHING attempts=1 streak=0 attempt=1
[2026-09-16T02:09:00.968Z] batch=- D6 MODE_SWITCH_OK state=MODE_SWITCH_OK attempts=1 streak=0
[2026-09-16T02:09:10.903Z] batch=- D1 MODE_SWITCH_START state=MODE_SWITCHING attempts=1 streak=0 attempt=1
[2026-09-16T02:09:10.908Z] batch=- D1 MODE_SWITCH_OK state=MODE_SWITCH_OK attempts=1 streak=0
[2026-09-16T02:09:10.950Z] batch=- D2 MODE_SWITCH_START state=MODE_SWITCHING attempts=1 streak=0 attempt=1
[2026-09-16T02:09:10.953Z] batch=- D2 MODE_SWITCH_OK state=MODE_SWITCH_OK attempts=1 streak=0
[2026-09-16T02:09:10.966Z] batch=- D3 MODE_SWITCH_START state=MODE_SWITCHING attempts=1 streak=0 attempt=1
[2026-09-16T02:09:10.970Z] batch=- D3 MODE_SWITCH_OK state=MODE_SWITCH_OK attempts=1 streak=0
[2026-09-16T02:09:10.972Z] batch=- D4 MODE_SWITCH_START state=MODE_SWITCHING attempts=1 streak=0 attempt=1
[2026-09-16T02:09:10.975Z] batch=- D4 MODE_SWITCH_OK state=MODE_SWITCH_OK attempts=1 streak=0
[2026-09-16T02:09:10.978Z] batch=- D5 MODE_SWITCH_START state=MODE_SWITCHING attempts=1 streak=0 attempt=1
[2026-09-16T02:09:10.979Z] batch=- D5 MODE_SWITCH_OK state=MODE_SWITCH_OK attempts=1 streak=0
[2026-09-16T02:09:10.982Z] batch=- D6 MODE_SWITCH_START state=MODE_SWITCHING attempts=1 streak=0 attempt=1
[2026-09-16T02:09:10.986Z] batch=- D6 MODE_SWITCH_OK state=MODE_SWITCH_OK attempts=1 streak=0
[2026-09-16T02:09:20.915Z] batch=- D1 MODE_SWITCH_START state=MODE_SWITCHING attempts=1 streak=0 attempt=1
[2026-09-16T02:09:20.917Z] batch=- D1 MODE_SWITCH_OK state=MODE_SWITCH_OK attempts=1 streak=0
[2026-09-16T02:09:20.960Z] batch=- D2 MODE_SWITCH_START state=MODE_SWITCHING attempts=1 streak=0 attempt=1
[2026-09-16T02:09:20.961Z] batch=- D2 MODE_SWITCH_OK state=MODE_SWITCH_OK attempts=1 streak=0
[2026-09-16T02:09:20.974Z] batch=- D3 MODE_SWITCH_START state=MODE_SWITCHING attempts=1 streak=0 attempt=1
[2026-09-16T02:09:20.976Z] batch=- D3 MODE_SWITCH_OK state=MODE_SWITCH_OK attempts=1 streak=0
[2026-09-16T02:09:20.980Z] batch=- D4 MODE_SWITCH_START state=MODE_SWITCHING attempts=1 streak=0 attempt=1
[2026-09-16T02:09:20.982Z] batch=- D4 MODE_SWITCH_OK state=MODE_SWITCH_OK attempts=1 streak=0
[2026-09-16T02:09:20.985Z] batch=- D5 MODE_SWITCH_START state=MODE_SWITCHING attempts=1 streak=0 attempt=1
[2026-09-16T02:09:20.986Z] batch=- D5 MODE_SWITCH_OK state=MODE_SWITCH_OK attempts=1 streak=0
[2026-09-16T02:09:20.991Z] batch=- D6 MODE_SWITCH_START state=MODE_SWITCHING attempts=1 streak=0 attempt=1
[2026-09-16T02:09:20.992Z] batch=- D6 MODE_SWITCH_OK state=MODE_SWITCH_OK attempts=1 streak=0
[2026-09-16T02:09:30.918Z] batch=- D1 MODE_SWITCH_START state=MODE_SWITCHING attempts=1 streak=0 attempt=1
[2026-09-16T02:09:30.922Z] batch=- D1 MODE_SWITCH_OK state=MODE_SWITCH_OK attempts=1 streak=0
[2026-09-16T02:09:30.974Z] batch=- D2 MODE_SWITCH_START state=MODE_SWITCHING attempts=1 streak=0 attempt=1
[2026-09-16T02:09:30.976Z] batch=- D2 MODE_SWITCH_OK state=MODE_SWITCH_OK attempts=1 streak=0
[2026-09-16T02:09:30.980Z] batch=- D3 MODE_SWITCH_START state=MODE_SWITCHING attempts=1 streak=0 attempt=1
[2026-09-16T02:09:30.983Z] batch=- D3 MODE_SWITCH_OK state=MODE_SWITCH_OK attempts=1 streak=0
[2026-09-16T02:09:30.986Z] batch=- D4 MODE_SWITCH_START state=MODE_SWITCHING attempts=1 streak=0 attempt=1
[2026-09-16T02:09:30.988Z] batch=- D4 MODE_SWITCH_OK state=MODE_SWITCH_OK attempts=1 streak=0
[2026-09-16T02:09:30.991Z] batch=- D5 MODE_SWITCH_START state=MODE_SWITCHING attempts=1 streak=0 attempt=1
[2026-09-16T02:09:30.993Z] batch=- D5 MODE_SWITCH_OK state=MODE_SWITCH_OK attempts=1 streak=0
[2026-09-16T02:09:30.999Z] batch=- D6 MODE_SWITCH_START state=MODE_SWITCHING attempts=1 streak=0 attempt=1
[2026-09-16T02:09:31.000Z] batch=- D6 MODE_SWITCH_OK state=MODE_SWITCH_OK attempts=1 streak=0
[2026-09-16T02:09:40.929Z] batch=- D1 MODE_SWITCH_START state=MODE_SWITCHING attempts=1 streak=0 attempt=1
[2026-09-16T02:09:40.933Z] batch=- D1 MODE_SWITCH_OK state=MODE_SWITCH_OK attempts=1 streak=0
[2026-09-16T02:09:40.991Z] batch=- D2 MODE_SWITCH_START state=MODE_SWITCHING attempts=1 streak=0 attempt=1
[2026-09-16T02:09:40.993Z] batch=- D2 MODE_SWITCH_OK state=MODE_SWITCH_OK attempts=1 streak=0
[2026-09-16T02:09:40.995Z] batch=- D3 MODE_SWITCH_START state=MODE_SWITCHING attempts=1 streak=0 attempt=1
[2026-09-16T02:09:40.997Z] batch=- D3 MODE_SWITCH_OK state=MODE_SWITCH_OK attempts=1 streak=0
[2026-09-16T02:09:40.998Z] batch=- D4 MODE_SWITCH_START state=MODE_SWITCHING attempts=1 streak=0 attempt=1
[2026-09-16T02:09:41.000Z] batch=- D4 MODE_SWITCH_OK state=MODE_SWITCH_OK attempts=1 streak=0
[2026-09-16T02:09:41.009Z] batch=- D5 MODE_SWITCH_START state=MODE_SWITCHING attempts=1 streak=0 attempt=1
[2026-09-16T02:09:41.012Z] batch=- D5 MODE_SWITCH_OK state=MODE_SWITCH_OK attempts=1 streak=0
[2026-09-16T02:09:41.013Z] batch=- D6 MODE_SWITCH_START state=MODE_SWITCHING attempts=1 streak=0 attempt=1
[2026-09-16T02:09:41.016Z] batch=- D6 MODE_SWITCH_OK state=MODE_SWITCH_OK attempts=1 streak=0
[2026-09-16T02:09:50.947Z] batch=- D1 MODE_SWITCH_START state=MODE_SWITCHING attempts=1 streak=0 attempt=1
[2026-09-16T02:09:50.955Z] batch=- D1 MODE_SWITCH_OK state=MODE_SWITCH_OK attempts=1 streak=0
[2026-09-16T02:09:51.008Z] batch=- D2 MODE_SWITCH_START state=MODE_SWITCHING attempts=1 streak=0 attempt=1
[2026-09-16T02:09:51.012Z] batch=- D2 MODE_SWITCH_OK state=MODE_SWITCH_OK attempts=1 streak=0
[2026-09-16T02:09:51.014Z] batch=- D3 MODE_SWITCH_START state=MODE_SWITCHING attempts=1 streak=0 attempt=1
[2026-09-16T02:09:51.015Z] batch=- D3 MODE_SWITCH_OK state=MODE_SWITCH_OK attempts=1 streak=0
[2026-09-16T02:09:51.016Z] batch=- D4 MODE_SWITCH_START state=MODE_SWITCHING attempts=1 streak=0 attempt=1
[2026-09-16T02:09:51.016Z] batch=- D4 MODE_SWITCH_OK state=MODE_SWITCH_OK attempts=1 streak=0
[2026-09-16T02:09:51.018Z] batch=- D5 MODE_SWITCH_START state=MODE_SWITCHING attempts=1 streak=0 attempt=1
[2026-09-16T02:09:51.021Z] batch=- D5 MODE_SWITCH_OK state=MODE_SWITCH_OK attempts=1 streak=0
[2026-09-16T02:09:51.022Z] batch=- D6 MODE_SWITCH_START state=MODE_SWITCHING attempts=1 streak=0 attempt=1
[2026-09-16T02:09:51.023Z] batch=- D6 MODE_SWITCH_OK state=MODE_SWITCH_OK attempts=1 streak=0
[2026-09-16T02:10:00.959Z] batch=- D1 MODE_SWITCH_START state=MODE_SWITCHING attempts=1 streak=0 attempt=1
[2026-09-16T02:10:00.961Z] batch=- D1 MODE_SWITCH_OK state=MODE_SWITCH_OK attempts=1 streak=0
[2026-09-16T02:10:01.021Z] batch=- D2 MODE_SWITCH_START state=MODE_SWITCHING attempts=1 streak=0 attempt=1
[2026-09-16T02:10:01.022Z] batch=- D2 MODE_SWITCH_OK state=MODE_SWITCH_OK attempts=1 streak=0
[2026-09-16T02:10:01.024Z] batch=- D3 MODE_SWITCH_START state=MODE_SWITCHING attempts=1 streak=0 attempt=1
[2026-09-16T02:10:01.026Z] batch=- D3 MODE_SWITCH_OK state=MODE_SWITCH_OK attempts=1 streak=0
[2026-09-16T02:10:01.027Z] batch=- D4 MODE_SWITCH_START state=MODE_SWITCHING attempts=1 streak=0 attempt=1
[2026-09-16T02:10:01.029Z] batch=- D4 MODE_SWITCH_OK state=MODE_SWITCH_OK attempts=1 streak=0
[2026-09-16T02:10:01.031Z] batch=- D5 MODE_SWITCH_START state=MODE_SWITCHING attempts=1 streak=0 attempt=1
[2026-09-16T02:10:01.032Z] batch=- D5 MODE_SWITCH_OK state=MODE_SWITCH_OK attempts=1 streak=0
[2026-09-16T02:10:01.036Z] batch=- D6 MODE_SWITCH_START state=MODE_SWITCHING attempts=1 streak=0 attempt=1
[2026-09-16T02:10:01.038Z] batch=- D6 MODE_SWITCH_OK state=MODE_SWITCH_OK attempts=1 streak=0
[2026-09-16T02:10:10.976Z] batch=- D1 MODE_SWITCH_START state=MODE_SWITCHING attempts=1 streak=0 attempt=1
[2026-09-16T02:10:10.980Z] batch=- D1 MODE_SWITCH_OK state=MODE_SWITCH_OK attempts=1 streak=0
[2026-09-16T02:10:11.037Z] batch=- D2 MODE_SWITCH_START state=MODE_SWITCHING attempts=1 streak=0 attempt=1
[2026-09-16T02:10:11.042Z] batch=- D2 MODE_SWITCH_OK state=MODE_SWITCH_OK attempts=1 streak=0
[2026-09-16T02:10:11.045Z] batch=- D3 MODE_SWITCH_START state=MODE_SWITCHING attempts=1 streak=0 attempt=1
[2026-09-16T02:10:11.047Z] batch=- D3 MODE_SWITCH_OK state=MODE_SWITCH_OK attempts=1 streak=0
[2026-09-16T02:10:11.048Z] batch=- D4 MODE_SWITCH_START state=MODE_SWITCHING attempts=1 streak=0 attempt=1
[2026-09-16T02:10:11.050Z] batch=- D4 MODE_SWITCH_OK state=MODE_SWITCH_OK attempts=1 streak=0
[2026-09-16T02:10:11.052Z] batch=- D5 MODE_SWITCH_START state=MODE_SWITCHING attempts=1 streak=0 attempt=1
[2026-09-16T02:10:11.054Z] batch=- D5 MODE_SWITCH_OK state=MODE_SWITCH_OK attempts=1 streak=0
[2026-09-16T02:10:11.056Z] batch=- D6 MODE_SWITCH_START state=MODE_SWITCHING attempts=1 streak=0 attempt=1
[2026-09-16T02:10:11.061Z] batch=- D6 MODE_SWITCH_OK state=MODE_SWITCH_OK attempts=1 streak=0
[2026-09-16T02:10:20.985Z] batch=- D1 MODE_SWITCH_START state=MODE_SWITCHING attempts=1 streak=0 attempt=1
[2026-09-16T02:10:20.989Z] batch=- D1 MODE_SWITCH_OK state=MODE_SWITCH_OK attempts=1 streak=0
[2026-09-16T02:10:21.049Z] batch=- D2 MODE_SWITCH_START state=MODE_SWITCHING attempts=1 streak=0 attempt=1
[2026-09-16T02:10:21.054Z] batch=- D2 MODE_SWITCH_OK state=MODE_SWITCH_OK attempts=1 streak=0
[2026-09-16T02:10:21.054Z] batch=- D3 MODE_SWITCH_START state=MODE_SWITCHING attempts=1 streak=0 attempt=1
[2026-09-16T02:10:21.055Z] batch=- D3 MODE_SWITCH_OK state=MODE_SWITCH_OK attempts=1 streak=0
[2026-09-16T02:10:21.056Z] batch=- D4 MODE_SWITCH_START state=MODE_SWITCHING attempts=1 streak=0 attempt=1
[2026-09-16T02:10:21.058Z] batch=- D4 MODE_SWITCH_OK state=MODE_SWITCH_OK attempts=1 streak=0
[2026-09-16T02:10:21.059Z] batch=- D5 MODE_SWITCH_START state=MODE_SWITCHING attempts=1 streak=0 attempt=1
[2026-09-16T02:10:21.061Z] batch=- D5 MODE_SWITCH_OK state=MODE_SWITCH_OK attempts=1 streak=0
[2026-09-16T02:10:21.062Z] batch=- D6 MODE_SWITCH_START state=MODE_SWITCHING attempts=1 streak=0 attempt=1
[2026-09-16T02:10:21.063Z] batch=- D6 MODE_SWITCH_OK state=MODE_SWITCH_OK attempts=1 streak=0
[2026-09-16T02:10:30.991Z] batch=- D1 MODE_SWITCH_START state=MODE_SWITCHING attempts=1 streak=0 attempt=1
[2026-09-16T02:10:30.994Z] batch=- D1 MODE_SWITCH_OK state=MODE_SWITCH_OK attempts=1 streak=0
[2026-09-16T02:10:31.068Z] batch=- D2 MODE_SWITCH_START state=MODE_SWITCHING attempts=1 streak=0 attempt=1
[2026-09-16T02:10:31.070Z] batch=- D2 MODE_SWITCH_OK state=MODE_SWITCH_OK attempts=1 streak=0
[2026-09-16T02:10:31.073Z] batch=- D3 MODE_SWITCH_START state=MODE_SWITCHING attempts=1 streak=0 attempt=1
[2026-09-16T02:10:31.075Z] batch=- D3 MODE_SWITCH_OK state=MODE_SWITCH_OK attempts=1 streak=0
[2026-09-16T02:10:31.077Z] batch=- D4 MODE_SWITCH_START state=MODE_SWITCHING attempts=1 streak=0 attempt=1
[2026-09-16T02:10:31.078Z] batch=- D4 MODE_SWITCH_OK state=MODE_SWITCH_OK attempts=1 streak=0
[2026-09-16T02:10:31.080Z] batch=- D5 MODE_SWITCH_START state=MODE_SWITCHING attempts=1 streak=0 attempt=1
[2026-09-16T02:10:31.082Z] batch=- D5 MODE_SWITCH_OK state=MODE_SWITCH_OK attempts=1 streak=0
[2026-09-16T02:10:31.084Z] batch=- D6 MODE_SWITCH_START state=MODE_SWITCHING attempts=1 streak=0 attempt=1
[2026-09-16T02:10:31.085Z] batch=- D6 MODE_SWITCH_OK state=MODE_SWITCH_OK attempts=1 streak=0
[2026-09-16T02:10:41.006Z] batch=- D1 MODE_SWITCH_START state=MODE_SWITCHING attempts=1 streak=0 attempt=1
[2026-09-16T02:10:41.008Z] batch=- D1 MODE_SWITCH_OK state=MODE_SWITCH_OK attempts=1 streak=0
[2026-09-16T02:10:41.083Z] batch=- D2 MODE_SWITCH_START state=MODE_SWITCHING attempts=1 streak=0 attempt=1
[2026-09-16T02:10:41.085Z] batch=- D2 MODE_SWITCH_OK state=MODE_SWITCH_OK attempts=1 streak=0
[2026-09-16T02:10:41.086Z] batch=- D3 MODE_SWITCH_START state=MODE_SWITCHING attempts=1 streak=0 attempt=1
[2026-09-16T02:10:41.088Z] batch=- D3 MODE_SWITCH_OK state=MODE_SWITCH_OK attempts=1 streak=0
[2026-09-16T02:10:41.089Z] batch=- D4 MODE_SWITCH_START state=MODE_SWITCHING attempts=1 streak=0 attempt=1
[2026-09-16T02:10:41.090Z] batch=- D4 MODE_SWITCH_OK state=MODE_SWITCH_OK attempts=1 streak=0
[2026-09-16T02:10:41.091Z] batch=- D5 MODE_SWITCH_START state=MODE_SWITCHING attempts=1 streak=0 attempt=1
[2026-09-16T02:10:41.093Z] batch=- D5 MODE_SWITCH_OK state=MODE_SWITCH_OK attempts=1 streak=0
[2026-09-16T02:10:41.094Z] batch=- D6 MODE_SWITCH_START state=MODE_SWITCHING attempts=1 streak=0 attempt=1
[2026-09-16T02:10:41.094Z] batch=- D6 MODE_SWITCH_OK state=MODE_SWITCH_OK attempts=1 streak=0
[2026-09-16T02:10:51.013Z] batch=- D1 MODE_SWITCH_START state=MODE_SWITCHING attempts=1 streak=0 attempt=1
[2026-09-16T02:10:51.016Z] batch=- D1 MODE_SWITCH_OK state=MODE_SWITCH_OK attempts=1 streak=0
[2026-09-16T02:10:51.091Z] batch=- D2 MODE_SWITCH_START state=MODE_SWITCHING attempts=1 streak=0 attempt=1
[2026-09-16T02:10:51.093Z] batch=- D2 MODE_SWITCH_OK state=MODE_SWITCH_OK attempts=1 streak=0
[2026-09-16T02:10:51.095Z] batch=- D3 MODE_SWITCH_START state=MODE_SWITCHING attempts=1 streak=0 attempt=1
[2026-09-16T02:10:51.098Z] batch=- D3 MODE_SWITCH_OK state=MODE_SWITCH_OK attempts=1 streak=0
[2026-09-16T02:10:51.100Z] batch=- D4 MODE_SWITCH_START state=MODE_SWITCHING attempts=1 streak=0 attempt=1
[2026-09-16T02:10:51.102Z] batch=- D4 MODE_SWITCH_OK state=MODE_SWITCH_OK attempts=1 streak=0
[2026-09-16T02:10:51.105Z] batch=- D5 MODE_SWITCH_START state=MODE_SWITCHING attempts=1 streak=0 attempt=1
[2026-09-16T02:10:51.108Z] batch=- D5 MODE_SWITCH_OK state=MODE_SWITCH_OK attempts=1 streak=0
[2026-09-16T02:10:51.110Z] batch=- D6 MODE_SWITCH_START state=MODE_SWITCHING attempts=1 streak=0 attempt=1
[2026-09-16T02:10:51.112Z] batch=- D6 MODE_SWITCH_OK state=MODE_SWITCH_OK attempts=1 streak=0
[2026-09-16T02:11:01.019Z] batch=- D1 MODE_SWITCH_START state=MODE_SWITCHING attempts=1 streak=0 attempt=1
[2026-09-16T02:11:01.023Z] batch=- D1 MODE_SWITCH_OK state=MODE_SWITCH_OK attempts=1 streak=0
[2026-09-16T02:11:01.098Z] batch=- D2 MODE_SWITCH_START state=MODE_SWITCHING attempts=1 streak=0 attempt=1
[2026-09-16T02:11:01.101Z] batch=- D2 MODE_SWITCH_OK state=MODE_SWITCH_OK attempts=1 streak=0
[2026-09-16T02:11:01.103Z] batch=- D3 MODE_SWITCH_START state=MODE_SWITCHING attempts=1 streak=0 attempt=1
[2026-09-16T02:11:01.104Z] batch=- D3 MODE_SWITCH_OK state=MODE_SWITCH_OK attempts=1 streak=0
[2026-09-16T02:11:01.106Z] batch=- D4 MODE_SWITCH_START state=MODE_SWITCHING attempts=1 streak=0 attempt=1
[2026-09-16T02:11:01.108Z] batch=- D4 MODE_SWITCH_OK state=MODE_SWITCH_OK attempts=1 streak=0
[2026-09-16T02:11:01.111Z] batch=- D5 MODE_SWITCH_START state=MODE_SWITCHING attempts=1 streak=0 attempt=1
[2026-09-16T02:11:01.114Z] batch=- D5 MODE_SWITCH_OK state=MODE_SWITCH_OK attempts=1 streak=0
[2026-09-16T02:11:01.118Z] batch=- D6 MODE_SWITCH_START state=MODE_SWITCHING attempts=1 streak=0 attempt=1
[2026-09-16T02:11:01.119Z] batch=- D6 MODE_SWITCH_OK state=MODE_SWITCH_OK attempts=1 streak=0
[2026-09-16T02:11:11.039Z] batch=- D1 MODE_SWITCH_START state=MODE_SWITCHING attempts=1 streak=0 attempt=1
[2026-09-16T02:11:11.044Z] batch=- D1 MODE_SWITCH_OK state=MODE_SWITCH_OK attempts=1 streak=0
[2026-09-16T02:11:11.116Z] batch=- D2 MODE_SWITCH_START state=MODE_SWITCHING attempts=1 streak=0 attempt=1
[2026-09-16T02:11:11.121Z] batch=- D2 MODE_SWITCH_OK state=MODE_SWITCH_OK attempts=1 streak=0
[2026-09-16T02:11:11.123Z] batch=- D3 MODE_SWITCH_START state=MODE_SWITCHING attempts=1 streak=0 attempt=1
[2026-09-16T02:11:11.124Z] batch=- D3 MODE_SWITCH_OK state=MODE_SWITCH_OK attempts=1 streak=0
[2026-09-16T02:11:11.125Z] batch=- D4 MODE_SWITCH_START state=MODE_SWITCHING attempts=1 streak=0 attempt=1
[2026-09-16T02:11:11.125Z] batch=- D4 MODE_SWITCH_OK state=MODE_SWITCH_OK attempts=1 streak=0
[2026-09-16T02:11:11.126Z] batch=- D5 MODE_SWITCH_START state=MODE_SWITCHING attempts=1 streak=0 attempt=1
[2026-09-16T02:11:11.127Z] batch=- D5 MODE_SWITCH_OK state=MODE_SWITCH_OK attempts=1 streak=0
[2026-09-16T02:11:11.129Z] batch=- D6 MODE_SWITCH_START state=MODE_SWITCHING attempts=1 streak=0 attempt=1
[2026-09-16T02:11:11.132Z] batch=- D6 MODE_SWITCH_OK state=MODE_SWITCH_OK attempts=1 streak=0
[2026-09-16T02:11:21.045Z] batch=- D1 MODE_SWITCH_START state=MODE_SWITCHING attempts=1 streak=0 attempt=1
[2026-09-16T02:11:21.047Z] batch=- D1 MODE_SWITCH_OK state=MODE_SWITCH_OK attempts=1 streak=0
[2026-09-16T02:11:21.123Z] batch=- D2 MODE_SWITCH_START state=MODE_SWITCHING attempts=1 streak=0 attempt=1
[2026-09-16T02:11:21.128Z] batch=- D2 MODE_SWITCH_OK state=MODE_SWITCH_OK attempts=1 streak=0
[2026-09-16T02:11:21.133Z] batch=- D3 MODE_SWITCH_START state=MODE_SWITCHING attempts=1 streak=0 attempt=1
[2026-09-16T02:11:21.135Z] batch=- D3 MODE_SWITCH_OK state=MODE_SWITCH_OK attempts=1 streak=0
[2026-09-16T02:11:21.137Z] batch=- D4 MODE_SWITCH_START state=MODE_SWITCHING attempts=1 streak=0 attempt=1
[2026-09-16T02:11:21.140Z] batch=- D4 MODE_SWITCH_OK state=MODE_SWITCH_OK attempts=1 streak=0
[2026-09-16T02:11:21.144Z] batch=- D5 MODE_SWITCH_START state=MODE_SWITCHING attempts=1 streak=0 attempt=1
[2026-09-16T02:11:21.146Z] batch=- D5 MODE_SWITCH_OK state=MODE_SWITCH_OK attempts=1 streak=0
[2026-09-16T02:11:21.148Z] batch=- D6 MODE_SWITCH_START state=MODE_SWITCHING attempts=1 streak=0 attempt=1
[2026-09-16T02:11:21.150Z] batch=- D6 MODE_SWITCH_OK state=MODE_SWITCH_OK attempts=1 streak=0
[2026-09-16T02:11:31.061Z] batch=- D1 MODE_SWITCH_START state=MODE_SWITCHING attempts=1 streak=0 attempt=1
[2026-09-16T02:11:31.063Z] batch=- D1 MODE_SWITCH_OK state=MODE_SWITCH_OK attempts=1 streak=0
[2026-09-16T02:11:31.132Z] batch=- D2 MODE_SWITCH_START state=MODE_SWITCHING attempts=1 streak=0 attempt=1
[2026-09-16T02:11:31.135Z] batch=- D2 MODE_SWITCH_OK state=MODE_SWITCH_OK attempts=1 streak=0
[2026-09-16T02:11:31.136Z] batch=- D3 MODE_SWITCH_START state=MODE_SWITCHING attempts=1 streak=0 attempt=1
[2026-09-16T02:11:31.137Z] batch=- D3 MODE_SWITCH_OK state=MODE_SWITCH_OK attempts=1 streak=0
[2026-09-16T02:11:31.154Z] batch=- D4 MODE_SWITCH_START state=MODE_SWITCHING attempts=1 streak=0 attempt=1
[2026-09-16T02:11:31.156Z] batch=- D4 MODE_SWITCH_OK state=MODE_SWITCH_OK attempts=1 streak=0
[2026-09-16T02:11:31.157Z] batch=- D5 MODE_SWITCH_START state=MODE_SWITCHING attempts=1 streak=0 attempt=1
[2026-09-16T02:11:31.159Z] batch=- D5 MODE_SWITCH_OK state=MODE_SWITCH_OK attempts=1 streak=0
[2026-09-16T02:11:31.161Z] batch=- D6 MODE_SWITCH_START state=MODE_SWITCHING attempts=1 streak=0 attempt=1
[2026-09-16T02:11:31.162Z] batch=- D6 MODE_SWITCH_OK state=MODE_SWITCH_OK attempts=1 streak=0
[2026-09-16T02:11:41.067Z] batch=- D1 MODE_SWITCH_START state=MODE_SWITCHING attempts=1 streak=0 attempt=1
[2026-09-16T02:11:41.069Z] batch=- D1 MODE_SWITCH_OK state=MODE_SWITCH_OK attempts=1 streak=0
[2026-09-16T02:11:41.144Z] batch=- D2 MODE_SWITCH_START state=MODE_SWITCHING attempts=1 streak=0 attempt=1
[2026-09-16T02:11:41.146Z] batch=- D2 MODE_SWITCH_OK state=MODE_SWITCH_OK attempts=1 streak=0
[2026-09-16T02:11:41.147Z] batch=- D3 MODE_SWITCH_START state=MODE_SWITCHING attempts=1 streak=0 attempt=1
[2026-09-16T02:11:41.148Z] batch=- D3 MODE_SWITCH_OK state=MODE_SWITCH_OK attempts=1 streak=0
[2026-09-16T02:11:41.160Z] batch=- D4 MODE_SWITCH_START state=MODE_SWITCHING attempts=1 streak=0 attempt=1
[2026-09-16T02:11:41.161Z] batch=- D4 MODE_SWITCH_OK state=MODE_SWITCH_OK attempts=1 streak=0
[2026-09-16T02:11:41.162Z] batch=- D5 MODE_SWITCH_START state=MODE_SWITCHING attempts=1 streak=0 attempt=1
[2026-09-16T02:11:41.164Z] batch=- D5 MODE_SWITCH_OK state=MODE_SWITCH_OK attempts=1 streak=0
[2026-09-16T02:11:41.166Z] batch=- D6 MODE_SWITCH_START state=MODE_SWITCHING attempts=1 streak=0 attempt=1
[2026-09-16T02:11:41.168Z] batch=- D6 MODE_SWITCH_OK state=MODE_SWITCH_OK attempts=1 streak=0
[2026-09-16T02:11:49.921Z] batch=field-waveform-1789524709914-1 D1 MODE_SWITCH_START state=MODE_SWITCHING attempts=1 streak=0 attempt=1
[2026-09-16T02:11:49.926Z] batch=field-waveform-1789524709914-1 D2 MODE_SWITCH_START state=MODE_SWITCHING attempts=1 streak=0 attempt=1
[2026-09-16T02:11:49.932Z] batch=field-waveform-1789524709914-1 D3 MODE_SWITCH_START state=MODE_SWITCHING attempts=1 streak=0 attempt=1
[2026-09-16T02:11:49.935Z] batch=field-waveform-1789524709914-1 D4 MODE_SWITCH_START state=MODE_SWITCHING attempts=1 streak=0 attempt=1
[2026-09-16T02:11:49.937Z] batch=field-waveform-1789524709914-1 D5 MODE_SWITCH_START state=MODE_SWITCHING attempts=1 streak=0 attempt=1
[2026-09-16T02:11:49.940Z] batch=field-waveform-1789524709914-1 D6 MODE_SWITCH_START state=MODE_SWITCHING attempts=1 streak=0 attempt=1
[2026-09-16T02:11:49.948Z] batch=field-waveform-1789524709914-1 D1 MODE_SWITCH_OK state=MODE_SWITCH_OK attempts=1 streak=0
[2026-09-16T02:11:49.949Z] batch=field-waveform-1789524709914-1 D2 MODE_SWITCH_OK state=MODE_SWITCH_OK attempts=1 streak=0
[2026-09-16T02:11:49.950Z] batch=field-waveform-1789524709914-1 D3 MODE_SWITCH_OK state=MODE_SWITCH_OK attempts=1 streak=0
[2026-09-16T02:11:49.951Z] batch=field-waveform-1789524709914-1 D4 MODE_SWITCH_OK state=MODE_SWITCH_OK attempts=1 streak=0
[2026-09-16T02:11:49.952Z] batch=field-waveform-1789524709914-1 D5 MODE_SWITCH_OK state=MODE_SWITCH_OK attempts=1 streak=0
[2026-09-16T02:11:49.952Z] batch=field-waveform-1789524709914-1 D6 MODE_SWITCH_OK state=MODE_SWITCH_OK attempts=1 streak=0
[2026-09-16T02:11:51.082Z] batch=field-waveform-1789524709914-1 D1 MODE_SWITCH_START state=MODE_SWITCHING attempts=1 streak=0 attempt=1
[2026-09-16T02:11:51.088Z] batch=field-waveform-1789524709914-1 D1 MODE_SWITCH_OK state=MODE_SWITCH_OK attempts=1 streak=0
[2026-09-16T02:11:51.159Z] batch=field-waveform-1789524709914-1 D2 MODE_SWITCH_START state=MODE_SWITCHING attempts=1 streak=0 attempt=1
[2026-09-16T02:11:51.161Z] batch=field-waveform-1789524709914-1 D2 MODE_SWITCH_OK state=MODE_SWITCH_OK attempts=1 streak=0
[2026-09-16T02:11:51.162Z] batch=field-waveform-1789524709914-1 D3 MODE_SWITCH_START state=MODE_SWITCHING attempts=1 streak=0 attempt=1
[2026-09-16T02:11:51.165Z] batch=field-waveform-1789524709914-1 D3 MODE_SWITCH_OK state=MODE_SWITCH_OK attempts=1 streak=0
[2026-09-16T02:11:51.167Z] batch=field-waveform-1789524709914-1 D4 MODE_SWITCH_START state=MODE_SWITCHING attempts=1 streak=0 attempt=1
[2026-09-16T02:11:51.169Z] batch=field-waveform-1789524709914-1 D4 MODE_SWITCH_OK state=MODE_SWITCH_OK attempts=1 streak=0
[2026-09-16T02:11:51.169Z] batch=field-waveform-1789524709914-1 D5 MODE_SWITCH_START state=MODE_SWITCHING attempts=1 streak=0 attempt=1
[2026-09-16T02:11:51.170Z] batch=field-waveform-1789524709914-1 D5 MODE_SWITCH_OK state=MODE_SWITCH_OK attempts=1 streak=0
[2026-09-16T02:11:51.171Z] batch=field-waveform-1789524709914-1 D6 MODE_SWITCH_START state=MODE_SWITCHING attempts=1 streak=0 attempt=1
[2026-09-16T02:11:51.172Z] batch=field-waveform-1789524709914-1 D6 MODE_SWITCH_OK state=MODE_SWITCH_OK attempts=1 streak=0
[2026-09-16T02:12:01.096Z] batch=field-waveform-1789524709914-1 D1 MODE_SWITCH_START state=MODE_SWITCHING attempts=1 streak=0 attempt=1
[2026-09-16T02:12:01.099Z] batch=field-waveform-1789524709914-1 D1 MODE_SWITCH_OK state=MODE_SWITCH_OK attempts=1 streak=0
[2026-09-16T02:12:01.162Z] batch=field-waveform-1789524709914-1 D2 MODE_SWITCH_START state=MODE_SWITCHING attempts=1 streak=0 attempt=1
[2026-09-16T02:12:01.164Z] batch=field-waveform-1789524709914-1 D2 MODE_SWITCH_OK state=MODE_SWITCH_OK attempts=1 streak=0
[2026-09-16T02:12:01.165Z] batch=field-waveform-1789524709914-1 D3 MODE_SWITCH_START state=MODE_SWITCHING attempts=1 streak=0 attempt=1
[2026-09-16T02:12:01.167Z] batch=field-waveform-1789524709914-1 D3 MODE_SWITCH_OK state=MODE_SWITCH_OK attempts=1 streak=0
[2026-09-16T02:12:01.178Z] batch=field-waveform-1789524709914-1 D4 MODE_SWITCH_START state=MODE_SWITCHING attempts=1 streak=0 attempt=1
[2026-09-16T02:12:01.179Z] batch=field-waveform-1789524709914-1 D4 MODE_SWITCH_OK state=MODE_SWITCH_OK attempts=1 streak=0
[2026-09-16T02:12:01.180Z] batch=field-waveform-1789524709914-1 D5 MODE_SWITCH_START state=MODE_SWITCHING attempts=1 streak=0 attempt=1
[2026-09-16T02:12:01.181Z] batch=field-waveform-1789524709914-1 D5 MODE_SWITCH_OK state=MODE_SWITCH_OK attempts=1 streak=0
[2026-09-16T02:12:01.182Z] batch=field-waveform-1789524709914-1 D6 MODE_SWITCH_START state=MODE_SWITCHING attempts=1 streak=0 attempt=1
[2026-09-16T02:12:01.183Z] batch=field-waveform-1789524709914-1 D6 MODE_SWITCH_OK state=MODE_SWITCH_OK attempts=1 streak=0
[2026-09-16T02:12:11.113Z] batch=field-waveform-1789524709914-1 D1 MODE_SWITCH_START state=MODE_SWITCHING attempts=1 streak=0 attempt=1
[2026-09-16T02:12:11.116Z] batch=field-waveform-1789524709914-1 D1 MODE_SWITCH_OK state=MODE_SWITCH_OK attempts=1 streak=0
[2026-09-16T02:12:11.173Z] batch=field-waveform-1789524709914-1 D2 MODE_SWITCH_START state=MODE_SWITCHING attempts=1 streak=0 attempt=1
[2026-09-16T02:12:11.175Z] batch=field-waveform-1789524709914-1 D2 MODE_SWITCH_OK state=MODE_SWITCH_OK attempts=1 streak=0
[2026-09-16T02:12:11.178Z] batch=field-waveform-1789524709914-1 D3 MODE_SWITCH_START state=MODE_SWITCHING attempts=1 streak=0 attempt=1
[2026-09-16T02:12:11.180Z] batch=field-waveform-1789524709914-1 D3 MODE_SWITCH_OK state=MODE_SWITCH_OK attempts=1 streak=0
[2026-09-16T02:12:11.182Z] batch=field-waveform-1789524709914-1 D4 MODE_SWITCH_START state=MODE_SWITCHING attempts=1 streak=0 attempt=1
[2026-09-16T02:12:11.183Z] batch=field-waveform-1789524709914-1 D4 MODE_SWITCH_OK state=MODE_SWITCH_OK attempts=1 streak=0
[2026-09-16T02:12:11.184Z] batch=field-waveform-1789524709914-1 D5 MODE_SWITCH_START state=MODE_SWITCHING attempts=1 streak=0 attempt=1
[2026-09-16T02:12:11.185Z] batch=field-waveform-1789524709914-1 D5 MODE_SWITCH_OK state=MODE_SWITCH_OK attempts=1 streak=0
[2026-09-16T02:12:11.186Z] batch=field-waveform-1789524709914-1 D6 MODE_SWITCH_START state=MODE_SWITCHING attempts=1 streak=0 attempt=1
[2026-09-16T02:12:11.187Z] batch=field-waveform-1789524709914-1 D6 MODE_SWITCH_OK state=MODE_SWITCH_OK attempts=1 streak=0
[2026-09-16T02:12:21.119Z] batch=field-waveform-1789524709914-1 D1 MODE_SWITCH_START state=MODE_SWITCHING attempts=1 streak=0 attempt=1
[2026-09-16T02:12:21.121Z] batch=field-waveform-1789524709914-1 D1 MODE_SWITCH_OK state=MODE_SWITCH_OK attempts=1 streak=0
[2026-09-16T02:12:21.186Z] batch=field-waveform-1789524709914-1 D2 MODE_SWITCH_START state=MODE_SWITCHING attempts=1 streak=0 attempt=1
[2026-09-16T02:12:21.199Z] batch=field-waveform-1789524709914-1 D2 MODE_SWITCH_OK state=MODE_SWITCH_OK attempts=1 streak=0
[2026-09-16T02:12:21.200Z] batch=field-waveform-1789524709914-1 D3 MODE_SWITCH_START state=MODE_SWITCHING attempts=1 streak=0 attempt=1
[2026-09-16T02:12:21.205Z] batch=field-waveform-1789524709914-1 D3 MODE_SWITCH_OK state=MODE_SWITCH_OK attempts=1 streak=0
[2026-09-16T02:12:21.208Z] batch=field-waveform-1789524709914-1 D4 MODE_SWITCH_START state=MODE_SWITCHING attempts=1 streak=0 attempt=1
[2026-09-16T02:12:21.212Z] batch=field-waveform-1789524709914-1 D4 MODE_SWITCH_OK state=MODE_SWITCH_OK attempts=1 streak=0
[2026-09-16T02:12:21.214Z] batch=field-waveform-1789524709914-1 D5 MODE_SWITCH_START state=MODE_SWITCHING attempts=1 streak=0 attempt=1
[2026-09-16T02:12:21.216Z] batch=field-waveform-1789524709914-1 D5 MODE_SWITCH_OK state=MODE_SWITCH_OK attempts=1 streak=0
[2026-09-16T02:12:21.217Z] batch=field-waveform-1789524709914-1 D6 MODE_SWITCH_START state=MODE_SWITCHING attempts=1 streak=0 attempt=1
[2026-09-16T02:12:21.220Z] batch=field-waveform-1789524709914-1 D6 MODE_SWITCH_OK state=MODE_SWITCH_OK attempts=1 streak=0
[2026-09-16T02:12:31.123Z] batch=field-waveform-1789524709914-1 D1 MODE_SWITCH_START state=MODE_SWITCHING attempts=1 streak=0 attempt=1
[2026-09-16T02:12:31.129Z] batch=field-waveform-1789524709914-1 D1 MODE_SWITCH_OK state=MODE_SWITCH_OK attempts=1 streak=0
[2026-09-16T02:12:31.200Z] batch=field-waveform-1789524709914-1 D2 MODE_SWITCH_START state=MODE_SWITCHING attempts=1 streak=0 attempt=1
[2026-09-16T02:12:31.202Z] batch=field-waveform-1789524709914-1 D2 MODE_SWITCH_OK state=MODE_SWITCH_OK attempts=1 streak=0
[2026-09-16T02:12:31.215Z] batch=field-waveform-1789524709914-1 D3 MODE_SWITCH_START state=MODE_SWITCHING attempts=1 streak=0 attempt=1
[2026-09-16T02:12:31.217Z] batch=field-waveform-1789524709914-1 D3 MODE_SWITCH_OK state=MODE_SWITCH_OK attempts=1 streak=0
[2026-09-16T02:12:31.219Z] batch=field-waveform-1789524709914-1 D4 MODE_SWITCH_START state=MODE_SWITCHING attempts=1 streak=0 attempt=1
[2026-09-16T02:12:31.220Z] batch=field-waveform-1789524709914-1 D4 MODE_SWITCH_OK state=MODE_SWITCH_OK attempts=1 streak=0
[2026-09-16T02:12:31.226Z] batch=field-waveform-1789524709914-1 D5 MODE_SWITCH_START state=MODE_SWITCHING attempts=1 streak=0 attempt=1
[2026-09-16T02:12:31.229Z] batch=field-waveform-1789524709914-1 D5 MODE_SWITCH_OK state=MODE_SWITCH_OK attempts=1 streak=0
[2026-09-16T02:12:31.231Z] batch=field-waveform-1789524709914-1 D6 MODE_SWITCH_START state=MODE_SWITCHING attempts=1 streak=0 attempt=1
[2026-09-16T02:12:31.232Z] batch=field-waveform-1789524709914-1 D6 MODE_SWITCH_OK state=MODE_SWITCH_OK attempts=1 streak=0
[2026-09-16T02:12:36.746Z] batch=field-waveform-1789524709914-1 D2 FIRST_FRAME state=FIRST_FRAME_RECEIVED attempts=1 streak=1
[2026-09-16T02:12:36.746Z] batch=field-waveform-1789524709914-1 D2 FIRST_VALID_SAMPLE state=FIRST_FRAME_RECEIVED attempts=1 streak=1
[2026-09-16T02:12:36.750Z] batch=field-waveform-1789524709914-1 D3 FIRST_FRAME state=FIRST_FRAME_RECEIVED attempts=1 streak=1
[2026-09-16T02:12:36.750Z] batch=field-waveform-1789524709914-1 D3 FIRST_VALID_SAMPLE state=FIRST_FRAME_RECEIVED attempts=1 streak=1
[2026-09-16T02:12:36.752Z] batch=field-waveform-1789524709914-1 D5 FIRST_FRAME state=FIRST_FRAME_RECEIVED attempts=1 streak=1
[2026-09-16T02:12:36.752Z] batch=field-waveform-1789524709914-1 D5 FIRST_VALID_SAMPLE state=FIRST_FRAME_RECEIVED attempts=1 streak=1
[2026-09-16T02:12:36.753Z] batch=field-waveform-1789524709914-1 D4 FIRST_FRAME state=FIRST_FRAME_RECEIVED attempts=1 streak=1
[2026-09-16T02:12:36.754Z] batch=field-waveform-1789524709914-1 D4 FIRST_VALID_SAMPLE state=FIRST_FRAME_RECEIVED attempts=1 streak=1
[2026-09-16T02:12:36.758Z] batch=field-waveform-1789524709914-1 D6 FIRST_FRAME state=FIRST_FRAME_RECEIVED attempts=1 streak=1
[2026-09-16T02:12:36.758Z] batch=field-waveform-1789524709914-1 D6 FIRST_VALID_SAMPLE state=FIRST_FRAME_RECEIVED attempts=1 streak=1
[2026-09-16T02:12:36.761Z] batch=field-waveform-1789524709914-1 D1 FIRST_FRAME state=FIRST_FRAME_RECEIVED attempts=1 streak=1
[2026-09-16T02:12:36.761Z] batch=field-waveform-1789524709914-1 D1 FIRST_VALID_SAMPLE state=FIRST_FRAME_RECEIVED attempts=1 streak=1
[2026-09-16T02:12:36.986Z] batch=field-waveform-1789524709914-1 D2 CHANNEL_SYNC_OK state=TEST_READY attempts=1 streak=5
[2026-09-16T02:12:36.986Z] batch=field-waveform-1789524709914-1 D2 TEST_READY state=TEST_READY attempts=1 streak=5
[2026-09-16T02:12:37.003Z] batch=field-waveform-1789524709914-1 D3 CHANNEL_SYNC_OK state=TEST_READY attempts=1 streak=5
[2026-09-16T02:12:37.003Z] batch=field-waveform-1789524709914-1 D3 TEST_READY state=TEST_READY attempts=1 streak=5
[2026-09-16T02:12:37.005Z] batch=field-waveform-1789524709914-1 D5 CHANNEL_SYNC_OK state=TEST_READY attempts=1 streak=5
[2026-09-16T02:12:37.006Z] batch=field-waveform-1789524709914-1 D5 TEST_READY state=TEST_READY attempts=1 streak=5
[2026-09-16T02:12:37.008Z] batch=field-waveform-1789524709914-1 D4 CHANNEL_SYNC_OK state=TEST_READY attempts=1 streak=5
[2026-09-16T02:12:37.008Z] batch=field-waveform-1789524709914-1 D4 TEST_READY state=TEST_READY attempts=1 streak=5
[2026-09-16T02:12:37.039Z] batch=field-waveform-1789524709914-1 D1 CHANNEL_SYNC_OK state=TEST_READY attempts=1 streak=5
[2026-09-16T02:12:37.039Z] batch=field-waveform-1789524709914-1 D1 TEST_READY state=TEST_READY attempts=1 streak=5
[2026-09-16T02:12:37.041Z] batch=field-waveform-1789524709914-1 D6 CHANNEL_SYNC_OK state=TEST_READY attempts=1 streak=5
[2026-09-16T02:12:37.041Z] batch=field-waveform-1789524709914-1 D6 TEST_READY state=TEST_READY attempts=1 streak=5
[2026-09-16T02:13:31.315Z] batch=field-waveform-1789524709914-1 D3 MODE_SWITCH_START state=MODE_SWITCHING attempts=1 streak=0 attempt=1
[2026-09-16T02:13:31.316Z] batch=field-waveform-1789524709914-1 D3 MODE_SWITCH_OK state=MODE_SWITCH_OK attempts=1 streak=0
[2026-09-16T02:13:31.324Z] batch=field-waveform-1789524709914-1 D4 MODE_SWITCH_START state=MODE_SWITCHING attempts=1 streak=0 attempt=1
[2026-09-16T02:13:31.326Z] batch=field-waveform-1789524709914-1 D4 MODE_SWITCH_OK state=MODE_SWITCH_OK attempts=1 streak=0
[2026-09-16T02:13:31.331Z] batch=field-waveform-1789524709914-1 D6 MODE_SWITCH_START state=MODE_SWITCHING attempts=1 streak=0 attempt=1
[2026-09-16T02:13:31.333Z] batch=field-waveform-1789524709914-1 D6 MODE_SWITCH_OK state=MODE_SWITCH_OK attempts=1 streak=0
[2026-09-16T02:13:31.338Z] batch=field-waveform-1789524709914-1 D1 MODE_SWITCH_START state=MODE_SWITCHING attempts=1 streak=0 attempt=1
[2026-09-16T02:13:31.339Z] batch=field-waveform-1789524709914-1 D1 MODE_SWITCH_OK state=MODE_SWITCH_OK attempts=1 streak=0
[2026-09-16T02:13:31.488Z] batch=field-waveform-1789524709914-1 D5 MODE_SWITCH_START state=MODE_SWITCHING attempts=1 streak=0 attempt=1
[2026-09-16T02:13:31.490Z] batch=field-waveform-1789524709914-1 D5 MODE_SWITCH_OK state=MODE_SWITCH_OK attempts=1 streak=0
[2026-09-16T02:13:41.446Z] batch=field-waveform-1789524709914-1 D2 MODE_SWITCH_START state=MODE_SWITCHING attempts=1 streak=0 attempt=1
[2026-09-16T02:13:41.448Z] batch=field-waveform-1789524709914-1 D2 MODE_SWITCH_OK state=MODE_SWITCH_OK attempts=1 streak=0
[2026-09-16T02:13:41.451Z] batch=field-waveform-1789524709914-1 D3 MODE_SWITCH_START state=MODE_SWITCHING attempts=1 streak=0 attempt=1
[2026-09-16T02:13:41.452Z] batch=field-waveform-1789524709914-1 D3 MODE_SWITCH_OK state=MODE_SWITCH_OK attempts=1 streak=0
[2026-09-16T02:13:41.456Z] batch=field-waveform-1789524709914-1 D4 MODE_SWITCH_START state=MODE_SWITCHING attempts=1 streak=0 attempt=1
[2026-09-16T02:13:41.457Z] batch=field-waveform-1789524709914-1 D4 MODE_SWITCH_OK state=MODE_SWITCH_OK attempts=1 streak=0
[2026-09-16T02:13:41.461Z] batch=field-waveform-1789524709914-1 D6 MODE_SWITCH_START state=MODE_SWITCHING attempts=1 streak=0 attempt=1
[2026-09-16T02:13:41.463Z] batch=field-waveform-1789524709914-1 D6 MODE_SWITCH_OK state=MODE_SWITCH_OK attempts=1 streak=0
[2026-09-16T02:13:41.466Z] batch=field-waveform-1789524709914-1 D1 MODE_SWITCH_START state=MODE_SWITCHING attempts=1 streak=0 attempt=1
[2026-09-16T02:13:41.467Z] batch=field-waveform-1789524709914-1 D1 MODE_SWITCH_OK state=MODE_SWITCH_OK attempts=1 streak=0
[2026-09-16T02:13:41.691Z] batch=field-waveform-1789524709914-1 D5 MODE_SWITCH_START state=MODE_SWITCHING attempts=1 streak=0 attempt=1
[2026-09-16T02:13:41.692Z] batch=field-waveform-1789524709914-1 D5 MODE_SWITCH_OK state=MODE_SWITCH_OK attempts=1 streak=0
[2026-09-16T02:13:46.576Z] batch=field-waveform-1789524709914-1 D4 FIRST_FRAME state=FIRST_FRAME_RECEIVED attempts=1 streak=1
[2026-09-16T02:13:46.576Z] batch=field-waveform-1789524709914-1 D4 FIRST_VALID_SAMPLE state=FIRST_FRAME_RECEIVED attempts=1 streak=1
[2026-09-16T02:13:46.582Z] batch=field-waveform-1789524709914-1 D3 FIRST_FRAME state=FIRST_FRAME_RECEIVED attempts=1 streak=1
[2026-09-16T02:13:46.583Z] batch=field-waveform-1789524709914-1 D3 FIRST_VALID_SAMPLE state=FIRST_FRAME_RECEIVED attempts=1 streak=1
[2026-09-16T02:13:46.584Z] batch=field-waveform-1789524709914-1 D2 FIRST_FRAME state=FIRST_FRAME_RECEIVED attempts=1 streak=1
[2026-09-16T02:13:46.584Z] batch=field-waveform-1789524709914-1 D2 FIRST_VALID_SAMPLE state=FIRST_FRAME_RECEIVED attempts=1 streak=1
[2026-09-16T02:13:46.585Z] batch=field-waveform-1789524709914-1 D1 FIRST_FRAME state=FIRST_FRAME_RECEIVED attempts=1 streak=1
[2026-09-16T02:13:46.585Z] batch=field-waveform-1789524709914-1 D1 FIRST_VALID_SAMPLE state=FIRST_FRAME_RECEIVED attempts=1 streak=1
[2026-09-16T02:13:46.586Z] batch=field-waveform-1789524709914-1 D6 FIRST_FRAME state=FIRST_FRAME_RECEIVED attempts=1 streak=1
[2026-09-16T02:13:46.586Z] batch=field-waveform-1789524709914-1 D6 FIRST_VALID_SAMPLE state=FIRST_FRAME_RECEIVED attempts=1 streak=1
[2026-09-16T02:13:46.790Z] batch=field-waveform-1789524709914-1 D4 CHANNEL_SYNC_OK state=TEST_READY attempts=1 streak=5
[2026-09-16T02:13:46.791Z] batch=field-waveform-1789524709914-1 D4 TEST_READY state=TEST_READY attempts=1 streak=5
[2026-09-16T02:13:46.820Z] batch=field-waveform-1789524709914-1 D3 CHANNEL_SYNC_OK state=TEST_READY attempts=1 streak=5
[2026-09-16T02:13:46.820Z] batch=field-waveform-1789524709914-1 D3 TEST_READY state=TEST_READY attempts=1 streak=5
[2026-09-16T02:13:46.925Z] batch=field-waveform-1789524709914-1 D2 CHANNEL_SYNC_OK state=TEST_READY attempts=1 streak=5
[2026-09-16T02:13:46.926Z] batch=field-waveform-1789524709914-1 D2 TEST_READY state=TEST_READY attempts=1 streak=5
[2026-09-16T02:13:46.928Z] batch=field-waveform-1789524709914-1 D1 CHANNEL_SYNC_OK state=TEST_READY attempts=1 streak=5
[2026-09-16T02:13:46.928Z] batch=field-waveform-1789524709914-1 D1 TEST_READY state=TEST_READY attempts=1 streak=5
[2026-09-16T02:13:46.930Z] batch=field-waveform-1789524709914-1 D6 CHANNEL_SYNC_OK state=TEST_READY attempts=1 streak=5
[2026-09-16T02:13:46.930Z] batch=field-waveform-1789524709914-1 D6 TEST_READY state=TEST_READY attempts=1 streak=5
[2026-09-16T02:13:46.934Z] batch=field-waveform-1789524709914-1 D5 FIRST_FRAME state=FIRST_FRAME_RECEIVED attempts=1 streak=1
[2026-09-16T02:13:46.935Z] batch=field-waveform-1789524709914-1 D5 FIRST_VALID_SAMPLE state=FIRST_FRAME_RECEIVED attempts=1 streak=1
[2026-09-16T02:13:47.106Z] batch=field-waveform-1789524709914-1 D5 CHANNEL_SYNC_OK state=TEST_READY attempts=1 streak=5
[2026-09-16T02:13:47.107Z] batch=field-waveform-1789524709914-1 D5 TEST_READY state=TEST_READY attempts=1 streak=5
