[2026-09-09T08:40:00.782Z][STDOUT] [WaveformDiag][WS] mode=delta clients=2 resync=0 maxBuffered=0 stateAgeMs=8 D1{on=1,ready=1,sync=1,startup=TEST_READY,attempts=1,streak=407,firstAgeMs=42682,readyAgeMs=42464,total=1628,delta=0,hist=1000,lastAgeMs=17367,reset=0} D2{on=1,ready=1,sync=1,startup=TEST_READY,attempts=1,streak=408,firstAgeMs=42671,readyAgeMs=42461,total=1632,delta=0,hist=1000,lastAgeMs=17062,reset=0} D3{on=1,ready=1,sync=1,startup=TEST_READY,attempts=1,streak=407,firstAgeMs=42663,readyAgeMs=42489,total=1628,delta=0,hist=1000,lastAgeMs=17369,reset=0} D4{on=0,ready=0,sync=0,startup=MODE_SWITCH_OK,attempts=1,streak=0,firstAgeMs=-1,readyAgeMs=-1,total=1624,delta=0,hist=1000,lastAgeMs=7327,reset=0} D5{on=1,ready=1,sync=1,startup=TEST_READY,attempts=1,streak=407,firstAgeMs=42661,readyAgeMs=42483,total=1628,delta=0,hist=1000,lastAgeMs=17368,reset=0} D6{on=1,ready=1,sync=1,startup=TEST_READY,attempts=1,streak=407,firstAgeMs=42665,readyAgeMs=42492,total=1628,delta=0,hist=1000,lastAgeMs=17367,reset=0}
[2026-09-09T08:40:01.122Z][RENDERER/1] file:///D:/%E4%B8%8A%E4%BD%8D%E6%9C%BA%E7%95%8C%E9%9D%A2%E5%8E%9F%E5%9E%8B%E7%89%88/flame-detector-bench-desktop/dist/assets/index-A9TaTnGI.js:264 [WaveformDiag][UI] kind=delta wireAgeMs=17 payloadAgeMs=17 D1{on=1,total=1628,delta=0,lastAgeMs=17376,reset=0} D2{on=1,total=1632,delta=0,lastAgeMs=17071,reset=0} D3{on=1,total=1628,delta=0,lastAgeMs=17378,reset=0} D4{on=0,total=1624,delta=0,lastAgeMs=7336,reset=0} D5{on=1,total=1628,delta=0,lastAgeMs=17377,reset=0} D6{on=1,total=1628,delta=0,lastAgeMs=17376,reset=0}
[2026-09-09T08:40:01.935Z][STDOUT] [WaveformDiag][WS] mode=delta clients=2 resync=0 maxBuffered=0 stateAgeMs=6 D1{on=1,ready=1,sync=1,startup=TEST_READY,attempts=1,streak=407,firstAgeMs=43835,readyAgeMs=43617,total=1628,delta=0,hist=1000,lastAgeMs=18520,reset=0} D2{on=1,ready=1,sync=1,startup=TEST_READY,attempts=1,streak=408,firstAgeMs=43824,readyAgeMs=43614,total=1632,delta=0,hist=1000,lastAgeMs=18215,reset=0} D3{on=1,ready=1,sync=1,startup=TEST_READY,attempts=1,streak=407,firstAgeMs=43816,readyAgeMs=43642,total=1628,delta=0,hist=1000,lastAgeMs=18522,reset=0} D4{on=0,ready=0,sync=0,startup=MODE_SWITCH_OK,attempts=1,streak=0,firstAgeMs=-1,readyAgeMs=-1,total=1624,delta=0,hist=1000,lastAgeMs=8480,reset=0} D5{on=1,ready=1,sync=1,startup=TEST_READY,attempts=1,streak=407,firstAgeMs=43814,readyAgeMs=43636,total=1628,delta=0,hist=1000,lastAgeMs=18521,reset=0} D6{on=1,ready=1,sync=1,startup=TEST_READY,attempts=1,streak=407,firstAgeMs=43818,readyAgeMs=43645,total=1628,delta=0,hist=1000,lastAgeMs=18520,reset=0}
[2026-09-09T08:40:02.249Z][RENDERER/1] file:///D:/%E4%B8%8A%E4%BD%8D%E6%9C%BA%E7%95%8C%E9%9D%A2%E5%8E%9F%E5%9E%8B%E7%89%88/flame-detector-bench-desktop/dist/assets/index-A9TaTnGI.js:264 [WaveformDiag][UI] kind=delta wireAgeMs=35 payloadAgeMs=35 D1{on=1,total=1628,delta=0,lastAgeMs=18549,reset=0} D2{on=1,total=1632,delta=0,lastAgeMs=18244,reset=0} D3{on=1,total=1628,delta=0,lastAgeMs=18551,reset=0} D4{on=0,total=1624,delta=0,lastAgeMs=8509,reset=0} D5{on=1,total=1628,delta=0,lastAgeMs=18550,reset=0} D6{on=1,total=1628,delta=0,lastAgeMs=18549,reset=0}
[2026-09-09T08:40:02.720Z][STDOUT] [FlameService] 设备 1 发送波形模式切换请求 (模式 1, 持续重试第 1 次)
[2026-09-09T08:40:02.730Z][STDOUT] [FlameService] 设备 1 波形模式切换已确认，继续等待波形数据
[2026-09-09T08:40:02.731Z][STDOUT] [FlameService] 设备 1 发送模式切换指令已确认
[2026-09-09T08:40:03.098Z][STDOUT] [WaveformDiag][WS] mode=delta clients=2 resync=0 maxBuffered=0 stateAgeMs=8 D1{on=0,ready=0,sync=0,startup=MODE_SWITCH_OK,attempts=1,streak=0,firstAgeMs=-1,readyAgeMs=-1,total=1628,delta=0,hist=1000,lastAgeMs=367,reset=0} D2{on=1,ready=1,sync=1,startup=TEST_READY,attempts=1,streak=408,firstAgeMs=44987,readyAgeMs=44777,total=1632,delta=0,hist=1000,lastAgeMs=19378,reset=0} D3{on=1,ready=1,sync=1,startup=TEST_READY,attempts=1,streak=407,firstAgeMs=44979,readyAgeMs=44805,total=1628,delta=0,hist=1000,lastAgeMs=19685,reset=0} D4{on=0,ready=0,sync=0,startup=MODE_SWITCH_OK,attempts=1,streak=0,firstAgeMs=-1,readyAgeMs=-1,total=1624,delta=0,hist=1000,lastAgeMs=9643,reset=0} D5{on=1,ready=1,sync=1,startup=TEST_READY,attempts=1,streak=407,firstAgeMs=44977,readyAgeMs=44799,total=1628,delta=0,hist=1000,lastAgeMs=19684,reset=0} D6{on=1,ready=1,sync=1,startup=TEST_READY,attempts=1,streak=407,firstAgeMs=44981,readyAgeMs=44808,total=1628,delta=0,hist=1000,lastAgeMs=19683,reset=0}
[2026-09-09T08:40:03.415Z][STDOUT] [FlameService] 设备 3 发送波形模式切换请求 (模式 1, 持续重试第 1 次)
[2026-09-09T08:40:03.415Z][STDOUT] [FlameService] 设备 3 波形模式切换已确认，继续等待波形数据
[2026-09-09T08:40:03.418Z][STDOUT] [FlameService] 设备 3 发送模式切换指令已确认
[2026-09-09T08:40:03.431Z][STDOUT] [FlameService] 设备 5 发送波形模式切换请求 (模式 1, 持续重试第 1 次)
[2026-09-09T08:40:03.434Z][STDOUT] [FlameService] 设备 5 波形模式切换已确认，继续等待波形数据
[2026-09-09T08:40:03.435Z][STDOUT] [FlameService] 设备 5 发送模式切换指令已确认
[2026-09-09T08:40:03.443Z][STDOUT] [FlameService] 设备 2 发送波形模式切换请求 (模式 1, 持续重试第 1 次)
[2026-09-09T08:40:03.443Z][STDOUT] [FlameService] 设备 2 波形模式切换已确认，继续等待波形数据
[2026-09-09T08:40:03.444Z][STDOUT] [FlameService] 设备 2 发送模式切换指令已确认
[2026-09-09T08:40:03.454Z][STDOUT] [FlameService] 设备 6 发送波形模式切换请求 (模式 1, 持续重试第 1 次)
[2026-09-09T08:40:03.454Z][STDOUT] [FlameService] 设备 6 波形模式切换已确认，继续等待波形数据
[2026-09-09T08:40:03.455Z][STDOUT] [FlameService] 设备 6 发送模式切换指令已确认
[2026-09-09T08:40:03.457Z][RENDERER/1] file:///D:/%E4%B8%8A%E4%BD%8D%E6%9C%BA%E7%95%8C%E9%9D%A2%E5%8E%9F%E5%9E%8B%E7%89%88/flame-detector-bench-desktop/dist/assets/index-A9TaTnGI.js:264 [WaveformDiag][UI] kind=delta wireAgeMs=23 payloadAgeMs=23 D1{on=0,total=1628,delta=0,lastAgeMs=382,reset=0} D2{on=1,total=1632,delta=0,lastAgeMs=19393,reset=0} D3{on=1,total=1628,delta=0,lastAgeMs=19700,reset=0} D4{on=0,total=1624,delta=0,lastAgeMs=9658,reset=0} D5{on=1,total=1628,delta=0,lastAgeMs=19699,reset=0} D6{on=1,total=1628,delta=0,lastAgeMs=19698,reset=0}
[2026-09-09T08:40:04.022Z][STDOUT] [FlameService] 设备 4 发送波形模式切换请求 (模式 1, 持续重试第 1 次)
[2026-09-09T08:40:04.023Z][STDOUT] [FlameService] 设备 4 波形模式切换已确认，继续等待波形数据
[2026-09-09T08:40:04.034Z][STDOUT] [FlameService] 设备 4 发送模式切换指令已确认
[2026-09-09T08:40:04.297Z][STDOUT] [WaveformDiag][WS] mode=delta clients=2 resync=1 maxBuffered=0 stateAgeMs=9 D1{on=0,ready=0,sync=0,startup=MODE_SWITCH_OK,attempts=1,streak=0,firstAgeMs=-1,readyAgeMs=-1,total=1628,delta=0,hist=1000,lastAgeMs=1566,reset=0} D2{on=0,ready=0,sync=0,startup=MODE_SWITCH_OK,attempts=1,streak=0,firstAgeMs=-1,readyAgeMs=-1,total=1632,delta=0,hist=1000,lastAgeMs=853,reset=0} D3{on=0,ready=0,sync=0,startup=MODE_SWITCH_OK,attempts=1,streak=0,firstAgeMs=-1,readyAgeMs=-1,total=1628,delta=0,hist=1000,lastAgeMs=879,reset=0} D4{on=0,ready=0,sync=0,startup=MODE_SWITCH_OK,attempts=1,streak=0,firstAgeMs=-1,readyAgeMs=-1,total=1624,delta=0,hist=1000,lastAgeMs=263,reset=0} D5{on=0,ready=0,sync=0,startup=MODE_SWITCH_OK,attempts=1,streak=0,firstAgeMs=-1,readyAgeMs=-1,total=1628,delta=0,hist=1000,lastAgeMs=862,reset=0} D6{on=0,ready=0,sync=0,startup=MODE_SWITCH_OK,attempts=1,streak=0,firstAgeMs=-1,readyAgeMs=-1,total=1628,delta=0,hist=1000,lastAgeMs=842,reset=0}
[2026-09-09T08:40:04.502Z][RENDERER/1] file:///D:/%E4%B8%8A%E4%BD%8D%E6%9C%BA%E7%95%8C%E9%9D%A2%E5%8E%9F%E5%9E%8B%E7%89%88/flame-detector-bench-desktop/dist/assets/index-A9TaTnGI.js:264 [WaveformDiag][UI] kind=delta wireAgeMs=34 payloadAgeMs=34 D1{on=0,total=1628,delta=0,lastAgeMs=1591,reset=0} D2{on=0,total=1632,delta=0,lastAgeMs=878,reset=0} D3{on=0,total=1628,delta=0,lastAgeMs=904,reset=0} D4{on=0,total=1624,delta=0,lastAgeMs=288,reset=0} D5{on=0,total=1628,delta=0,lastAgeMs=887,reset=0} D6{on=0,total=1628,delta=0,lastAgeMs=867,reset=0}
[2026-09-09T08:40:05.484Z][STDOUT] [WaveformDiag][WS] mode=delta clients=2 resync=0 maxBuffered=0 stateAgeMs=9 D1{on=0,ready=0,sync=0,startup=MODE_SWITCH_OK,attempts=1,streak=0,firstAgeMs=-1,readyAgeMs=-1,total=1628,delta=0,hist=1000,lastAgeMs=2753,reset=0} D2{on=0,ready=0,sync=0,startup=MODE_SWITCH_OK,attempts=1,streak=0,firstAgeMs=-1,readyAgeMs=-1,total=1632,delta=0,hist=1000,lastAgeMs=2040,reset=0} D3{on=0,ready=0,sync=0,startup=MODE_SWITCH_OK,attempts=1,streak=0,firstAgeMs=-1,readyAgeMs=-1,total=1628,delta=0,hist=1000,lastAgeMs=2066,reset=0} D4{on=0,ready=0,sync=0,startup=MODE_SWITCH_OK,attempts=1,streak=0,firstAgeMs=-1,readyAgeMs=-1,total=1624,delta=0,hist=1000,lastAgeMs=1450,reset=0} D5{on=0,ready=0,sync=0,startup=MODE_SWITCH_OK,attempts=1,streak=0,firstAgeMs=-1,readyAgeMs=-1,total=1628,delta=0,hist=1000,lastAgeMs=2049,reset=0} D6{on=0,ready=0,sync=0,startup=MODE_SWITCH_OK,attempts=1,streak=0,firstAgeMs=-1,readyAgeMs=-1,total=1628,delta=0,hist=1000,lastAgeMs=2029,reset=0}
[2026-09-09T08:40:05.642Z][RENDERER/1] file:///D:/%E4%B8%8A%E4%BD%8D%E6%9C%BA%E7%95%8C%E9%9D%A2%E5%8E%9F%E5%9E%8B%E7%89%88/flame-detector-bench-desktop/dist/assets/index-A9TaTnGI.js:264 [WaveformDiag][UI] kind=delta wireAgeMs=41 payloadAgeMs=41 D1{on=0,total=1628,delta=0,lastAgeMs=2785,reset=0} D2{on=0,total=1632,delta=0,lastAgeMs=2072,reset=0} D3{on=0,total=1628,delta=0,lastAgeMs=2098,reset=0} D4{on=0,total=1624,delta=0,lastAgeMs=1482,reset=0} D5{on=0,total=1628,delta=0,lastAgeMs=2081,reset=0} D6{on=0,total=1628,delta=0,lastAgeMs=2061,reset=0}
[2026-09-09T08:40:06.596Z][STDOUT] [WaveformDiag][WS] mode=delta clients=2 resync=1 maxBuffered=0 stateAgeMs=6 D1{on=0,ready=0,sync=0,startup=MODE_SWITCH_OK,attempts=1,streak=0,firstAgeMs=-1,readyAgeMs=-1,total=1628,delta=0,hist=1000,lastAgeMs=3864,reset=0} D2{on=0,ready=0,sync=0,startup=MODE_SWITCH_OK,attempts=1,streak=0,firstAgeMs=-1,readyAgeMs=-1,total=1632,delta=0,hist=1000,lastAgeMs=3151,reset=0} D3{on=0,ready=0,sync=0,startup=MODE_SWITCH_OK,attempts=1,streak=0,firstAgeMs=-1,readyAgeMs=-1,total=1628,delta=0,hist=1000,lastAgeMs=3177,reset=0} D4{on=0,ready=0,sync=0,startup=MODE_SWITCH_OK,attempts=1,streak=0,firstAgeMs=-1,readyAgeMs=-1,total=1624,delta=0,hist=1000,lastAgeMs=2561,reset=0} D5{on=0,ready=0,sync=0,startup=MODE_SWITCH_OK,attempts=1,streak=0,firstAgeMs=-1,readyAgeMs=-1,total=1628,delta=0,hist=1000,lastAgeMs=3160,reset=0} D6{on=0,ready=0,sync=0,startup=MODE_SWITCH_OK,attempts=1,streak=0,firstAgeMs=-1,readyAgeMs=-1,total=1628,delta=0,hist=1000,lastAgeMs=3140,reset=0}
[2026-09-09T08:40:06.954Z][RENDERER/1] file:///D:/%E4%B8%8A%E4%BD%8D%E6%9C%BA%E7%95%8C%E9%9D%A2%E5%8E%9F%E5%9E%8B%E7%89%88/flame-detector-bench-desktop/dist/assets/index-A9TaTnGI.js:264 [WaveformDiag][UI] kind=delta wireAgeMs=19 payloadAgeMs=19 D1{on=0,total=1628,delta=0,lastAgeMs=3877,reset=0} D2{on=0,total=1632,delta=0,lastAgeMs=3164,reset=0} D3{on=0,total=1628,delta=0,lastAgeMs=3190,reset=0} D4{on=0,total=1624,delta=0,lastAgeMs=2574,reset=0} D5{on=0,total=1628,delta=0,lastAgeMs=3173,reset=0} D6{on=0,total=1628,delta=0,lastAgeMs=3153,reset=0}
[2026-09-09T08:40:07.762Z][STDOUT] [WaveformDiag][WS] mode=delta clients=2 resync=0 maxBuffered=0 stateAgeMs=7 D1{on=0,ready=0,sync=0,startup=MODE_SWITCH_OK,attempts=1,streak=0,firstAgeMs=-1,readyAgeMs=-1,total=1628,delta=0,hist=1000,lastAgeMs=5031,reset=0} D2{on=0,ready=0,sync=0,startup=MODE_SWITCH_OK,attempts=1,streak=0,firstAgeMs=-1,readyAgeMs=-1,total=1632,delta=0,hist=1000,lastAgeMs=4318,reset=0} D3{on=0,ready=0,sync=0,startup=MODE_SWITCH_OK,attempts=1,streak=0,firstAgeMs=-1,readyAgeMs=-1,total=1628,delta=0,hist=1000,lastAgeMs=4344,reset=0} D4{on=0,ready=0,sync=0,startup=MODE_SWITCH_OK,attempts=1,streak=0,firstAgeMs=-1,readyAgeMs=-1,total=1624,delta=0,hist=1000,lastAgeMs=3728,reset=0} D5{on=0,ready=0,sync=0,startup=MODE_SWITCH_OK,attempts=1,streak=0,firstAgeMs=-1,readyAgeMs=-1,total=1628,delta=0,hist=1000,lastAgeMs=4327,reset=0} D6{on=0,ready=0,sync=0,startup=MODE_SWITCH_OK,attempts=1,streak=0,firstAgeMs=-1,readyAgeMs=-1,total=1628,delta=0,hist=1000,lastAgeMs=4307,reset=0}
[2026-09-09T08:40:08.115Z][RENDERER/1] file:///D:/%E4%B8%8A%E4%BD%8D%E6%9C%BA%E7%95%8C%E9%9D%A2%E5%8E%9F%E5%9E%8B%E7%89%88/flame-detector-bench-desktop/dist/assets/index-A9TaTnGI.js:264 [WaveformDiag][UI] kind=delta wireAgeMs=24 payloadAgeMs=24 D1{on=0,total=1628,delta=0,lastAgeMs=5048,reset=0} D2{on=0,total=1632,delta=0,lastAgeMs=4335,reset=0} D3{on=0,total=1628,delta=0,lastAgeMs=4361,reset=0} D4{on=0,total=1624,delta=0,lastAgeMs=3745,reset=0} D5{on=0,total=1628,delta=0,lastAgeMs=4344,reset=0} D6{on=0,total=1628,delta=0,lastAgeMs=4324,reset=0}
[2026-09-09T08:40:08.239Z][STDOUT] [标签打印] 批次 field-waveform-1788943047745-12 已生成 6 个标签任务（D1→D6）。
[2026-09-09T08:40:08.707Z][STDOUT] [FlameService] 设备 1 发送波形模式切换请求 (模式 1, 持续重试第 1 次)
[2026-09-09T08:40:08.718Z][STDOUT] [FlameService] 设备 2 发送波形模式切换请求 (模式 1, 持续重试第 1 次)
[2026-09-09T08:40:08.729Z][STDOUT] [FlameService] 设备 3 发送波形模式切换请求 (模式 1, 持续重试第 1 次)
[2026-09-09T08:40:08.748Z][STDOUT] [FlameService] 设备 4 发送波形模式切换请求 (模式 1, 持续重试第 1 次)
[2026-09-09T08:40:08.758Z][STDOUT] [FlameService] 设备 5 发送波形模式切换请求 (模式 1, 持续重试第 1 次)
[2026-09-09T08:40:08.759Z][STDOUT] [FlameService] 设备 6 发送波形模式切换请求 (模式 1, 持续重试第 1 次)
[2026-09-09T08:40:08.760Z][STDOUT] [FlameService] 设备 1 波形模式切换已确认，继续等待波形数据
[2026-09-09T08:40:08.764Z][STDOUT] [FlameService] 设备 2 波形模式切换已确认，继续等待波形数据
[2026-09-09T08:40:08.766Z][STDOUT] [FlameService] 设备 3 波形模式切换已确认，继续等待波形数据
[2026-09-09T08:40:08.768Z][STDOUT] [FlameService] 设备 4 波形模式切换已确认，继续等待波形数据
[2026-09-09T08:40:08.772Z][STDOUT] [FlameService] 设备 5 波形模式切换已确认，继续等待波形数据
[2026-09-09T08:40:08.775Z][STDOUT] [FlameService] 设备 6 波形模式切换已确认，继续等待波形数据
[2026-09-09T08:40:08.776Z][STDOUT] [FlameService] 设备 1 发送模式切换指令已确认
[2026-09-09T08:40:08.776Z][STDOUT] [FlameService] 设备 2 发送模式切换指令已确认
[2026-09-09T08:40:08.777Z][STDOUT] [FlameService] 设备 3 发送模式切换指令已确认
[2026-09-09T08:40:08.779Z][STDOUT] [FlameService] 设备 4 发送模式切换指令已确认
[2026-09-09T08:40:08.780Z][STDOUT] [FlameService] 设备 5 发送模式切换指令已确认
[2026-09-09T08:40:08.780Z][STDOUT] [FlameService] 设备 6 发送模式切换指令已确认
[2026-09-09T08:40:08.963Z][STDOUT] [WaveformDiag][WS] mode=delta clients=2 resync=0 maxBuffered=0 stateAgeMs=118 D1{on=0,ready=0,sync=0,startup=MODE_SWITCH_OK,attempts=1,streak=0,firstAgeMs=-1,readyAgeMs=-1,total=0,delta=0,hist=0,lastAgeMs=199,reset=1} D2{on=0,ready=0,sync=0,startup=MODE_SWITCH_OK,attempts=1,streak=0,firstAgeMs=-1,readyAgeMs=-1,total=0,delta=0,hist=0,lastAgeMs=198,reset=1} D3{on=0,ready=0,sync=0,startup=MODE_SWITCH_OK,attempts=1,streak=0,firstAgeMs=-1,readyAgeMs=-1,total=0,delta=0,hist=0,lastAgeMs=195,reset=1} D4{on=0,ready=0,sync=0,startup=MODE_SWITCH_OK,attempts=1,streak=0,firstAgeMs=-1,readyAgeMs=-1,total=0,delta=0,hist=0,lastAgeMs=191,reset=1} D5{on=0,ready=0,sync=0,startup=MODE_SWITCH_OK,attempts=1,streak=0,firstAgeMs=-1,readyAgeMs=-1,total=0,delta=0,hist=0,lastAgeMs=188,reset=1} D6{on=0,ready=0,sync=0,startup=MODE_SWITCH_OK,attempts=1,streak=0,firstAgeMs=-1,readyAgeMs=-1,total=0,delta=0,hist=0,lastAgeMs=187,reset=1}
[2026-09-09T08:40:08.969Z][RENDERER/1] file:///D:/%E4%B8%8A%E4%BD%8D%E6%9C%BA%E7%95%8C%E9%9D%A2%E5%8E%9F%E5%9E%8B%E7%89%88/flame-detector-bench-desktop/dist/assets/index-A9TaTnGI.js:264 [WaveformDiag][UI] kind=delta wireAgeMs=123 payloadAgeMs=123 D1{on=0,total=0,delta=0,lastAgeMs=204,reset=1} D2{on=0,total=0,delta=0,lastAgeMs=203,reset=1} D3{on=0,total=0,delta=0,lastAgeMs=200,reset=1} D4{on=0,total=0,delta=0,lastAgeMs=196,reset=1} D5{on=0,total=0,delta=0,lastAgeMs=193,reset=1} D6{on=0,total=0,delta=0,lastAgeMs=192,reset=1}
[2026-09-09T08:40:10.127Z][STDOUT] [WaveformDiag][WS] mode=delta clients=2 resync=0 maxBuffered=0 stateAgeMs=0 D1{on=0,ready=0,sync=0,startup=MODE_SWITCH_OK,attempts=1,streak=0,firstAgeMs=-1,readyAgeMs=-1,total=0,delta=0,hist=0,lastAgeMs=1363,reset=0} D2{on=0,ready=0,sync=0,startup=MODE_SWITCH_OK,attempts=1,streak=0,firstAgeMs=-1,readyAgeMs=-1,total=0,delta=0,hist=0,lastAgeMs=1362,reset=0} D3{on=0,ready=0,sync=0,startup=MODE_SWITCH_OK,attempts=1,streak=0,firstAgeMs=-1,readyAgeMs=-1,total=0,delta=0,hist=0,lastAgeMs=1359,reset=0} D4{on=0,ready=0,sync=0,startup=MODE_SWITCH_OK,attempts=1,streak=0,firstAgeMs=-1,readyAgeMs=-1,total=0,delta=0,hist=0,lastAgeMs=1355,reset=0} D5{on=0,ready=0,sync=0,startup=MODE_SWITCH_OK,attempts=1,streak=0,firstAgeMs=-1,readyAgeMs=-1,total=0,delta=0,hist=0,lastAgeMs=1352,reset=0} D6{on=0,ready=0,sync=0,startup=MODE_SWITCH_OK,attempts=1,streak=0,firstAgeMs=-1,readyAgeMs=-1,total=0,delta=0,hist=0,lastAgeMs=1351,reset=0}
[2026-09-09T08:40:10.132Z][RENDERER/1] file:///D:/%E4%B8%8A%E4%BD%8D%E6%9C%BA%E7%95%8C%E9%9D%A2%E5%8E%9F%E5%9E%8B%E7%89%88/flame-detector-bench-desktop/dist/assets/index-A9TaTnGI.js:264 [WaveformDiag][UI] kind=delta wireAgeMs=4 payloadAgeMs=4 D1{on=0,total=0,delta=0,lastAgeMs=1367,reset=0} D2{on=0,total=0,delta=0,lastAgeMs=1366,reset=0} D3{on=0,total=0,delta=0,lastAgeMs=1363,reset=0} D4{on=0,total=0,delta=0,lastAgeMs=1359,reset=0} D5{on=0,total=0,delta=0,lastAgeMs=1356,reset=0} D6{on=0,total=0,delta=0,lastAgeMs=1355,reset=0}
[2026-09-09T08:40:11.166Z][STDOUT] [WaveformDiag][WS] mode=delta clients=2 resync=0 maxBuffered=0 stateAgeMs=1 D1{on=0,ready=0,sync=0,startup=MODE_SWITCH_OK,attempts=1,streak=0,firstAgeMs=-1,readyAgeMs=-1,total=0,delta=0,hist=0,lastAgeMs=2402,reset=0} D2{on=0,ready=0,sync=0,startup=MODE_SWITCH_OK,attempts=1,streak=0,firstAgeMs=-1,readyAgeMs=-1,total=0,delta=0,hist=0,lastAgeMs=2401,reset=0} D3{on=0,ready=0,sync=0,startup=MODE_SWITCH_OK,attempts=1,streak=0,firstAgeMs=-1,readyAgeMs=-1,total=0,delta=0,hist=0,lastAgeMs=2398,reset=0} D4{on=0,ready=0,sync=0,startup=MODE_SWITCH_OK,attempts=1,streak=0,firstAgeMs=-1,readyAgeMs=-1,total=0,delta=0,hist=0,lastAgeMs=2394,reset=0} D5{on=0,ready=0,sync=0,startup=MODE_SWITCH_OK,attempts=1,streak=0,firstAgeMs=-1,readyAgeMs=-1,total=0,delta=0,hist=0,lastAgeMs=2391,reset=0} D6{on=0,ready=0,sync=0,startup=MODE_SWITCH_OK,attempts=1,streak=0,firstAgeMs=-1,readyAgeMs=-1,total=0,delta=0,hist=0,lastAgeMs=2390,reset=0}
[2026-09-09T08:40:11.171Z][RENDERER/1] file:///D:/%E4%B8%8A%E4%BD%8D%E6%9C%BA%E7%95%8C%E9%9D%A2%E5%8E%9F%E5%9E%8B%E7%89%88/flame-detector-bench-desktop/dist/assets/index-A9TaTnGI.js:264 [WaveformDiag][UI] kind=delta wireAgeMs=6 payloadAgeMs=6 D1{on=0,total=0,delta=0,lastAgeMs=2407,reset=0} D2{on=0,total=0,delta=0,lastAgeMs=2406,reset=0} D3{on=0,total=0,delta=0,lastAgeMs=2403,reset=0} D4{on=0,total=0,delta=0,lastAgeMs=2399,reset=0} D5{on=0,total=0,delta=0,lastAgeMs=2396,reset=0} D6{on=0,total=0,delta=0,lastAgeMs=2395,reset=0}
[2026-09-09T08:40:12.057Z][STDOUT] [日志自动上传] GitHub commit=b424e1c9e034612d4e2bce67f491c920e34ebf15 path=diagnostic-logs/20260909T084000Z-field-waveform-1788943047745-12
[2026-09-09T08:40:12.059Z][STDOUT] [日志自动上传] 上传完成 batch=field-waveform-1788943047745-12
[2026-09-09T08:40:12.206Z][STDOUT] [WaveformDiag][WS] mode=delta clients=2 resync=0 maxBuffered=0 stateAgeMs=0 D1{on=0,ready=0,sync=0,startup=MODE_SWITCH_OK,attempts=1,streak=0,firstAgeMs=-1,readyAgeMs=-1,total=0,delta=0,hist=0,lastAgeMs=3442,reset=0} D2{on=0,ready=0,sync=0,startup=MODE_SWITCH_OK,attempts=1,streak=0,firstAgeMs=-1,readyAgeMs=-1,total=0,delta=0,hist=0,lastAgeMs=3441,reset=0} D3{on=0,ready=0,sync=0,startup=MODE_SWITCH_OK,attempts=1,streak=0,firstAgeMs=-1,readyAgeMs=-1,total=0,delta=0,hist=0,lastAgeMs=3438,reset=0} D4{on=0,ready=0,sync=0,startup=MODE_SWITCH_OK,attempts=1,streak=0,firstAgeMs=-1,readyAgeMs=-1,total=0,delta=0,hist=0,lastAgeMs=3434,reset=0} D5{on=0,ready=0,sync=0,startup=MODE_SWITCH_OK,attempts=1,streak=0,firstAgeMs=-1,readyAgeMs=-1,total=0,delta=0,hist=0,lastAgeMs=3431,reset=0} D6{on=0,ready=0,sync=0,startup=MODE_SWITCH_OK,attempts=1,streak=0,firstAgeMs=-1,readyAgeMs=-1,total=0,delta=0,hist=0,lastAgeMs=3430,reset=0}
[2026-09-09T08:40:12.212Z][RENDERER/1] file:///D:/%E4%B8%8A%E4%BD%8D%E6%9C%BA%E7%95%8C%E9%9D%A2%E5%8E%9F%E5%9E%8B%E7%89%88/flame-detector-bench-desktop/dist/assets/index-A9TaTnGI.js:264 [WaveformDiag][UI] kind=delta wireAgeMs=5 payloadAgeMs=5 D1{on=0,total=0,delta=0,lastAgeMs=3447,reset=0} D2{on=0,total=0,delta=0,lastAgeMs=3446,reset=0} D3{on=0,total=0,delta=0,lastAgeMs=3443,reset=0} D4{on=0,total=0,delta=0,lastAgeMs=3439,reset=0} D5{on=0,total=0,delta=0,lastAgeMs=3436,reset=0} D6{on=0,total=0,delta=0,lastAgeMs=3435,reset=0}
[2026-09-09T08:40:12.733Z][STDOUT] [FlameService] 设备 1 发送波形模式切换请求 (模式 1, 持续重试第 1 次)
[2026-09-09T08:40:12.739Z][STDOUT] [FlameService] 设备 1 波形模式切换已确认，继续等待波形数据
[2026-09-09T08:40:12.740Z][STDOUT] [FlameService] 设备 1 发送模式切换指令已确认
[2026-09-09T08:40:13.340Z][STDOUT] [WaveformDiag][WS] mode=delta clients=2 resync=0 maxBuffered=0 stateAgeMs=79 D1{on=0,ready=0,sync=0,startup=MODE_SWITCH_OK,attempts=1,streak=0,firstAgeMs=-1,readyAgeMs=-1,total=0,delta=0,hist=0,lastAgeMs=600,reset=0} D2{on=0,ready=0,sync=0,startup=MODE_SWITCH_OK,attempts=1,streak=0,firstAgeMs=-1,readyAgeMs=-1,total=0,delta=0,hist=0,lastAgeMs=4575,reset=0} D3{on=0,ready=0,sync=0,startup=MODE_SWITCH_OK,attempts=1,streak=0,firstAgeMs=-1,readyAgeMs=-1,total=0,delta=0,hist=0,lastAgeMs=4572,reset=0} D4{on=0,ready=0,sync=0,startup=MODE_SWITCH_OK,attempts=1,streak=0,firstAgeMs=-1,readyAgeMs=-1,total=0,delta=0,hist=0,lastAgeMs=4568,reset=0} D5{on=0,ready=0,sync=0,startup=MODE_SWITCH_OK,attempts=1,streak=0,firstAgeMs=-1,readyAgeMs=-1,total=0,delta=0,hist=0,lastAgeMs=4565,reset=0} D6{on=0,ready=0,sync=0,startup=MODE_SWITCH_OK,attempts=1,streak=0,firstAgeMs=-1,readyAgeMs=-1,total=0,delta=0,hist=0,lastAgeMs=4564,reset=0}
[2026-09-09T08:40:13.344Z][RENDERER/1] file:///D:/%E4%B8%8A%E4%BD%8D%E6%9C%BA%E7%95%8C%E9%9D%A2%E5%8E%9F%E5%9E%8B%E7%89%88/flame-detector-bench-desktop/dist/assets/index-A9TaTnGI.js:264 [WaveformDiag][UI] kind=delta wireAgeMs=81 payloadAgeMs=81 D1{on=0,total=0,delta=0,lastAgeMs=602,reset=0} D2{on=0,total=0,delta=0,lastAgeMs=4577,reset=0} D3{on=0,total=0,delta=0,lastAgeMs=4574,reset=0} D4{on=0,total=0,delta=0,lastAgeMs=4570,reset=0} D5{on=0,total=0,delta=0,lastAgeMs=4567,reset=0} D6{on=0,total=0,delta=0,lastAgeMs=4566,reset=0}
[2026-09-09T08:40:13.431Z][STDOUT] [FlameService] 设备 3 发送波形模式切换请求 (模式 1, 持续重试第 1 次)
[2026-09-09T08:40:13.432Z][STDOUT] [FlameService] 设备 3 波形模式切换已确认，继续等待波形数据
[2026-09-09T08:40:13.436Z][STDOUT] [FlameService] 设备 3 发送模式切换指令已确认
[2026-09-09T08:40:13.456Z][STDOUT] [FlameService] 设备 5 发送波形模式切换请求 (模式 1, 持续重试第 1 次)
[2026-09-09T08:40:13.457Z][STDOUT] [FlameService] 设备 5 波形模式切换已确认，继续等待波形数据
[2026-09-09T08:40:13.458Z][STDOUT] [FlameService] 设备 5 发送模式切换指令已确认
[2026-09-09T08:40:13.459Z][STDOUT] [FlameService] 设备 2 发送波形模式切换请求 (模式 1, 持续重试第 1 次)
[2026-09-09T08:40:13.460Z][STDOUT] [FlameService] 设备 2 波形模式切换已确认，继续等待波形数据
[2026-09-09T08:40:13.460Z][STDOUT] [FlameService] 设备 2 发送模式切换指令已确认
[2026-09-09T08:40:13.461Z][STDOUT] [FlameService] 设备 6 发送波形模式切换请求 (模式 1, 持续重试第 1 次)
[2026-09-09T08:40:13.462Z][STDOUT] [FlameService] 设备 6 波形模式切换已确认，继续等待波形数据
[2026-09-09T08:40:13.463Z][STDOUT] [FlameService] 设备 6 发送模式切换指令已确认
[2026-09-09T08:40:14.034Z][STDOUT] [FlameService] 设备 4 发送波形模式切换请求 (模式 1, 持续重试第 1 次)
[2026-09-09T08:40:14.038Z][STDOUT] [FlameService] 设备 4 波形模式切换已确认，继续等待波形数据
[2026-09-09T08:40:14.039Z][STDOUT] [FlameService] 设备 4 发送模式切换指令已确认
[2026-09-09T08:40:14.447Z][STDOUT] [WaveformDiag][WS] mode=delta clients=2 resync=0 maxBuffered=0 stateAgeMs=154 D1{on=0,ready=0,sync=0,startup=MODE_SWITCH_OK,attempts=1,streak=0,firstAgeMs=-1,readyAgeMs=-1,total=0,delta=0,hist=0,lastAgeMs=1707,reset=0} D2{on=0,ready=0,sync=0,startup=MODE_SWITCH_OK,attempts=1,streak=0,firstAgeMs=-1,readyAgeMs=-1,total=0,delta=0,hist=0,lastAgeMs=987,reset=0} D3{on=0,ready=0,sync=0,startup=MODE_SWITCH_OK,attempts=1,streak=0,firstAgeMs=-1,readyAgeMs=-1,total=0,delta=0,hist=0,lastAgeMs=1011,reset=0} D4{on=0,ready=0,sync=0,startup=MODE_SWITCH_OK,attempts=1,streak=0,firstAgeMs=-1,readyAgeMs=-1,total=0,delta=0,hist=0,lastAgeMs=408,reset=0} D5{on=0,ready=0,sync=0,startup=MODE_SWITCH_OK,attempts=1,streak=0,firstAgeMs=-1,readyAgeMs=-1,total=0,delta=0,hist=0,lastAgeMs=989,reset=0} D6{on=0,ready=0,sync=0,startup=MODE_SWITCH_OK,attempts=1,streak=0,firstAgeMs=-1,readyAgeMs=-1,total=0,delta=0,hist=0,lastAgeMs=984,reset=0}
[2026-09-09T08:40:14.450Z][RENDERER/1] file:///D:/%E4%B8%8A%E4%BD%8D%E6%9C%BA%E7%95%8C%E9%9D%A2%E5%8E%9F%E5%9E%8B%E7%89%88/flame-detector-bench-desktop/dist/assets/index-A9TaTnGI.js:264 [WaveformDiag][UI] kind=delta wireAgeMs=156 payloadAgeMs=156 D1{on=0,total=0,delta=0,lastAgeMs=1709,reset=0} D2{on=0,total=0,delta=0,lastAgeMs=989,reset=0} D3{on=0,total=0,delta=0,lastAgeMs=1013,reset=0} D4{on=0,total=0,delta=0,lastAgeMs=410,reset=0} D5{on=0,total=0,delta=0,lastAgeMs=991,reset=0} D6{on=0,total=0,delta=0,lastAgeMs=986,reset=0}
[2026-09-09T08:40:15.582Z][STDOUT] [WaveformDiag][WS] mode=delta clients=2 resync=0 maxBuffered=0 stateAgeMs=0 D1{on=0,ready=0,sync=0,startup=MODE_SWITCH_OK,attempts=1,streak=0,firstAgeMs=-1,readyAgeMs=-1,total=0,delta=0,hist=0,lastAgeMs=2842,reset=0} D2{on=0,ready=0,sync=0,startup=MODE_SWITCH_OK,attempts=1,streak=0,firstAgeMs=-1,readyAgeMs=-1,total=0,delta=0,hist=0,lastAgeMs=2122,reset=0} D3{on=0,ready=0,sync=0,startup=MODE_SWITCH_OK,attempts=1,streak=0,firstAgeMs=-1,readyAgeMs=-1,total=0,delta=0,hist=0,lastAgeMs=2146,reset=0} D4{on=0,ready=0,sync=0,startup=MODE_SWITCH_OK,attempts=1,streak=0,firstAgeMs=-1,readyAgeMs=-1,total=0,delta=0,hist=0,lastAgeMs=1543,reset=0} D5{on=0,ready=0,sync=0,startup=MODE_SWITCH_OK,attempts=1,streak=0,firstAgeMs=-1,readyAgeMs=-1,total=0,delta=0,hist=0,lastAgeMs=2124,reset=0} D6{on=0,ready=0,sync=0,startup=MODE_SWITCH_OK,attempts=1,streak=0,firstAgeMs=-1,readyAgeMs=-1,total=0,delta=0,hist=0,lastAgeMs=2119,reset=0}
[2026-09-09T08:40:15.584Z][RENDERER/1] file:///D:/%E4%B8%8A%E4%BD%8D%E6%9C%BA%E7%95%8C%E9%9D%A2%E5%8E%9F%E5%9E%8B%E7%89%88/flame-detector-bench-desktop/dist/assets/index-A9TaTnGI.js:264 [WaveformDiag][UI] kind=delta wireAgeMs=1 payloadAgeMs=1 D1{on=0,total=0,delta=0,lastAgeMs=2843,reset=0} D2{on=0,total=0,delta=0,lastAgeMs=2123,reset=0} D3{on=0,total=0,delta=0,lastAgeMs=2147,reset=0} D4{on=0,total=0,delta=0,lastAgeMs=1544,reset=0} D5{on=0,total=0,delta=0,lastAgeMs=2125,reset=0} D6{on=0,total=0,delta=0,lastAgeMs=2120,reset=0}
[2026-09-09T08:40:16.632Z][STDOUT] [WaveformDiag][WS] mode=delta clients=2 resync=0 maxBuffered=0 stateAgeMs=0 D1{on=0,ready=0,sync=0,startup=MODE_SWITCH_OK,attempts=1,streak=0,firstAgeMs=-1,readyAgeMs=-1,total=0,delta=0,hist=0,lastAgeMs=3892,reset=0} D2{on=0,ready=0,sync=0,startup=MODE_SWITCH_OK,attempts=1,streak=0,firstAgeMs=-1,readyAgeMs=-1,total=0,delta=0,hist=0,lastAgeMs=3172,reset=0} D3{on=0,ready=0,sync=0,startup=MODE_SWITCH_OK,attempts=1,streak=0,firstAgeMs=-1,readyAgeMs=-1,total=0,delta=0,hist=0,lastAgeMs=3196,reset=0} D4{on=0,ready=0,sync=0,startup=MODE_SWITCH_OK,attempts=1,streak=0,firstAgeMs=-1,readyAgeMs=-1,total=0,delta=0,hist=0,lastAgeMs=2593,reset=0} D5{on=0,ready=0,sync=0,startup=MODE_SWITCH_OK,attempts=1,streak=0,firstAgeMs=-1,readyAgeMs=-1,total=0,delta=0,hist=0,lastAgeMs=3174,reset=0} D6{on=0,ready=0,sync=0,startup=MODE_SWITCH_OK,attempts=1,streak=0,firstAgeMs=-1,readyAgeMs=-1,total=0,delta=0,hist=0,lastAgeMs=3169,reset=0}
[2026-09-09T08:40:16.635Z][RENDERER/1] file:///D:/%E4%B8%8A%E4%BD%8D%E6%9C%BA%E7%95%8C%E9%9D%A2%E5%8E%9F%E5%9E%8B%E7%89%88/flame-detector-bench-desktop/dist/assets/index-A9TaTnGI.js:264 [WaveformDiag][UI] kind=delta wireAgeMs=2 payloadAgeMs=2 D1{on=0,total=0,delta=0,lastAgeMs=3894,reset=0} D2{on=0,total=0,delta=0,lastAgeMs=3174,reset=0} D3{on=0,total=0,delta=0,lastAgeMs=3198,reset=0} D4{on=0,total=0,delta=0,lastAgeMs=2595,reset=0} D5{on=0,total=0,delta=0,lastAgeMs=3176,reset=0} D6{on=0,total=0,delta=0,lastAgeMs=3171,reset=0}
[2026-09-09T08:40:17.669Z][STDOUT] [WaveformDiag][WS] mode=delta clients=2 resync=0 maxBuffered=0 stateAgeMs=0 D1{on=0,ready=0,sync=0,startup=MODE_SWITCH_OK,attempts=1,streak=0,firstAgeMs=-1,readyAgeMs=-1,total=0,delta=0,hist=0,lastAgeMs=4929,reset=0} D2{on=0,ready=0,sync=0,startup=MODE_SWITCH_OK,attempts=1,streak=0,firstAgeMs=-1,readyAgeMs=-1,total=0,delta=0,hist=0,lastAgeMs=4209,reset=0} D3{on=0,ready=0,sync=0,startup=MODE_SWITCH_OK,attempts=1,streak=0,firstAgeMs=-1,readyAgeMs=-1,total=0,delta=0,hist=0,lastAgeMs=4233,reset=0} D4{on=0,ready=0,sync=0,startup=MODE_SWITCH_OK,attempts=1,streak=0,firstAgeMs=-1,readyAgeMs=-1,total=0,delta=0,hist=0,lastAgeMs=3630,reset=0} D5{on=0,ready=0,sync=0,startup=MODE_SWITCH_OK,attempts=1,streak=0,firstAgeMs=-1,readyAgeMs=-1,total=0,delta=0,hist=0,lastAgeMs=4211,reset=0} D6{on=0,ready=0,sync=0,startup=MODE_SWITCH_OK,attempts=1,streak=0,firstAgeMs=-1,readyAgeMs=-1,total=0,delta=0,hist=0,lastAgeMs=4206,reset=0}
[2026-09-09T08:40:17.672Z][RENDERER/1] file:///D:/%E4%B8%8A%E4%BD%8D%E6%9C%BA%E7%95%8C%E9%9D%A2%E5%8E%9F%E5%9E%8B%E7%89%88/flame-detector-bench-desktop/dist/assets/index-A9TaTnGI.js:264 [WaveformDiag][UI] kind=delta wireAgeMs=2 payloadAgeMs=2 D1{on=0,total=0,delta=0,lastAgeMs=4931,reset=0} D2{on=0,total=0,delta=0,lastAgeMs=4211,reset=0} D3{on=0,total=0,delta=0,lastAgeMs=4235,reset=0} D4{on=0,total=0,delta=0,lastAgeMs=3632,reset=0} D5{on=0,total=0,delta=0,lastAgeMs=4213,reset=0} D6{on=0,total=0,delta=0,lastAgeMs=4208,reset=0}
[2026-09-09T08:40:18.707Z][STDOUT] [WaveformDiag][WS] mode=delta clients=2 resync=0 maxBuffered=0 stateAgeMs=1 D1{on=0,ready=0,sync=0,startup=MODE_SWITCH_OK,attempts=1,streak=0,firstAgeMs=-1,readyAgeMs=-1,total=0,delta=0,hist=0,lastAgeMs=5967,reset=0} D2{on=0,ready=0,sync=0,startup=MODE_SWITCH_OK,attempts=1,streak=0,firstAgeMs=-1,readyAgeMs=-1,total=0,delta=0,hist=0,lastAgeMs=5247,reset=0} D3{on=0,ready=0,sync=0,startup=MODE_SWITCH_OK,attempts=1,streak=0,firstAgeMs=-1,readyAgeMs=-1,total=0,delta=0,hist=0,lastAgeMs=5271,reset=0} D4{on=0,ready=0,sync=0,startup=MODE_SWITCH_OK,attempts=1,streak=0,firstAgeMs=-1,readyAgeMs=-1,total=0,delta=0,hist=0,lastAgeMs=4668,reset=0} D5{on=0,ready=0,sync=0,startup=MODE_SWITCH_OK,attempts=1,streak=0,firstAgeMs=-1,readyAgeMs=-1,total=0,delta=0,hist=0,lastAgeMs=5249,reset=0} D6{on=0,ready=0,sync=0,startup=MODE_SWITCH_OK,attempts=1,streak=0,firstAgeMs=-1,readyAgeMs=-1,total=0,delta=0,hist=0,lastAgeMs=5244,reset=0}
[2026-09-09T08:40:18.715Z][RENDERER/1] file:///D:/%E4%B8%8A%E4%BD%8D%E6%9C%BA%E7%95%8C%E9%9D%A2%E5%8E%9F%E5%9E%8B%E7%89%88/flame-detector-bench-desktop/dist/assets/index-A9TaTnGI.js:264 [WaveformDiag][UI] kind=delta wireAgeMs=8 payloadAgeMs=8 D1{on=0,total=0,delta=0,lastAgeMs=5974,reset=0} D2{on=0,total=0,delta=0,lastAgeMs=5254,reset=0} D3{on=0,total=0,delta=0,lastAgeMs=5278,reset=0} D4{on=0,total=0,delta=0,lastAgeMs=4675,reset=0} D5{on=0,total=0,delta=0,lastAgeMs=5256,reset=0} D6{on=0,total=0,delta=0,lastAgeMs=5251,reset=0}
[2026-09-09T08:40:19.241Z][STDOUT] [FlameService] 设备 1 发送波形模式切换请求 (模式 1, 持续重试第 1 次)
[2026-09-09T08:40:19.246Z][STDOUT] [FlameService] 设备 2 发送波形模式切换请求 (模式 1, 持续重试第 1 次)
[2026-09-09T08:40:19.248Z][STDOUT] [FlameService] 设备 3 发送波形模式切换请求 (模式 1, 持续重试第 1 次)
[2026-09-09T08:40:19.249Z][STDOUT] [FlameService] 设备 4 发送波形模式切换请求 (模式 1, 持续重试第 1 次)
[2026-09-09T08:40:19.250Z][STDOUT] [FlameService] 设备 5 发送波形模式切换请求 (模式 1, 持续重试第 1 次)
[2026-09-09T08:40:19.251Z][STDOUT] [FlameService] 设备 6 发送波形模式切换请求 (模式 1, 持续重试第 1 次)
[2026-09-09T08:40:19.253Z][STDOUT] [FlameService] 设备 1 波形模式切换已确认，继续等待波形数据
[2026-09-09T08:40:19.256Z][STDOUT] [FlameService] 设备 2 波形模式切换已确认，继续等待波形数据
[2026-09-09T08:40:19.258Z][STDOUT] [FlameService] 设备 3 波形模式切换已确认，继续等待波形数据
[2026-09-09T08:40:19.261Z][STDOUT] [FlameService] 设备 4 波形模式切换已确认，继续等待波形数据
[2026-09-09T08:40:19.270Z][STDOUT] [FlameService] 设备 5 波形模式切换已确认，继续等待波形数据
[2026-09-09T08:40:19.281Z][STDOUT] [FlameService] 设备 6 波形模式切换已确认，继续等待波形数据
[2026-09-09T08:40:19.282Z][STDOUT] [FlameService] 设备 1 发送模式切换指令已确认
[2026-09-09T08:40:19.282Z][STDOUT] [FlameService] 设备 2 发送模式切换指令已确认
[2026-09-09T08:40:19.283Z][STDOUT] [FlameService] 设备 3 发送模式切换指令已确认
[2026-09-09T08:40:19.283Z][STDOUT] [FlameService] 设备 4 发送模式切换指令已确认
[2026-09-09T08:40:19.283Z][STDOUT] [FlameService] 设备 5 发送模式切换指令已确认
[2026-09-09T08:40:19.284Z][STDOUT] [FlameService] 设备 6 发送模式切换指令已确认
[2026-09-09T08:40:19.846Z][STDOUT] [WaveformDiag][WS] mode=delta clients=2 resync=0 maxBuffered=0 stateAgeMs=94 D1{on=0,ready=0,sync=0,startup=MODE_SWITCH_OK,attempts=1,streak=0,firstAgeMs=-1,readyAgeMs=-1,total=0,delta=0,hist=0,lastAgeMs=589,reset=0} D2{on=0,ready=0,sync=0,startup=MODE_SWITCH_OK,attempts=1,streak=0,firstAgeMs=-1,readyAgeMs=-1,total=0,delta=0,hist=0,lastAgeMs=587,reset=0} D3{on=0,ready=0,sync=0,startup=MODE_SWITCH_OK,attempts=1,streak=0,firstAgeMs=-1,readyAgeMs=-1,total=0,delta=0,hist=0,lastAgeMs=585,reset=0} D4{on=0,ready=0,sync=0,startup=MODE_SWITCH_OK,attempts=1,streak=0,firstAgeMs=-1,readyAgeMs=-1,total=0,delta=0,hist=0,lastAgeMs=575,reset=0} D5{on=0,ready=0,sync=0,startup=MODE_SWITCH_OK,attempts=1,streak=0,firstAgeMs=-1,readyAgeMs=-1,total=0,delta=0,hist=0,lastAgeMs=564,reset=0} D6{on=0,ready=0,sync=0,startup=MODE_SWITCH_OK,attempts=1,streak=0,firstAgeMs=-1,readyAgeMs=-1,total=0,delta=0,hist=0,lastAgeMs=563,reset=0}
[2026-09-09T08:40:19.863Z][RENDERER/1] file:///D:/%E4%B8%8A%E4%BD%8D%E6%9C%BA%E7%95%8C%E9%9D%A2%E5%8E%9F%E5%9E%8B%E7%89%88/flame-detector-bench-desktop/dist/assets/index-A9TaTnGI.js:264 [WaveformDiag][UI] kind=delta wireAgeMs=103 payloadAgeMs=103 D1{on=0,total=0,delta=0,lastAgeMs=598,reset=0} D2{on=0,total=0,delta=0,lastAgeMs=596,reset=0} D3{on=0,total=0,delta=0,lastAgeMs=594,reset=0} D4{on=0,total=0,delta=0,lastAgeMs=584,reset=0} D5{on=0,total=0,delta=0,lastAgeMs=573,reset=0} D6{on=0,total=0,delta=0,lastAgeMs=572,reset=0}
[2026-09-09T08:40:21.053Z][STDOUT] [WaveformDiag][WS] mode=delta clients=2 resync=0 maxBuffered=0 stateAgeMs=0 D1{on=0,ready=0,sync=0,startup=MODE_SWITCH_OK,attempts=1,streak=0,firstAgeMs=-1,readyAgeMs=-1,total=0,delta=0,hist=0,lastAgeMs=1796,reset=0} D2{on=0,ready=0,sync=0,startup=MODE_SWITCH_OK,attempts=1,streak=0,firstAgeMs=-1,readyAgeMs=-1,total=0,delta=0,hist=0,lastAgeMs=1794,reset=0} D3{on=0,ready=0,sync=0,startup=MODE_SWITCH_OK,attempts=1,streak=0,firstAgeMs=-1,readyAgeMs=-1,total=0,delta=0,hist=0,lastAgeMs=1792,reset=0} D4{on=0,ready=0,sync=0,startup=MODE_SWITCH_OK,attempts=1,streak=0,firstAgeMs=-1,readyAgeMs=-1,total=0,delta=0,hist=0,lastAgeMs=1782,reset=0} D5{on=0,ready=0,sync=0,startup=MODE_SWITCH_OK,attempts=1,streak=0,firstAgeMs=-1,readyAgeMs=-1,total=0,delta=0,hist=0,lastAgeMs=1771,reset=0} D6{on=0,ready=0,sync=0,startup=MODE_SWITCH_OK,attempts=1,streak=0,firstAgeMs=-1,readyAgeMs=-1,total=0,delta=0,hist=0,lastAgeMs=1770,reset=0}
[2026-09-09T08:40:21.059Z][RENDERER/1] file:///D:/%E4%B8%8A%E4%BD%8D%E6%9C%BA%E7%95%8C%E9%9D%A2%E5%8E%9F%E5%9E%8B%E7%89%88/flame-detector-bench-desktop/dist/assets/index-A9TaTnGI.js:264 [WaveformDiag][UI] kind=delta wireAgeMs=5 payloadAgeMs=5 D1{on=0,total=0,delta=0,lastAgeMs=1801,reset=0} D2{on=0,total=0,delta=0,lastAgeMs=1799,reset=0} D3{on=0,total=0,delta=0,lastAgeMs=1797,reset=0} D4{on=0,total=0,delta=0,lastAgeMs=1787,reset=0} D5{on=0,total=0,delta=0,lastAgeMs=1776,reset=0} D6{on=0,total=0,delta=0,lastAgeMs=1775,reset=0}
[2026-09-09T08:40:22.107Z][STDOUT] [WaveformDiag][WS] mode=delta clients=2 resync=0 maxBuffered=0 stateAgeMs=0 D1{on=0,ready=0,sync=0,startup=MODE_SWITCH_OK,attempts=1,streak=0,firstAgeMs=-1,readyAgeMs=-1,total=0,delta=0,hist=0,lastAgeMs=2851,reset=0} D2{on=0,ready=0,sync=0,startup=MODE_SWITCH_OK,attempts=1,streak=0,firstAgeMs=-1,readyAgeMs=-1,total=0,delta=0,hist=0,lastAgeMs=2849,reset=0} D3{on=0,ready=0,sync=0,startup=MODE_SWITCH_OK,attempts=1,streak=0,firstAgeMs=-1,readyAgeMs=-1,total=0,delta=0,hist=0,lastAgeMs=2847,reset=0} D4{on=0,ready=0,sync=0,startup=MODE_SWITCH_OK,attempts=1,streak=0,firstAgeMs=-1,readyAgeMs=-1,total=0,delta=0,hist=0,lastAgeMs=2837,reset=0} D5{on=0,ready=0,sync=0,startup=MODE_SWITCH_OK,attempts=1,streak=0,firstAgeMs=-1,readyAgeMs=-1,total=0,delta=0,hist=0,lastAgeMs=2826,reset=0} D6{on=0,ready=0,sync=0,startup=MODE_SWITCH_OK,attempts=1,streak=0,firstAgeMs=-1,readyAgeMs=-1,total=0,delta=0,hist=0,lastAgeMs=2825,reset=0}
[2026-09-09T08:40:22.113Z][RENDERER/1] file:///D:/%E4%B8%8A%E4%BD%8D%E6%9C%BA%E7%95%8C%E9%9D%A2%E5%8E%9F%E5%9E%8B%E7%89%88/flame-detector-bench-desktop/dist/assets/index-A9TaTnGI.js:264 [WaveformDiag][UI] kind=delta wireAgeMs=5 payloadAgeMs=5 D1{on=0,total=0,delta=0,lastAgeMs=2856,reset=0} D2{on=0,total=0,delta=0,lastAgeMs=2854,reset=0} D3{on=0,total=0,delta=0,lastAgeMs=2852,reset=0} D4{on=0,total=0,delta=0,lastAgeMs=2842,reset=0} D5{on=0,total=0,delta=0,lastAgeMs=2831,reset=0} D6{on=0,total=0,delta=0,lastAgeMs=2830,reset=0}
[2026-09-09T08:40:22.745Z][STDOUT] [FlameService] 设备 1 发送波形模式切换请求 (模式 1, 持续重试第 1 次)
[2026-09-09T08:40:22.747Z][STDOUT] [FlameService] 设备 1 波形模式切换已确认，继续等待波形数据
[2026-09-09T08:40:22.749Z][STDOUT] [FlameService] 设备 1 发送模式切换指令已确认
[2026-09-09T08:40:23.253Z][STDOUT] [WaveformDiag][WS] mode=delta clients=2 resync=0 maxBuffered=0 stateAgeMs=107 D1{on=0,ready=0,sync=0,startup=MODE_SWITCH_OK,attempts=1,streak=0,firstAgeMs=-1,readyAgeMs=-1,total=0,delta=0,hist=0,lastAgeMs=503,reset=0} D2{on=0,ready=0,sync=0,startup=MODE_SWITCH_OK,attempts=1,streak=0,firstAgeMs=-1,readyAgeMs=-1,total=0,delta=0,hist=0,lastAgeMs=3994,reset=0} D3{on=0,ready=0,sync=0,startup=MODE_SWITCH_OK,attempts=1,streak=0,firstAgeMs=-1,readyAgeMs=-1,total=0,delta=0,hist=0,lastAgeMs=3992,reset=0} D4{on=0,ready=0,sync=0,startup=MODE_SWITCH_OK,attempts=1,streak=0,firstAgeMs=-1,readyAgeMs=-1,total=0,delta=0,hist=0,lastAgeMs=3982,reset=0} D5{on=0,ready=0,sync=0,startup=MODE_SWITCH_OK,attempts=1,streak=0,firstAgeMs=-1,readyAgeMs=-1,total=0,delta=0,hist=0,lastAgeMs=3971,reset=0} D6{on=0,ready=0,sync=0,startup=MODE_SWITCH_OK,attempts=1,streak=0,firstAgeMs=-1,readyAgeMs=-1,total=0,delta=0,hist=0,lastAgeMs=3970,reset=0}
[2026-09-09T08:40:23.257Z][RENDERER/1] file:///D:/%E4%B8%8A%E4%BD%8D%E6%9C%BA%E7%95%8C%E9%9D%A2%E5%8E%9F%E5%9E%8B%E7%89%88/flame-detector-bench-desktop/dist/assets/index-A9TaTnGI.js:264 [WaveformDiag][UI] kind=delta wireAgeMs=112 payloadAgeMs=112 D1{on=0,total=0,delta=0,lastAgeMs=508,reset=0} D2{on=0,total=0,delta=0,lastAgeMs=3999,reset=0} D3{on=0,total=0,delta=0,lastAgeMs=3997,reset=0} D4{on=0,total=0,delta=0,lastAgeMs=3987,reset=0} D5{on=0,total=0,delta=0,lastAgeMs=3976,reset=0} D6{on=0,total=0,delta=0,lastAgeMs=3975,reset=0}
[2026-09-09T08:40:23.438Z][STDOUT] [FlameService] 设备 3 发送波形模式切换请求 (模式 1, 持续重试第 1 次)
[2026-09-09T08:40:23.440Z][STDOUT] [FlameService] 设备 3 波形模式切换已确认，继续等待波形数据
[2026-09-09T08:40:23.443Z][STDOUT] [FlameService] 设备 3 发送模式切换指令已确认
[2026-09-09T08:40:23.468Z][STDOUT] [FlameService] 设备 5 发送波形模式切换请求 (模式 1, 持续重试第 1 次)
[2026-09-09T08:40:23.470Z][STDOUT] [FlameService] 设备 5 波形模式切换已确认，继续等待波形数据
[2026-09-09T08:40:23.471Z][STDOUT] [FlameService] 设备 5 发送模式切换指令已确认
[2026-09-09T08:40:23.472Z][STDOUT] [FlameService] 设备 2 发送波形模式切换请求 (模式 1, 持续重试第 1 次)
[2026-09-09T08:40:23.472Z][STDOUT] [FlameService] 设备 2 波形模式切换已确认，继续等待波形数据
[2026-09-09T08:40:23.473Z][STDOUT] [FlameService] 设备 2 发送模式切换指令已确认
[2026-09-09T08:40:23.474Z][STDOUT] [FlameService] 设备 6 发送波形模式切换请求 (模式 1, 持续重试第 1 次)
[2026-09-09T08:40:23.474Z][STDOUT] [FlameService] 设备 6 波形模式切换已确认，继续等待波形数据
[2026-09-09T08:40:23.475Z][STDOUT] [FlameService] 设备 6 发送模式切换指令已确认
[2026-09-09T08:40:24.055Z][STDOUT] [FlameService] 设备 4 发送波形模式切换请求 (模式 1, 持续重试第 1 次)
[2026-09-09T08:40:24.057Z][STDOUT] [FlameService] 设备 4 波形模式切换已确认，继续等待波形数据
[2026-09-09T08:40:24.061Z][STDOUT] [FlameService] 设备 4 发送模式切换指令已确认
[2026-09-09T08:40:24.318Z][STDOUT] [WaveformDiag][WS] mode=delta clients=2 resync=0 maxBuffered=0 stateAgeMs=151 D1{on=0,ready=0,sync=0,startup=MODE_SWITCH_OK,attempts=1,streak=0,firstAgeMs=-1,readyAgeMs=-1,total=0,delta=0,hist=0,lastAgeMs=1569,reset=0} D2{on=0,ready=0,sync=0,startup=MODE_SWITCH_OK,attempts=1,streak=0,firstAgeMs=-1,readyAgeMs=-1,total=0,delta=0,hist=0,lastAgeMs=845,reset=0} D3{on=0,ready=0,sync=0,startup=MODE_SWITCH_OK,attempts=1,streak=0,firstAgeMs=-1,readyAgeMs=-1,total=0,delta=0,hist=0,lastAgeMs=875,reset=0} D4{on=0,ready=0,sync=0,startup=MODE_SWITCH_OK,attempts=1,streak=0,firstAgeMs=-1,readyAgeMs=-1,total=0,delta=0,hist=0,lastAgeMs=257,reset=0} D5{on=0,ready=0,sync=0,startup=MODE_SWITCH_OK,attempts=1,streak=0,firstAgeMs=-1,readyAgeMs=-1,total=0,delta=0,hist=0,lastAgeMs=847,reset=0} D6{on=0,ready=0,sync=0,startup=MODE_SWITCH_OK,attempts=1,streak=0,firstAgeMs=-1,readyAgeMs=-1,total=0,delta=0,hist=0,lastAgeMs=843,reset=0}
[2026-09-09T08:40:24.324Z][RENDERER/1] file:///D:/%E4%B8%8A%E4%BD%8D%E6%9C%BA%E7%95%8C%E9%9D%A2%E5%8E%9F%E5%9E%8B%E7%89%88/flame-detector-bench-desktop/dist/assets/index-A9TaTnGI.js:264 [WaveformDiag][UI] kind=delta wireAgeMs=156 payloadAgeMs=156 D1{on=0,total=0,delta=0,lastAgeMs=1574,reset=0} D2{on=0,total=0,delta=0,lastAgeMs=850,reset=0} D3{on=0,total=0,delta=0,lastAgeMs=880,reset=0} D4{on=0,total=0,delta=0,lastAgeMs=262,reset=0} D5{on=0,total=0,delta=0,lastAgeMs=852,reset=0} D6{on=0,total=0,delta=0,lastAgeMs=848,reset=0}
[2026-09-09T08:40:25.477Z][STDOUT] [WaveformDiag][WS] mode=delta clients=2 resync=0 maxBuffered=0 stateAgeMs=1 D1{on=0,ready=0,sync=0,startup=MODE_SWITCH_OK,attempts=1,streak=0,firstAgeMs=-1,readyAgeMs=-1,total=0,delta=0,hist=0,lastAgeMs=2728,reset=0} D2{on=0,ready=0,sync=0,startup=MODE_SWITCH_OK,attempts=1,streak=0,firstAgeMs=-1,readyAgeMs=-1,total=0,delta=0,hist=0,lastAgeMs=2004,reset=0} D3{on=0,ready=0,sync=0,startup=MODE_SWITCH_OK,attempts=1,streak=0,firstAgeMs=-1,readyAgeMs=-1,total=0,delta=0,hist=0,lastAgeMs=2034,reset=0} D4{on=0,ready=0,sync=0,startup=MODE_SWITCH_OK,attempts=1,streak=0,firstAgeMs=-1,readyAgeMs=-1,total=0,delta=0,hist=0,lastAgeMs=1416,reset=0} D5{on=0,ready=0,sync=0,startup=MODE_SWITCH_OK,attempts=1,streak=0,firstAgeMs=-1,readyAgeMs=-1,total=0,delta=0,hist=0,lastAgeMs=2006,reset=0} D6{on=0,ready=0,sync=0,startup=MODE_SWITCH_OK,attempts=1,streak=0,firstAgeMs=-1,readyAgeMs=-1,total=0,delta=0,hist=0,lastAgeMs=2002,reset=0}
[2026-09-09T08:40:25.485Z][RENDERER/1] file:///D:/%E4%B8%8A%E4%BD%8D%E6%9C%BA%E7%95%8C%E9%9D%A2%E5%8E%9F%E5%9E%8B%E7%89%88/flame-detector-bench-desktop/dist/assets/index-A9TaTnGI.js:264 [WaveformDiag][UI] kind=delta wireAgeMs=9 payloadAgeMs=9 D1{on=0,total=0,delta=0,lastAgeMs=2736,reset=0} D2{on=0,total=0,delta=0,lastAgeMs=2012,reset=0} D3{on=0,total=0,delta=0,lastAgeMs=2042,reset=0} D4{on=0,total=0,delta=0,lastAgeMs=1424,reset=0} D5{on=0,total=0,delta=0,lastAgeMs=2014,reset=0} D6{on=0,total=0,delta=0,lastAgeMs=2010,reset=0}
[2026-09-09T08:40:26.512Z][STDOUT] [WaveformDiag][WS] mode=delta clients=2 resync=0 maxBuffered=0 stateAgeMs=0 D1{on=0,ready=0,sync=0,startup=MODE_SWITCH_OK,attempts=1,streak=0,firstAgeMs=-1,readyAgeMs=-1,total=0,delta=0,hist=0,lastAgeMs=3762,reset=0} D2{on=0,ready=0,sync=0,startup=MODE_SWITCH_OK,attempts=1,streak=0,firstAgeMs=-1,readyAgeMs=-1,total=0,delta=0,hist=0,lastAgeMs=3038,reset=0} D3{on=0,ready=0,sync=0,startup=MODE_SWITCH_OK,attempts=1,streak=0,firstAgeMs=-1,readyAgeMs=-1,total=0,delta=0,hist=0,lastAgeMs=3068,reset=0} D4{on=0,ready=0,sync=0,startup=MODE_SWITCH_OK,attempts=1,streak=0,firstAgeMs=-1,readyAgeMs=-1,total=0,delta=0,hist=0,lastAgeMs=2450,reset=0} D5{on=0,ready=0,sync=0,startup=MODE_SWITCH_OK,attempts=1,streak=0,firstAgeMs=-1,readyAgeMs=-1,total=0,delta=0,hist=0,lastAgeMs=3040,reset=0} D6{on=0,ready=0,sync=0,startup=MODE_SWITCH_OK,attempts=1,streak=0,firstAgeMs=-1,readyAgeMs=-1,total=0,delta=0,hist=0,lastAgeMs=3036,reset=0}
[2026-09-09T08:40:26.517Z][RENDERER/1] file:///D:/%E4%B8%8A%E4%BD%8D%E6%9C%BA%E7%95%8C%E9%9D%A2%E5%8E%9F%E5%9E%8B%E7%89%88/flame-detector-bench-desktop/dist/assets/index-A9TaTnGI.js:264 [WaveformDiag][UI] kind=delta wireAgeMs=5 payloadAgeMs=5 D1{on=0,total=0,delta=0,lastAgeMs=3767,reset=0} D2{on=0,total=0,delta=0,lastAgeMs=3043,reset=0} D3{on=0,total=0,delta=0,lastAgeMs=3073,reset=0} D4{on=0,total=0,delta=0,lastAgeMs=2455,reset=0} D5{on=0,total=0,delta=0,lastAgeMs=3045,reset=0} D6{on=0,total=0,delta=0,lastAgeMs=3041,reset=0}
[2026-09-09T08:40:27.548Z][STDOUT] [WaveformDiag][WS] mode=delta clients=2 resync=0 maxBuffered=0 stateAgeMs=0 D1{on=0,ready=0,sync=0,startup=MODE_SWITCH_OK,attempts=1,streak=0,firstAgeMs=-1,readyAgeMs=-1,total=0,delta=0,hist=0,lastAgeMs=4799,reset=0} D2{on=0,ready=0,sync=0,startup=MODE_SWITCH_OK,attempts=1,streak=0,firstAgeMs=-1,readyAgeMs=-1,total=0,delta=0,hist=0,lastAgeMs=4075,reset=0} D3{on=0,ready=0,sync=0,startup=MODE_SWITCH_OK,attempts=1,streak=0,firstAgeMs=-1,readyAgeMs=-1,total=0,delta=0,hist=0,lastAgeMs=4105,reset=0} D4{on=0,ready=0,sync=0,startup=MODE_SWITCH_OK,attempts=1,streak=0,firstAgeMs=-1,readyAgeMs=-1,total=0,delta=0,hist=0,lastAgeMs=3487,reset=0} D5{on=0,ready=0,sync=0,startup=MODE_SWITCH_OK,attempts=1,streak=0,firstAgeMs=-1,readyAgeMs=-1,total=0,delta=0,hist=0,lastAgeMs=4077,reset=0} D6{on=0,ready=0,sync=0,startup=MODE_SWITCH_OK,attempts=1,streak=0,firstAgeMs=-1,readyAgeMs=-1,total=0,delta=0,hist=0,lastAgeMs=4073,reset=0}
[2026-09-09T08:40:27.554Z][RENDERER/1] file:///D:/%E4%B8%8A%E4%BD%8D%E6%9C%BA%E7%95%8C%E9%9D%A2%E5%8E%9F%E5%9E%8B%E7%89%88/flame-detector-bench-desktop/dist/assets/index-A9TaTnGI.js:264 [WaveformDiag][UI] kind=delta wireAgeMs=5 payloadAgeMs=5 D1{on=0,total=0,delta=0,lastAgeMs=4804,reset=0} D2{on=0,total=0,delta=0,lastAgeMs=4080,reset=0} D3{on=0,total=0,delta=0,lastAgeMs=4110,reset=0} D4{on=0,total=0,delta=0,lastAgeMs=3492,reset=0} D5{on=0,total=0,delta=0,lastAgeMs=4082,reset=0} D6{on=0,total=0,delta=0,lastAgeMs=4078,reset=0}
[2026-09-09T08:40:28.568Z][STDOUT] [WaveformDiag][WS] mode=delta clients=2 resync=0 maxBuffered=0 stateAgeMs=0 D1{on=0,ready=0,sync=0,startup=MODE_SWITCH_OK,attempts=1,streak=0,firstAgeMs=-1,readyAgeMs=-1,total=0,delta=0,hist=0,lastAgeMs=5819,reset=0} D2{on=0,ready=0,sync=0,startup=MODE_SWITCH_OK,attempts=1,streak=0,firstAgeMs=-1,readyAgeMs=-1,total=0,delta=0,hist=0,lastAgeMs=5095,reset=0} D3{on=0,ready=0,sync=0,startup=MODE_SWITCH_OK,attempts=1,streak=0,firstAgeMs=-1,readyAgeMs=-1,total=0,delta=0,hist=0,lastAgeMs=5125,reset=0} D4{on=0,ready=0,sync=0,startup=MODE_SWITCH_OK,attempts=1,streak=0,firstAgeMs=-1,readyAgeMs=-1,total=0,delta=0,hist=0,lastAgeMs=4507,reset=0} D5{on=0,ready=0,sync=0,startup=MODE_SWITCH_OK,attempts=1,streak=0,firstAgeMs=-1,readyAgeMs=-1,total=0,delta=0,hist=0,lastAgeMs=5097,reset=0} D6{on=0,ready=0,sync=0,startup=MODE_SWITCH_OK,attempts=1,streak=0,firstAgeMs=-1,readyAgeMs=-1,total=0,delta=0,hist=0,lastAgeMs=5093,reset=0}
[2026-09-09T08:40:28.572Z][RENDERER/1] file:///D:/%E4%B8%8A%E4%BD%8D%E6%9C%BA%E7%95%8C%E9%9D%A2%E5%8E%9F%E5%9E%8B%E7%89%88/flame-detector-bench-desktop/dist/assets/index-A9TaTnGI.js:264 [WaveformDiag][UI] kind=delta wireAgeMs=3 payloadAgeMs=3 D1{on=0,total=0,delta=0,lastAgeMs=5822,reset=0} D2{on=0,total=0,delta=0,lastAgeMs=5098,reset=0} D3{on=0,total=0,delta=0,lastAgeMs=5128,reset=0} D4{on=0,total=0,delta=0,lastAgeMs=4510,reset=0} D5{on=0,total=0,delta=0,lastAgeMs=5100,reset=0} D6{on=0,total=0,delta=0,lastAgeMs=5096,reset=0}
[2026-09-09T08:40:29.621Z][STDOUT] [WaveformDiag][WS] mode=delta clients=2 resync=0 maxBuffered=0 stateAgeMs=0 D1{on=0,ready=0,sync=0,startup=MODE_SWITCH_OK,attempts=1,streak=0,firstAgeMs=-1,readyAgeMs=-1,total=0,delta=0,hist=0,lastAgeMs=6872,reset=0} D2{on=0,ready=0,sync=0,startup=MODE_SWITCH_OK,attempts=1,streak=0,firstAgeMs=-1,readyAgeMs=-1,total=0,delta=0,hist=0,lastAgeMs=6148,reset=0} D3{on=0,ready=0,sync=0,startup=MODE_SWITCH_OK,attempts=1,streak=0,firstAgeMs=-1,readyAgeMs=-1,total=0,delta=0,hist=0,lastAgeMs=6178,reset=0} D4{on=0,ready=0,sync=0,startup=MODE_SWITCH_OK,attempts=1,streak=0,firstAgeMs=-1,readyAgeMs=-1,total=0,delta=0,hist=0,lastAgeMs=5560,reset=0} D5{on=0,ready=0,sync=0,startup=MODE_SWITCH_OK,attempts=1,streak=0,firstAgeMs=-1,readyAgeMs=-1,total=0,delta=0,hist=0,lastAgeMs=6150,reset=0} D6{on=0,ready=0,sync=0,startup=MODE_SWITCH_OK,attempts=1,streak=0,firstAgeMs=-1,readyAgeMs=-1,total=0,delta=0,hist=0,lastAgeMs=6146,reset=0}
[2026-09-09T08:40:29.625Z][RENDERER/1] file:///D:/%E4%B8%8A%E4%BD%8D%E6%9C%BA%E7%95%8C%E9%9D%A2%E5%8E%9F%E5%9E%8B%E7%89%88/flame-detector-bench-desktop/dist/assets/index-A9TaTnGI.js:264 [WaveformDiag][UI] kind=delta wireAgeMs=3 payloadAgeMs=3 D1{on=0,total=0,delta=0,lastAgeMs=6875,reset=0} D2{on=0,total=0,delta=0,lastAgeMs=6151,reset=0} D3{on=0,total=0,delta=0,lastAgeMs=6181,reset=0} D4{on=0,total=0,delta=0,lastAgeMs=5563,reset=0} D5{on=0,total=0,delta=0,lastAgeMs=6153,reset=0} D6{on=0,total=0,delta=0,lastAgeMs=6149,reset=0}
[2026-09-09T08:40:30.658Z][STDOUT] [WaveformDiag][WS] mode=delta clients=2 resync=0 maxBuffered=0 stateAgeMs=0 D1{on=0,ready=0,sync=0,startup=MODE_SWITCH_OK,attempts=1,streak=0,firstAgeMs=-1,readyAgeMs=-1,total=0,delta=0,hist=0,lastAgeMs=7909,reset=0} D2{on=0,ready=0,sync=0,startup=MODE_SWITCH_OK,attempts=1,streak=0,firstAgeMs=-1,readyAgeMs=-1,total=0,delta=0,hist=0,lastAgeMs=7185,reset=0} D3{on=0,ready=0,sync=0,startup=MODE_SWITCH_OK,attempts=1,streak=0,firstAgeMs=-1,readyAgeMs=-1,total=0,delta=0,hist=0,lastAgeMs=7215,reset=0} D4{on=0,ready=0,sync=0,startup=MODE_SWITCH_OK,attempts=1,streak=0,firstAgeMs=-1,readyAgeMs=-1,total=0,delta=0,hist=0,lastAgeMs=6597,reset=0} D5{on=0,ready=0,sync=0,startup=MODE_SWITCH_OK,attempts=1,streak=0,firstAgeMs=-1,readyAgeMs=-1,total=0,delta=0,hist=0,lastAgeMs=7187,reset=0} D6{on=0,ready=0,sync=0,startup=MODE_SWITCH_OK,attempts=1,streak=0,firstAgeMs=-1,readyAgeMs=-1,total=0,delta=0,hist=0,lastAgeMs=7183,reset=0}
[2026-09-09T08:40:30.661Z][RENDERER/1] file:///D:/%E4%B8%8A%E4%BD%8D%E6%9C%BA%E7%95%8C%E9%9D%A2%E5%8E%9F%E5%9E%8B%E7%89%88/flame-detector-bench-desktop/dist/assets/index-A9TaTnGI.js:264 [WaveformDiag][UI] kind=delta wireAgeMs=3 payloadAgeMs=3 D1{on=0,total=0,delta=0,lastAgeMs=7912,reset=0} D2{on=0,total=0,delta=0,lastAgeMs=7188,reset=0} D3{on=0,total=0,delta=0,lastAgeMs=7218,reset=0} D4{on=0,total=0,delta=0,lastAgeMs=6600,reset=0} D5{on=0,total=0,delta=0,lastAgeMs=7190,reset=0} D6{on=0,total=0,delta=0,lastAgeMs=7186,reset=0}
[2026-09-09T08:40:31.697Z][STDOUT] [WaveformDiag][WS] mode=delta clients=2 resync=0 maxBuffered=0 stateAgeMs=1 D1{on=0,ready=0,sync=0,startup=MODE_SWITCH_OK,attempts=1,streak=0,firstAgeMs=-1,readyAgeMs=-1,total=0,delta=0,hist=0,lastAgeMs=8948,reset=0} D2{on=0,ready=0,sync=0,startup=MODE_SWITCH_OK,attempts=1,streak=0,firstAgeMs=-1,readyAgeMs=-1,total=0,delta=0,hist=0,lastAgeMs=8224,reset=0} D3{on=0,ready=0,sync=0,startup=MODE_SWITCH_OK,attempts=1,streak=0,firstAgeMs=-1,readyAgeMs=-1,total=0,delta=0,hist=0,lastAgeMs=8254,reset=0} D4{on=0,ready=0,sync=0,startup=MODE_SWITCH_OK,attempts=1,streak=0,firstAgeMs=-1,readyAgeMs=-1,total=0,delta=0,hist=0,lastAgeMs=7636,reset=0} D5{on=0,ready=0,sync=0,startup=MODE_SWITCH_OK,attempts=1,streak=0,firstAgeMs=-1,readyAgeMs=-1,total=0,delta=0,hist=0,lastAgeMs=8226,reset=0} D6{on=0,ready=0,sync=0,startup=MODE_SWITCH_OK,attempts=1,streak=0,firstAgeMs=-1,readyAgeMs=-1,total=0,delta=0,hist=0,lastAgeMs=8222,reset=0}
[2026-09-09T08:40:31.739Z][RENDERER/1] file:///D:/%E4%B8%8A%E4%BD%8D%E6%9C%BA%E7%95%8C%E9%9D%A2%E5%8E%9F%E5%9E%8B%E7%89%88/flame-detector-bench-desktop/dist/assets/index-A9TaTnGI.js:264 [WaveformDiag][UI] kind=delta wireAgeMs=11 payloadAgeMs=11 D1{on=0,total=0,delta=0,lastAgeMs=8958,reset=0} D2{on=0,total=0,delta=0,lastAgeMs=8234,reset=0} D3{on=0,total=0,delta=0,lastAgeMs=8264,reset=0} D4{on=0,total=0,delta=0,lastAgeMs=7646,reset=0} D5{on=0,total=0,delta=0,lastAgeMs=8236,reset=0} D6{on=0,total=0,delta=0,lastAgeMs=8232,reset=0}
[2026-09-09T08:40:32.742Z][STDOUT] [WaveformDiag][WS] mode=delta clients=2 resync=0 maxBuffered=0 stateAgeMs=0 D1{on=0,ready=0,sync=0,startup=MODE_SWITCH_OK,attempts=1,streak=0,firstAgeMs=-1,readyAgeMs=-1,total=0,delta=0,hist=0,lastAgeMs=9993,reset=0} D2{on=0,ready=0,sync=0,startup=MODE_SWITCH_OK,attempts=1,streak=0,firstAgeMs=-1,readyAgeMs=-1,total=0,delta=0,hist=0,lastAgeMs=9269,reset=0} D3{on=0,ready=0,sync=0,startup=MODE_SWITCH_OK,attempts=1,streak=0,firstAgeMs=-1,readyAgeMs=-1,total=0,delta=0,hist=0,lastAgeMs=9299,reset=0} D4{on=0,ready=0,sync=0,startup=MODE_SWITCH_OK,attempts=1,streak=0,firstAgeMs=-1,readyAgeMs=-1,total=0,delta=0,hist=0,lastAgeMs=8681,reset=0} D5{on=0,ready=0,sync=0,startup=MODE_SWITCH_OK,attempts=1,streak=0,firstAgeMs=-1,readyAgeMs=-1,total=0,delta=0,hist=0,lastAgeMs=9271,reset=0} D6{on=0,ready=0,sync=0,startup=MODE_SWITCH_OK,attempts=1,streak=0,firstAgeMs=-1,readyAgeMs=-1,total=0,delta=0,hist=0,lastAgeMs=9267,reset=0}
[2026-09-09T08:40:32.744Z][RENDERER/1] file:///D:/%E4%B8%8A%E4%BD%8D%E6%9C%BA%E7%95%8C%E9%9D%A2%E5%8E%9F%E5%9E%8B%E7%89%88/flame-detector-bench-desktop/dist/assets/index-A9TaTnGI.js:264 [WaveformDiag][UI] kind=delta wireAgeMs=1 payloadAgeMs=1 D1{on=0,total=0,delta=0,lastAgeMs=9994,reset=0} D2{on=0,total=0,delta=0,lastAgeMs=9270,reset=0} D3{on=0,total=0,delta=0,lastAgeMs=9300,reset=0} D4{on=0,total=0,delta=0,lastAgeMs=8682,reset=0} D5{on=0,total=0,delta=0,lastAgeMs=9272,reset=0} D6{on=0,total=0,delta=0,lastAgeMs=9268,reset=0}
[2026-09-09T08:40:32.763Z][STDOUT] [FlameService] 设备 1 发送波形模式切换请求 (模式 1, 持续重试第 1 次)
[2026-09-09T08:40:32.763Z][STDOUT] [FlameService] 设备 1 波形模式切换已确认，继续等待波形数据
[2026-09-09T08:40:32.764Z][STDOUT] [FlameService] 设备 1 发送模式切换指令已确认
[2026-09-09T08:40:33.456Z][STDOUT] [FlameService] 设备 3 发送波形模式切换请求 (模式 1, 持续重试第 1 次)
[2026-09-09T08:40:33.465Z][STDOUT] [FlameService] 设备 3 波形模式切换已确认，继续等待波形数据
[2026-09-09T08:40:33.466Z][STDOUT] [FlameService] 设备 3 发送模式切换指令已确认
[2026-09-09T08:40:33.487Z][STDOUT] [FlameService] 设备 5 发送波形模式切换请求 (模式 1, 持续重试第 1 次)
[2026-09-09T08:40:33.492Z][STDOUT] [FlameService] 设备 5 波形模式切换已确认，继续等待波形数据
[2026-09-09T08:40:33.493Z][STDOUT] [FlameService] 设备 5 发送模式切换指令已确认
[2026-09-09T08:40:33.494Z][STDOUT] [FlameService] 设备 2 发送波形模式切换请求 (模式 1, 持续重试第 1 次)
[2026-09-09T08:40:33.495Z][STDOUT] [FlameService] 设备 2 波形模式切换已确认，继续等待波形数据
[2026-09-09T08:40:33.495Z][STDOUT] [FlameService] 设备 2 发送模式切换指令已确认
[2026-09-09T08:40:33.496Z][STDOUT] [FlameService] 设备 6 发送波形模式切换请求 (模式 1, 持续重试第 1 次)
[2026-09-09T08:40:33.496Z][STDOUT] [FlameService] 设备 6 波形模式切换已确认，继续等待波形数据
[2026-09-09T08:40:33.497Z][STDOUT] [FlameService] 设备 6 发送模式切换指令已确认
[2026-09-09T08:40:33.782Z][STDOUT] [WaveformDiag][WS] mode=delta clients=2 resync=0 maxBuffered=0 stateAgeMs=0 D1{on=0,ready=0,sync=0,startup=MODE_SWITCH_OK,attempts=1,streak=0,firstAgeMs=-1,readyAgeMs=-1,total=0,delta=0,hist=0,lastAgeMs=1018,reset=0} D2{on=0,ready=0,sync=0,startup=MODE_SWITCH_OK,attempts=1,streak=0,firstAgeMs=-1,readyAgeMs=-1,total=0,delta=0,hist=0,lastAgeMs=287,reset=0} D3{on=0,ready=0,sync=0,startup=MODE_SWITCH_OK,attempts=1,streak=0,firstAgeMs=-1,readyAgeMs=-1,total=0,delta=0,hist=0,lastAgeMs=316,reset=0} D4{on=0,ready=0,sync=0,startup=MODE_SWITCH_OK,attempts=1,streak=0,firstAgeMs=-1,readyAgeMs=-1,total=0,delta=0,hist=0,lastAgeMs=9721,reset=0} D5{on=0,ready=0,sync=0,startup=MODE_SWITCH_OK,attempts=1,streak=0,firstAgeMs=-1,readyAgeMs=-1,total=0,delta=0,hist=0,lastAgeMs=289,reset=0} D6{on=0,ready=0,sync=0,startup=MODE_SWITCH_OK,attempts=1,streak=0,firstAgeMs=-1,readyAgeMs=-1,total=0,delta=0,hist=0,lastAgeMs=285,reset=0}
[2026-09-09T08:40:33.791Z][RENDERER/1] file:///D:/%E4%B8%8A%E4%BD%8D%E6%9C%BA%E7%95%8C%E9%9D%A2%E5%8E%9F%E5%9E%8B%E7%89%88/flame-detector-bench-desktop/dist/assets/index-A9TaTnGI.js:264 [WaveformDiag][UI] kind=delta wireAgeMs=8 payloadAgeMs=8 D1{on=0,total=0,delta=0,lastAgeMs=1026,reset=0} D2{on=0,total=0,delta=0,lastAgeMs=295,reset=0} D3{on=0,total=0,delta=0,lastAgeMs=324,reset=0} D4{on=0,total=0,delta=0,lastAgeMs=9729,reset=0} D5{on=0,total=0,delta=0,lastAgeMs=297,reset=0} D6{on=0,total=0,delta=0,lastAgeMs=293,reset=0}
[2026-09-09T08:40:34.075Z][STDOUT] [FlameService] 设备 4 发送波形模式切换请求 (模式 1, 持续重试第 1 次)
[2026-09-09T08:40:34.076Z][STDOUT] [FlameService] 设备 4 波形模式切换已确认，继续等待波形数据
[2026-09-09T08:40:34.079Z][STDOUT] [FlameService] 设备 4 发送模式切换指令已确认
[2026-09-09T08:40:34.862Z][STDOUT] [WaveformDiag][WS] mode=delta clients=2 resync=0 maxBuffered=0 stateAgeMs=31 D1{on=0,ready=0,sync=0,startup=MODE_SWITCH_OK,attempts=1,streak=0,firstAgeMs=-1,readyAgeMs=-1,total=0,delta=0,hist=0,lastAgeMs=2098,reset=0} D2{on=0,ready=0,sync=0,startup=MODE_SWITCH_OK,attempts=1,streak=0,firstAgeMs=-1,readyAgeMs=-1,total=0,delta=0,hist=0,lastAgeMs=1367,reset=0} D3{on=0,ready=0,sync=0,startup=MODE_SWITCH_OK,attempts=1,streak=0,firstAgeMs=-1,readyAgeMs=-1,total=0,delta=0,hist=0,lastAgeMs=1396,reset=0} D4{on=0,ready=0,sync=0,startup=MODE_SWITCH_OK,attempts=1,streak=0,firstAgeMs=-1,readyAgeMs=-1,total=0,delta=0,hist=0,lastAgeMs=783,reset=0} D5{on=0,ready=0,sync=0,startup=MODE_SWITCH_OK,attempts=1,streak=0,firstAgeMs=-1,readyAgeMs=-1,total=0,delta=0,hist=0,lastAgeMs=1369,reset=0} D6{on=0,ready=0,sync=0,startup=MODE_SWITCH_OK,attempts=1,streak=0,firstAgeMs=-1,readyAgeMs=-1,total=0,delta=0,hist=0,lastAgeMs=1365,reset=0}
[2026-09-09T08:40:34.874Z][RENDERER/1] file:///D:/%E4%B8%8A%E4%BD%8D%E6%9C%BA%E7%95%8C%E9%9D%A2%E5%8E%9F%E5%9E%8B%E7%89%88/flame-detector-bench-desktop/dist/assets/index-A9TaTnGI.js:264 [WaveformDiag][UI] kind=delta wireAgeMs=42 payloadAgeMs=42 D1{on=0,total=0,delta=0,lastAgeMs=2109,reset=0} D2{on=0,total=0,delta=0,lastAgeMs=1378,reset=0} D3{on=0,total=0,delta=0,lastAgeMs=1407,reset=0} D4{on=0,total=0,delta=0,lastAgeMs=794,reset=0} D5{on=0,total=0,delta=0,lastAgeMs=1380,reset=0} D6{on=0,total=0,delta=0,lastAgeMs=1376,reset=0}
[2026-09-09T08:40:35.866Z][STDOUT] [WaveformDiag][WS] mode=delta clients=2 resync=0 maxBuffered=0 stateAgeMs=0 D1{on=0,ready=0,sync=0,startup=MODE_SWITCH_OK,attempts=1,streak=0,firstAgeMs=-1,readyAgeMs=-1,total=0,delta=0,hist=0,lastAgeMs=3102,reset=0} D2{on=0,ready=0,sync=0,startup=MODE_SWITCH_OK,attempts=1,streak=0,firstAgeMs=-1,readyAgeMs=-1,total=0,delta=0,hist=0,lastAgeMs=2371,reset=0} D3{on=0,ready=0,sync=0,startup=MODE_SWITCH_OK,attempts=1,streak=0,firstAgeMs=-1,readyAgeMs=-1,total=0,delta=0,hist=0,lastAgeMs=2400,reset=0} D4{on=0,ready=0,sync=0,startup=MODE_SWITCH_OK,attempts=1,streak=0,firstAgeMs=-1,readyAgeMs=-1,total=0,delta=0,hist=0,lastAgeMs=1787,reset=0} D5{on=0,ready=0,sync=0,startup=MODE_SWITCH_OK,attempts=1,streak=0,firstAgeMs=-1,readyAgeMs=-1,total=0,delta=0,hist=0,lastAgeMs=2373,reset=0} D6{on=0,ready=0,sync=0,startup=MODE_SWITCH_OK,attempts=1,streak=0,firstAgeMs=-1,readyAgeMs=-1,total=0,delta=0,hist=0,lastAgeMs=2369,reset=0}
[2026-09-09T08:40:35.874Z][RENDERER/1] file:///D:/%E4%B8%8A%E4%BD%8D%E6%9C%BA%E7%95%8C%E9%9D%A2%E5%8E%9F%E5%9E%8B%E7%89%88/flame-detector-bench-desktop/dist/assets/index-A9TaTnGI.js:264 [WaveformDiag][UI] kind=delta wireAgeMs=7 payloadAgeMs=7 D1{on=0,total=0,delta=0,lastAgeMs=3109,reset=0} D2{on=0,total=0,delta=0,lastAgeMs=2378,reset=0} D3{on=0,total=0,delta=0,lastAgeMs=2407,reset=0} D4{on=0,total=0,delta=0,lastAgeMs=1794,reset=0} D5{on=0,total=0,delta=0,lastAgeMs=2380,reset=0} D6{on=0,total=0,delta=0,lastAgeMs=2376,reset=0}
[2026-09-09T08:40:36.896Z][STDOUT] [WaveformDiag][WS] mode=delta clients=2 resync=0 maxBuffered=0 stateAgeMs=0 D1{on=0,ready=0,sync=0,startup=MODE_SWITCH_OK,attempts=1,streak=0,firstAgeMs=-1,readyAgeMs=-1,total=0,delta=0,hist=0,lastAgeMs=4132,reset=0} D2{on=0,ready=0,sync=0,startup=MODE_SWITCH_OK,attempts=1,streak=0,firstAgeMs=-1,readyAgeMs=-1,total=0,delta=0,hist=0,lastAgeMs=3401,reset=0} D3{on=0,ready=0,sync=0,startup=MODE_SWITCH_OK,attempts=1,streak=0,firstAgeMs=-1,readyAgeMs=-1,total=0,delta=0,hist=0,lastAgeMs=3430,reset=0} D4{on=0,ready=0,sync=0,startup=MODE_SWITCH_OK,attempts=1,streak=0,firstAgeMs=-1,readyAgeMs=-1,total=0,delta=0,hist=0,lastAgeMs=2817,reset=0} D5{on=0,ready=0,sync=0,startup=MODE_SWITCH_OK,attempts=1,streak=0,firstAgeMs=-1,readyAgeMs=-1,total=0,delta=0,hist=0,lastAgeMs=3403,reset=0} D6{on=0,ready=0,sync=0,startup=MODE_SWITCH_OK,attempts=1,streak=0,firstAgeMs=-1,readyAgeMs=-1,total=0,delta=0,hist=0,lastAgeMs=3399,reset=0}
[2026-09-09T08:40:36.901Z][RENDERER/1] file:///D:/%E4%B8%8A%E4%BD%8D%E6%9C%BA%E7%95%8C%E9%9D%A2%E5%8E%9F%E5%9E%8B%E7%89%88/flame-detector-bench-desktop/dist/assets/index-A9TaTnGI.js:264 [WaveformDiag][UI] kind=delta wireAgeMs=4 payloadAgeMs=4 D1{on=0,total=0,delta=0,lastAgeMs=4136,reset=0} D2{on=0,total=0,delta=0,lastAgeMs=3405,reset=0} D3{on=0,total=0,delta=0,lastAgeMs=3434,reset=0} D4{on=0,total=0,delta=0,lastAgeMs=2821,reset=0} D5{on=0,total=0,delta=0,lastAgeMs=3407,reset=0} D6{on=0,total=0,delta=0,lastAgeMs=3403,reset=0}
[2026-09-09T08:40:37.917Z][STDOUT] [WaveformDiag][WS] mode=delta clients=2 resync=0 maxBuffered=0 stateAgeMs=0 D1{on=0,ready=0,sync=0,startup=MODE_SWITCH_OK,attempts=1,streak=0,firstAgeMs=-1,readyAgeMs=-1,total=0,delta=0,hist=0,lastAgeMs=5153,reset=0} D2{on=0,ready=0,sync=0,startup=MODE_SWITCH_OK,attempts=1,streak=0,firstAgeMs=-1,readyAgeMs=-1,total=0,delta=0,hist=0,lastAgeMs=4422,reset=0} D3{on=0,ready=0,sync=0,startup=MODE_SWITCH_OK,attempts=1,streak=0,firstAgeMs=-1,readyAgeMs=-1,total=0,delta=0,hist=0,lastAgeMs=4451,reset=0} D4{on=0,ready=0,sync=0,startup=MODE_SWITCH_OK,attempts=1,streak=0,firstAgeMs=-1,readyAgeMs=-1,total=0,delta=0,hist=0,lastAgeMs=3838,reset=0} D5{on=0,ready=0,sync=0,startup=MODE_SWITCH_OK,attempts=1,streak=0,firstAgeMs=-1,readyAgeMs=-1,total=0,delta=0,hist=0,lastAgeMs=4424,reset=0} D6{on=0,ready=0,sync=0,startup=MODE_SWITCH_OK,attempts=1,streak=0,firstAgeMs=-1,readyAgeMs=-1,total=0,delta=0,hist=0,lastAgeMs=4420,reset=0}
[2026-09-09T08:40:37.919Z][RENDERER/1] file:///D:/%E4%B8%8A%E4%BD%8D%E6%9C%BA%E7%95%8C%E9%9D%A2%E5%8E%9F%E5%9E%8B%E7%89%88/flame-detector-bench-desktop/dist/assets/index-A9TaTnGI.js:264 [WaveformDiag][UI] kind=delta wireAgeMs=1 payloadAgeMs=1 D1{on=0,total=0,delta=0,lastAgeMs=5154,reset=0} D2{on=0,total=0,delta=0,lastAgeMs=4423,reset=0} D3{on=0,total=0,delta=0,lastAgeMs=4452,reset=0} D4{on=0,total=0,delta=0,lastAgeMs=3839,reset=0} D5{on=0,total=0,delta=0,lastAgeMs=4425,reset=0} D6{on=0,total=0,delta=0,lastAgeMs=4421,reset=0}
[2026-09-09T08:40:38.646Z][STDOUT] [产品预检] 信号稳定阶段开始，前 15000ms 仅保持波形稳定，随后在稳定阶段后段执行预检 batch=field-waveform-1788943219240-14
[2026-09-09T08:40:38.984Z][STDOUT] [WaveformDiag][WS] mode=delta clients=2 resync=0 maxBuffered=0 stateAgeMs=1 D1{on=0,ready=0,sync=0,startup=MODE_SWITCH_OK,attempts=1,streak=0,firstAgeMs=-1,readyAgeMs=-1,total=0,delta=0,hist=0,lastAgeMs=6220,reset=0} D2{on=0,ready=0,sync=0,startup=MODE_SWITCH_OK,attempts=1,streak=0,firstAgeMs=-1,readyAgeMs=-1,total=0,delta=0,hist=0,lastAgeMs=5489,reset=0} D3{on=0,ready=0,sync=0,startup=MODE_SWITCH_OK,attempts=1,streak=0,firstAgeMs=-1,readyAgeMs=-1,total=0,delta=0,hist=0,lastAgeMs=5518,reset=0} D4{on=0,ready=0,sync=0,startup=MODE_SWITCH_OK,attempts=1,streak=0,firstAgeMs=-1,readyAgeMs=-1,total=0,delta=0,hist=0,lastAgeMs=4905,reset=0} D5{on=0,ready=0,sync=0,startup=MODE_SWITCH_OK,attempts=1,streak=0,firstAgeMs=-1,readyAgeMs=-1,total=0,delta=0,hist=0,lastAgeMs=5491,reset=0} D6{on=0,ready=0,sync=0,startup=MODE_SWITCH_OK,attempts=1,streak=0,firstAgeMs=-1,readyAgeMs=-1,total=0,delta=0,hist=0,lastAgeMs=5487,reset=0}
[2026-09-09T08:40:38.995Z][RENDERER/1] file:///D:/%E4%B8%8A%E4%BD%8D%E6%9C%BA%E7%95%8C%E9%9D%A2%E5%8E%9F%E5%9E%8B%E7%89%88/flame-detector-bench-desktop/dist/assets/index-A9TaTnGI.js:264 [WaveformDiag][UI] kind=delta wireAgeMs=10 payloadAgeMs=10 D1{on=0,total=0,delta=0,lastAgeMs=6229,reset=0} D2{on=0,total=0,delta=0,lastAgeMs=5498,reset=0} D3{on=0,total=0,delta=0,lastAgeMs=5527,reset=0} D4{on=0,total=0,delta=0,lastAgeMs=4914,reset=0} D5{on=0,total=0,delta=0,lastAgeMs=5500,reset=0} D6{on=0,total=0,delta=0,lastAgeMs=5496,reset=0}
[2026-09-09T08:40:40.032Z][STDOUT] [WaveformDiag][WS] mode=delta clients=2 resync=0 maxBuffered=0 stateAgeMs=0 D1{on=0,ready=0,sync=0,startup=MODE_SWITCH_OK,attempts=1,streak=0,firstAgeMs=-1,readyAgeMs=-1,total=0,delta=0,hist=0,lastAgeMs=7268,reset=0} D2{on=0,ready=0,sync=0,startup=MODE_SWITCH_OK,attempts=1,streak=0,firstAgeMs=-1,readyAgeMs=-1,total=0,delta=0,hist=0,lastAgeMs=6537,reset=0} D3{on=0,ready=0,sync=0,startup=MODE_SWITCH_OK,attempts=1,streak=0,firstAgeMs=-1,readyAgeMs=-1,total=0,delta=0,hist=0,lastAgeMs=6566,reset=0} D4{on=0,ready=0,sync=0,startup=MODE_SWITCH_OK,attempts=1,streak=0,firstAgeMs=-1,readyAgeMs=-1,total=0,delta=0,hist=0,lastAgeMs=5953,reset=0} D5{on=0,ready=0,sync=0,startup=MODE_SWITCH_OK,attempts=1,streak=0,firstAgeMs=-1,readyAgeMs=-1,total=0,delta=0,hist=0,lastAgeMs=6539,reset=0} D6{on=0,ready=0,sync=0,startup=MODE_SWITCH_OK,attempts=1,streak=0,firstAgeMs=-1,readyAgeMs=-1,total=0,delta=0,hist=0,lastAgeMs=6535,reset=0}
[2026-09-09T08:40:40.035Z][RENDERER/1] file:///D:/%E4%B8%8A%E4%BD%8D%E6%9C%BA%E7%95%8C%E9%9D%A2%E5%8E%9F%E5%9E%8B%E7%89%88/flame-detector-bench-desktop/dist/assets/index-A9TaTnGI.js:264 [WaveformDiag][UI] kind=delta wireAgeMs=2 payloadAgeMs=2 D1{on=0,total=0,delta=0,lastAgeMs=7270,reset=0} D2{on=0,total=0,delta=0,lastAgeMs=6539,reset=0} D3{on=0,total=0,delta=0,lastAgeMs=6568,reset=0} D4{on=0,total=0,delta=0,lastAgeMs=5955,reset=0} D5{on=0,total=0,delta=0,lastAgeMs=6541,reset=0} D6{on=0,total=0,delta=0,lastAgeMs=6537,reset=0}
[2026-09-09T08:40:41.069Z][STDOUT] [WaveformDiag][WS] mode=delta clients=2 resync=0 maxBuffered=0 stateAgeMs=1 D1{on=0,ready=0,sync=0,startup=MODE_SWITCH_OK,attempts=1,streak=0,firstAgeMs=-1,readyAgeMs=-1,total=0,delta=0,hist=0,lastAgeMs=8305,reset=0} D2{on=0,ready=0,sync=0,startup=MODE_SWITCH_OK,attempts=1,streak=0,firstAgeMs=-1,readyAgeMs=-1,total=0,delta=0,hist=0,lastAgeMs=7574,reset=0} D3{on=0,ready=0,sync=0,startup=MODE_SWITCH_OK,attempts=1,streak=0,firstAgeMs=-1,readyAgeMs=-1,total=0,delta=0,hist=0,lastAgeMs=7603,reset=0} D4{on=0,ready=0,sync=0,startup=MODE_SWITCH_OK,attempts=1,streak=0,firstAgeMs=-1,readyAgeMs=-1,total=0,delta=0,hist=0,lastAgeMs=6990,reset=0} D5{on=0,ready=0,sync=0,startup=MODE_SWITCH_OK,attempts=1,streak=0,firstAgeMs=-1,readyAgeMs=-1,total=0,delta=0,hist=0,lastAgeMs=7576,reset=0} D6{on=0,ready=0,sync=0,startup=MODE_SWITCH_OK,attempts=1,streak=0,firstAgeMs=-1,readyAgeMs=-1,total=0,delta=0,hist=0,lastAgeMs=7572,reset=0}
[2026-09-09T08:40:41.080Z][RENDERER/1] file:///D:/%E4%B8%8A%E4%BD%8D%E6%9C%BA%E7%95%8C%E9%9D%A2%E5%8E%9F%E5%9E%8B%E7%89%88/flame-detector-bench-desktop/dist/assets/index-A9TaTnGI.js:264 [WaveformDiag][UI] kind=delta wireAgeMs=11 payloadAgeMs=11 D1{on=0,total=0,delta=0,lastAgeMs=8315,reset=0} D2{on=0,total=0,delta=0,lastAgeMs=7584,reset=0} D3{on=0,total=0,delta=0,lastAgeMs=7613,reset=0} D4{on=0,total=0,delta=0,lastAgeMs=7000,reset=0} D5{on=0,total=0,delta=0,lastAgeMs=7586,reset=0} D6{on=0,total=0,delta=0,lastAgeMs=7582,reset=0}
[2026-09-09T08:40:42.120Z][STDOUT] [WaveformDiag][WS] mode=delta clients=2 resync=0 maxBuffered=0 stateAgeMs=1 D1{on=0,ready=0,sync=0,startup=MODE_SWITCH_OK,attempts=1,streak=0,firstAgeMs=-1,readyAgeMs=-1,total=0,delta=0,hist=0,lastAgeMs=9356,reset=0} D2{on=0,ready=0,sync=0,startup=MODE_SWITCH_OK,attempts=1,streak=0,firstAgeMs=-1,readyAgeMs=-1,total=0,delta=0,hist=0,lastAgeMs=8625,reset=0} D3{on=0,ready=0,sync=0,startup=MODE_SWITCH_OK,attempts=1,streak=0,firstAgeMs=-1,readyAgeMs=-1,total=0,delta=0,hist=0,lastAgeMs=8654,reset=0} D4{on=0,ready=0,sync=0,startup=MODE_SWITCH_OK,attempts=1,streak=0,firstAgeMs=-1,readyAgeMs=-1,total=0,delta=0,hist=0,lastAgeMs=8041,reset=0} D5{on=0,ready=0,sync=0,startup=MODE_SWITCH_OK,attempts=1,streak=0,firstAgeMs=-1,readyAgeMs=-1,total=0,delta=0,hist=0,lastAgeMs=8627,reset=0} D6{on=0,ready=0,sync=0,startup=MODE_SWITCH_OK,attempts=1,streak=0,firstAgeMs=-1,readyAgeMs=-1,total=0,delta=0,hist=0,lastAgeMs=8623,reset=0}
[2026-09-09T08:40:42.127Z][RENDERER/1] file:///D:/%E4%B8%8A%E4%BD%8D%E6%9C%BA%E7%95%8C%E9%9D%A2%E5%8E%9F%E5%9E%8B%E7%89%88/flame-detector-bench-desktop/dist/assets/index-A9TaTnGI.js:264 [WaveformDiag][UI] kind=delta wireAgeMs=7 payloadAgeMs=7 D1{on=0,total=0,delta=0,lastAgeMs=9362,reset=0} D2{on=0,total=0,delta=0,lastAgeMs=8631,reset=0} D3{on=0,total=0,delta=0,lastAgeMs=8660,reset=0} D4{on=0,total=0,delta=0,lastAgeMs=8047,reset=0} D5{on=0,total=0,delta=0,lastAgeMs=8633,reset=0} D6{on=0,total=0,delta=0,lastAgeMs=8629,reset=0}
[2026-09-09T08:40:42.768Z][STDOUT] [FlameService] 设备 1 发送波形模式切换请求 (模式 1, 持续重试第 1 次)
[2026-09-09T08:40:42.769Z][STDOUT] [FlameService] 设备 1 波形模式切换已确认，继续等待波形数据
[2026-09-09T08:40:42.770Z][STDOUT] [FlameService] 设备 1 发送模式切换指令已确认
[2026-09-09T08:40:43.276Z][STDOUT] [WaveformDiag][WS] mode=delta clients=2 resync=0 maxBuffered=0 stateAgeMs=108 D1{on=0,ready=0,sync=0,startup=MODE_SWITCH_OK,attempts=1,streak=0,firstAgeMs=-1,readyAgeMs=-1,total=0,delta=0,hist=0,lastAgeMs=506,reset=0} D2{on=0,ready=0,sync=0,startup=MODE_SWITCH_OK,attempts=1,streak=0,firstAgeMs=-1,readyAgeMs=-1,total=0,delta=0,hist=0,lastAgeMs=9781,reset=0} D3{on=0,ready=0,sync=0,startup=MODE_SWITCH_OK,attempts=1,streak=0,firstAgeMs=-1,readyAgeMs=-1,total=0,delta=0,hist=0,lastAgeMs=9810,reset=0} D4{on=0,ready=0,sync=0,startup=MODE_SWITCH_OK,attempts=1,streak=0,firstAgeMs=-1,readyAgeMs=-1,total=0,delta=0,hist=0,lastAgeMs=9197,reset=0} D5{on=0,ready=0,sync=0,startup=MODE_SWITCH_OK,attempts=1,streak=0,firstAgeMs=-1,readyAgeMs=-1,total=0,delta=0,hist=0,lastAgeMs=9783,reset=0} D6{on=0,ready=0,sync=0,startup=MODE_SWITCH_OK,attempts=1,streak=0,firstAgeMs=-1,readyAgeMs=-1,total=0,delta=0,hist=0,lastAgeMs=9779,reset=0}
[2026-09-09T08:40:43.278Z][RENDERER/1] file:///D:/%E4%B8%8A%E4%BD%8D%E6%9C%BA%E7%95%8C%E9%9D%A2%E5%8E%9F%E5%9E%8B%E7%89%88/flame-detector-bench-desktop/dist/assets/index-A9TaTnGI.js:264 [WaveformDiag][UI] kind=delta wireAgeMs=109 payloadAgeMs=109 D1{on=0,total=0,delta=0,lastAgeMs=507,reset=0} D2{on=0,total=0,delta=0,lastAgeMs=9782,reset=0} D3{on=0,total=0,delta=0,lastAgeMs=9811,reset=0} D4{on=0,total=0,delta=0,lastAgeMs=9198,reset=0} D5{on=0,total=0,delta=0,lastAgeMs=9784,reset=0} D6{on=0,total=0,delta=0,lastAgeMs=9780,reset=0}
[2026-09-09T08:40:43.477Z][STDOUT] [FlameService] 设备 3 发送波形模式切换请求 (模式 1, 持续重试第 1 次)
[2026-09-09T08:40:43.479Z][STDOUT] [FlameService] 设备 3 波形模式切换已确认，继续等待波形数据
[2026-09-09T08:40:43.482Z][STDOUT] [FlameService] 设备 3 发送模式切换指令已确认
[2026-09-09T08:40:43.494Z][STDOUT] [FlameService] 设备 5 发送波形模式切换请求 (模式 1, 持续重试第 1 次)
[2026-09-09T08:40:43.503Z][STDOUT] [FlameService] 设备 5 波形模式切换已确认，继续等待波形数据
[2026-09-09T08:40:43.504Z][STDOUT] [FlameService] 设备 5 发送模式切换指令已确认
[2026-09-09T08:40:43.518Z][STDOUT] [FlameService] 设备 2 发送波形模式切换请求 (模式 1, 持续重试第 1 次)
[2026-09-09T08:40:43.519Z][STDOUT] [FlameService] 设备 2 波形模式切换已确认，继续等待波形数据
[2026-09-09T08:40:43.519Z][STDOUT] [FlameService] 设备 2 发送模式切换指令已确认
[2026-09-09T08:40:43.520Z][STDOUT] [FlameService] 设备 6 发送波形模式切换请求 (模式 1, 持续重试第 1 次)
[2026-09-09T08:40:43.521Z][STDOUT] [FlameService] 设备 6 波形模式切换已确认，继续等待波形数据
[2026-09-09T08:40:43.521Z][STDOUT] [FlameService] 设备 6 发送模式切换指令已确认
[2026-09-09T08:40:44.092Z][STDOUT] [FlameService] 设备 4 发送波形模式切换请求 (模式 1, 持续重试第 1 次)
[2026-09-09T08:40:44.096Z][STDOUT] [FlameService] 设备 4 波形模式切换已确认，继续等待波形数据
[2026-09-09T08:40:44.104Z][STDOUT] [FlameService] 设备 4 发送模式切换指令已确认
[2026-09-09T08:40:44.352Z][STDOUT] [WaveformDiag][WS] mode=delta clients=2 resync=0 maxBuffered=0 stateAgeMs=158 D1{on=0,ready=0,sync=0,startup=MODE_SWITCH_OK,attempts=1,streak=0,firstAgeMs=-1,readyAgeMs=-1,total=0,delta=0,hist=0,lastAgeMs=1582,reset=0} D2{on=0,ready=0,sync=0,startup=MODE_SWITCH_OK,attempts=1,streak=0,firstAgeMs=-1,readyAgeMs=-1,total=0,delta=0,hist=0,lastAgeMs=833,reset=0} D3{on=0,ready=0,sync=0,startup=MODE_SWITCH_OK,attempts=1,streak=0,firstAgeMs=-1,readyAgeMs=-1,total=0,delta=0,hist=0,lastAgeMs=870,reset=0} D4{on=0,ready=0,sync=0,startup=MODE_SWITCH_OK,attempts=1,streak=0,firstAgeMs=-1,readyAgeMs=-1,total=0,delta=0,hist=0,lastAgeMs=248,reset=0} D5{on=0,ready=0,sync=0,startup=MODE_SWITCH_OK,attempts=1,streak=0,firstAgeMs=-1,readyAgeMs=-1,total=0,delta=0,hist=0,lastAgeMs=848,reset=0} D6{on=0,ready=0,sync=0,startup=MODE_SWITCH_OK,attempts=1,streak=0,firstAgeMs=-1,readyAgeMs=-1,total=0,delta=0,hist=0,lastAgeMs=831,reset=0}
[2026-09-09T08:40:44.355Z][RENDERER/1] file:///D:/%E4%B8%8A%E4%BD%8D%E6%9C%BA%E7%95%8C%E9%9D%A2%E5%8E%9F%E5%9E%8B%E7%89%88/flame-detector-bench-desktop/dist/assets/index-A9TaTnGI.js:264 [WaveformDiag][UI] kind=delta wireAgeMs=161 payloadAgeMs=161 D1{on=0,total=0,delta=0,lastAgeMs=1585,reset=0} D2{on=0,total=0,delta=0,lastAgeMs=836,reset=0} D3{on=0,total=0,delta=0,lastAgeMs=873,reset=0} D4{on=0,total=0,delta=0,lastAgeMs=251,reset=0} D5{on=0,total=0,delta=0,lastAgeMs=851,reset=0} D6{on=0,total=0,delta=0,lastAgeMs=834,reset=0}
[2026-09-09T08:40:45.498Z][STDOUT] [WaveformDiag][WS] mode=delta clients=2 resync=0 maxBuffered=0 stateAgeMs=0 D1{on=0,ready=0,sync=0,startup=MODE_SWITCH_OK,attempts=1,streak=0,firstAgeMs=-1,readyAgeMs=-1,total=0,delta=0,hist=0,lastAgeMs=2728,reset=0} D2{on=0,ready=0,sync=0,startup=MODE_SWITCH_OK,attempts=1,streak=0,firstAgeMs=-1,readyAgeMs=-1,total=0,delta=0,hist=0,lastAgeMs=1979,reset=0} D3{on=0,ready=0,sync=0,startup=MODE_SWITCH_OK,attempts=1,streak=0,firstAgeMs=-1,readyAgeMs=-1,total=0,delta=0,hist=0,lastAgeMs=2016,reset=0} D4{on=0,ready=0,sync=0,startup=MODE_SWITCH_OK,attempts=1,streak=0,firstAgeMs=-1,readyAgeMs=-1,total=0,delta=0,hist=0,lastAgeMs=1394,reset=0} D5{on=0,ready=0,sync=0,startup=MODE_SWITCH_OK,attempts=1,streak=0,firstAgeMs=-1,readyAgeMs=-1,total=0,delta=0,hist=0,lastAgeMs=1994,reset=0} D6{on=0,ready=0,sync=0,startup=MODE_SWITCH_OK,attempts=1,streak=0,firstAgeMs=-1,readyAgeMs=-1,total=0,delta=0,hist=0,lastAgeMs=1977,reset=0}
[2026-09-09T08:40:45.501Z][RENDERER/1] file:///D:/%E4%B8%8A%E4%BD%8D%E6%9C%BA%E7%95%8C%E9%9D%A2%E5%8E%9F%E5%9E%8B%E7%89%88/flame-detector-bench-desktop/dist/assets/index-A9TaTnGI.js:264 [WaveformDiag][UI] kind=delta wireAgeMs=1 payloadAgeMs=1 D1{on=0,total=0,delta=0,lastAgeMs=2729,reset=0} D2{on=0,total=0,delta=0,lastAgeMs=1980,reset=0} D3{on=0,total=0,delta=0,lastAgeMs=2017,reset=0} D4{on=0,total=0,delta=0,lastAgeMs=1395,reset=0} D5{on=0,total=0,delta=0,lastAgeMs=1995,reset=0} D6{on=0,total=0,delta=0,lastAgeMs=1978,reset=0}
[2026-09-09T08:40:46.526Z][STDOUT] [WaveformDiag][WS] mode=delta clients=2 resync=0 maxBuffered=0 stateAgeMs=0 D1{on=0,ready=0,sync=0,startup=MODE_SWITCH_OK,attempts=1,streak=0,firstAgeMs=-1,readyAgeMs=-1,total=0,delta=0,hist=0,lastAgeMs=3756,reset=0} D2{on=0,ready=0,sync=0,startup=MODE_SWITCH_OK,attempts=1,streak=0,firstAgeMs=-1,readyAgeMs=-1,total=0,delta=0,hist=0,lastAgeMs=3007,reset=0} D3{on=0,ready=0,sync=0,startup=MODE_SWITCH_OK,attempts=1,streak=0,firstAgeMs=-1,readyAgeMs=-1,total=0,delta=0,hist=0,lastAgeMs=3044,reset=0} D4{on=0,ready=0,sync=0,startup=MODE_SWITCH_OK,attempts=1,streak=0,firstAgeMs=-1,readyAgeMs=-1,total=0,delta=0,hist=0,lastAgeMs=2422,reset=0} D5{on=0,ready=0,sync=0,startup=MODE_SWITCH_OK,attempts=1,streak=0,firstAgeMs=-1,readyAgeMs=-1,total=0,delta=0,hist=0,lastAgeMs=3022,reset=0} D6{on=0,ready=0,sync=0,startup=MODE_SWITCH_OK,attempts=1,streak=0,firstAgeMs=-1,readyAgeMs=-1,total=0,delta=0,hist=0,lastAgeMs=3005,reset=0}
[2026-09-09T08:40:46.529Z][RENDERER/1] file:///D:/%E4%B8%8A%E4%BD%8D%E6%9C%BA%E7%95%8C%E9%9D%A2%E5%8E%9F%E5%9E%8B%E7%89%88/flame-detector-bench-desktop/dist/assets/index-A9TaTnGI.js:264 [WaveformDiag][UI] kind=delta wireAgeMs=2 payloadAgeMs=2 D1{on=0,total=0,delta=0,lastAgeMs=3758,reset=0} D2{on=0,total=0,delta=0,lastAgeMs=3009,reset=0} D3{on=0,total=0,delta=0,lastAgeMs=3046,reset=0} D4{on=0,total=0,delta=0,lastAgeMs=2424,reset=0} D5{on=0,total=0,delta=0,lastAgeMs=3024,reset=0} D6{on=0,total=0,delta=0,lastAgeMs=3007,reset=0}
[2026-09-09T08:40:47.579Z][STDOUT] [WaveformDiag][WS] mode=delta clients=2 resync=0 maxBuffered=0 stateAgeMs=0 D1{on=0,ready=0,sync=0,startup=MODE_SWITCH_OK,attempts=1,streak=0,firstAgeMs=-1,readyAgeMs=-1,total=0,delta=0,hist=0,lastAgeMs=4809,reset=0} D2{on=0,ready=0,sync=0,startup=MODE_SWITCH_OK,attempts=1,streak=0,firstAgeMs=-1,readyAgeMs=-1,total=0,delta=0,hist=0,lastAgeMs=4060,reset=0} D3{on=0,ready=0,sync=0,startup=MODE_SWITCH_OK,attempts=1,streak=0,firstAgeMs=-1,readyAgeMs=-1,total=0,delta=0,hist=0,lastAgeMs=4097,reset=0} D4{on=0,ready=0,sync=0,startup=MODE_SWITCH_OK,attempts=1,streak=0,firstAgeMs=-1,readyAgeMs=-1,total=0,delta=0,hist=0,lastAgeMs=3475,reset=0} D5{on=0,ready=0,sync=0,startup=MODE_SWITCH_OK,attempts=1,streak=0,firstAgeMs=-1,readyAgeMs=-1,total=0,delta=0,hist=0,lastAgeMs=4075,reset=0} D6{on=0,ready=0,sync=0,startup=MODE_SWITCH_OK,attempts=1,streak=0,firstAgeMs=-1,readyAgeMs=-1,total=0,delta=0,hist=0,lastAgeMs=4058,reset=0}
[2026-09-09T08:40:47.582Z][RENDERER/1] file:///D:/%E4%B8%8A%E4%BD%8D%E6%9C%BA%E7%95%8C%E9%9D%A2%E5%8E%9F%E5%9E%8B%E7%89%88/flame-detector-bench-desktop/dist/assets/index-A9TaTnGI.js:264 [WaveformDiag][UI] kind=delta wireAgeMs=2 payloadAgeMs=2 D1{on=0,total=0,delta=0,lastAgeMs=4811,reset=0} D2{on=0,total=0,delta=0,lastAgeMs=4062,reset=0} D3{on=0,total=0,delta=0,lastAgeMs=4099,reset=0} D4{on=0,total=0,delta=0,lastAgeMs=3477,reset=0} D5{on=0,total=0,delta=0,lastAgeMs=4077,reset=0} D6{on=0,total=0,delta=0,lastAgeMs=4060,reset=0}
[2026-09-09T08:40:47.844Z][STDOUT] [DetectorDiag] D1 RX FRAME mode=custom hex=5AA50180417C117C0180517C117C0180317C017C0180417C117C1B
[2026-09-09T08:40:47.847Z][STDOUT] [DetectorDiag] D1 PARSE P1=-32767 P2=31809 P3=31761 P4=-
[2026-09-09T08:40:47.903Z][STDOUT] [DetectorDiag] D1 RX FRAME mode=custom hex=5AA50180417C117C0180417C017C0180417C217C0180317C017C0B
[2026-09-09T08:40:47.904Z][STDOUT] [DetectorDiag] D1 PARSE P1=-32767 P2=31793 P3=31745 P4=-
[2026-09-09T08:40:47.973Z][STDOUT] [DetectorDiag] D1 RX FRAME mode=custom hex=5AA50180417C117C0180317C017C0180417C117C0180317C017CEB
[2026-09-09T08:40:47.974Z][STDOUT] [DetectorDiag] D1 PARSE P1=-32767 P2=31793 P3=31745 P4=-
[2026-09-09T08:40:48.028Z][STDOUT] [DetectorDiag] D1 RX FRAME mode=custom hex=5AA50180317C017C0180517C117C0180417C017C0180417C017CFB
[2026-09-09T08:40:48.030Z][STDOUT] [DetectorDiag] D1 PARSE P1=-32767 P2=31809 P3=31745 P4=-
[2026-09-09T08:40:48.091Z][STDOUT] [DetectorDiag] D1 RX FRAME mode=custom hex=5AA50180417C217C0180417C017C0180317C117C0180417C117C1B
[2026-09-09T08:40:48.098Z][STDOUT] [DetectorDiag] D1 PARSE P1=-32767 P2=31809 P3=31761 P4=-
[2026-09-09T08:40:48.537Z][STDOUT] [DetectorDiag] D3 RX FRAME mode=custom hex=5AA50180417BD17A0180317BF17A1180317BF17A0180417BE17A5F
[2026-09-09T08:40:48.538Z][STDOUT] [DetectorDiag] D3 PARSE P1=-32767 P2=31553 P3=31457 P4=-
[2026-09-09T08:40:48.606Z][STDOUT] [DetectorDiag] D6 RX FRAME mode=custom hex=5AA50180117E217E0180217E217E0180117E217E0180317E117EDB
[2026-09-09T08:40:48.607Z][STDOUT] [DetectorDiag] D6 PARSE P1=-32767 P2=32305 P3=32273 P4=-
[2026-09-09T08:40:48.609Z][STDOUT] [DetectorDiag] D2 RX FRAME mode=custom hex=5AA51180217D617C1180217D417C0180117D617C1180217D617CEF
[2026-09-09T08:40:48.609Z][STDOUT] [DetectorDiag] D2 PARSE P1=-32751 P2=32033 P3=31841 P4=-
[2026-09-09T08:40:48.611Z][STDOUT] [DetectorDiag] D3 RX FRAME mode=custom hex=5AA51180317BF17A0180417BF17A0180317BF17A0180317BF17A7F
[2026-09-09T08:40:48.617Z][STDOUT] [DetectorDiag] D3 PARSE P1=-32767 P2=31537 P3=31473 P4=-
[2026-09-09T08:40:48.618Z][STDOUT] [DetectorDiag] D5 RX FRAME mode=custom hex=5AA50180317C117C0180517CF17B0180417CF17B0180417CF17BC8
[2026-09-09T08:40:48.618Z][STDOUT] [DetectorDiag] D5 PARSE P1=-32767 P2=31809 P3=31729 P4=-
[2026-09-09T08:40:48.631Z][STDOUT] [DetectorDiag] D5 RX FRAME mode=custom hex=5AA50180217C017C0180417C017C0180417C117C0180317C117CDB
[2026-09-09T08:40:48.632Z][STDOUT] [DetectorDiag] D5 PARSE P1=-32767 P2=31793 P3=31761 P4=-
[2026-09-09T08:40:48.633Z][STDOUT] [DetectorDiag] D6 RX FRAME mode=custom hex=5AA50180117E117E1180117E117E0180117E317E1180217E217EDB
[2026-09-09T08:40:48.633Z][STDOUT] [DetectorDiag] D6 PARSE P1=-32751 P2=32289 P3=32289 P4=-
[2026-09-09T08:40:48.650Z][STDOUT] [DetectorDiag] D2 RX FRAME mode=custom hex=5AA51180317D517C1180217D517C1180217D517C0180217D517CEF
[2026-09-09T08:40:48.651Z][STDOUT] [DetectorDiag] D2 PARSE P1=-32767 P2=32033 P3=31825 P4=-
[2026-09-09T08:40:48.653Z][STDOUT] [WaveformDiag][WS] mode=delta clients=2 resync=0 maxBuffered=0 stateAgeMs=47 D1{on=1,ready=1,sync=1,startup=TEST_READY,attempts=1,streak=13,firstAgeMs=803,readyAgeMs=554,total=52,delta=12,hist=52,lastAgeMs=43,reset=0} D2{on=1,ready=1,sync=0,startup=FIRST_FRAME_RECEIVED,attempts=1,streak=2,firstAgeMs=43,readyAgeMs=-1,total=8,delta=8,hist=8,lastAgeMs=2,reset=0} D3{on=1,ready=1,sync=0,startup=FIRST_FRAME_RECEIVED,attempts=1,streak=2,firstAgeMs=113,readyAgeMs=-1,total=8,delta=8,hist=8,lastAgeMs=35,reset=0} D4{on=0,ready=0,sync=0,startup=MODE_SWITCH_OK,attempts=1,streak=0,firstAgeMs=-1,readyAgeMs=-1,total=0,delta=0,hist=0,lastAgeMs=4549,reset=0} D5{on=1,ready=1,sync=0,startup=FIRST_FRAME_RECEIVED,attempts=1,streak=2,firstAgeMs=28,readyAgeMs=-1,total=8,delta=8,hist=8,lastAgeMs=21,reset=0} D6{on=1,ready=1,sync=0,startup=FIRST_FRAME_RECEIVED,attempts=1,streak=2,firstAgeMs=45,readyAgeMs=-1,total=8,delta=8,hist=8,lastAgeMs=20,reset=0}
[2026-09-09T08:40:48.655Z][RENDERER/1] file:///D:/%E4%B8%8A%E4%BD%8D%E6%9C%BA%E7%95%8C%E9%9D%A2%E5%8E%9F%E5%9E%8B%E7%89%88/flame-detector-bench-desktop/dist/assets/index-A9TaTnGI.js:264 [WaveformDiag][UI] kind=delta wireAgeMs=48 payloadAgeMs=48 D1{on=1,total=52,delta=12,lastAgeMs=44,reset=0} D2{on=1,total=8,delta=8,lastAgeMs=3,reset=0} D3{on=1,total=8,delta=8,lastAgeMs=36,reset=0} D4{on=0,total=0,delta=0,lastAgeMs=4550,reset=0} D5{on=1,total=8,delta=8,lastAgeMs=22,reset=0} D6{on=1,total=8,delta=8,lastAgeMs=21,reset=0}
[2026-09-09T08:40:48.661Z][STDOUT] [DetectorDiag] D3 RX FRAME mode=custom hex=5AA50180517BF17A0180417BE17A0180417BF17A0180317BF17A8F
[2026-09-09T08:40:48.663Z][STDOUT] [DetectorDiag] D3 PARSE P1=-32767 P2=31537 P3=31473 P4=-
[2026-09-09T08:40:48.698Z][STDOUT] [DetectorDiag] D6 RX FRAME mode=custom hex=5AA50180117E017E0180317E217E0180117E117E1180117E217EBB
[2026-09-09T08:40:48.725Z][STDOUT] [DetectorDiag] D6 PARSE P1=-32751 P2=32273 P3=32289 P4=-
[2026-09-09T08:40:48.727Z][STDOUT] [DetectorDiag] D2 RX FRAME mode=custom hex=5AA50180317D517C1180317D717C0180217D617C0180317D617C2F
[2026-09-09T08:40:48.730Z][STDOUT] [DetectorDiag] D2 PARSE P1=-32767 P2=32049 P3=31841 P4=-
[2026-09-09T08:40:48.733Z][STDOUT] [DetectorDiag] D5 RX FRAME mode=custom hex=5AA50180317CE17B1180417CF17B0180317C017C0180417CF17B98
[2026-09-09T08:40:48.734Z][STDOUT] [DetectorDiag] D5 PARSE P1=-32767 P2=31809 P3=31729 P4=-
[2026-09-09T08:40:48.742Z][STDOUT] [DetectorDiag] D3 RX FRAME mode=custom hex=5AA50180417BF17A0180317BF17A0180517BF17A0180417BE17A8F
[2026-09-09T08:40:48.743Z][STDOUT] [DetectorDiag] D3 PARSE P1=-32767 P2=31553 P3=31457 P4=-
[2026-09-09T08:40:48.756Z][STDOUT] [DetectorDiag] D6 RX FRAME mode=custom hex=5AA50180117E117E0180117E217E0180217E217E1180117E217ECB
[2026-09-09T08:40:48.765Z][STDOUT] [DetectorDiag] D6 PARSE P1=-32751 P2=32273 P3=32289 P4=-
[2026-09-09T08:40:48.768Z][STDOUT] [DetectorDiag] D5 RX FRAME mode=custom hex=5AA50180317CF17B0180317CE17B0180417CF17B0180317C117C88
[2026-09-09T08:40:48.770Z][STDOUT] [DetectorDiag] D5 PARSE P1=-32767 P2=31793 P3=31761 P4=-
[2026-09-09T08:40:48.777Z][STDOUT] [DetectorDiag] D2 RX FRAME mode=custom hex=5AA50180317D517C0180317D517C0180317D517C1180217D517CEF
[2026-09-09T08:40:48.778Z][STDOUT] [DetectorDiag] D2 PARSE P1=-32751 P2=32033 P3=31825 P4=-
[2026-09-09T08:40:48.827Z][STDOUT] [DetectorDiag] D3 RX FRAME mode=custom hex=5AA50180417BF17A0180317BE17A0180417BF17A0180417BF17A7F
[2026-09-09T08:40:48.827Z][STDOUT] [DetectorDiag] D3 PARSE P1=-32767 P2=31553 P3=31473 P4=-
[2026-09-09T08:40:48.834Z][STDOUT] [DetectorDiag] D5 RX FRAME mode=custom hex=5AA50180217CF17B0180417CF17B0180317C017C0180317CF17B78
[2026-09-09T08:40:48.835Z][STDOUT] [DetectorDiag] D5 PARSE P1=-32767 P2=31793 P3=31729 P4=-
[2026-09-09T08:40:48.836Z][STDOUT] [DetectorDiag] D6 RX FRAME mode=custom hex=5AA50180117E117E1180117E217E1180117E217E0180217E117ECB
[2026-09-09T08:40:48.837Z][STDOUT] [DetectorDiag] D6 PARSE P1=-32767 P2=32289 P3=32273 P4=-
[2026-09-09T08:40:48.846Z][STDOUT] [DetectorDiag] D2 RX FRAME mode=custom hex=5AA50180317D417C1180217D417C0180217D517C1180217D617CCF
[2026-09-09T08:40:48.849Z][STDOUT] [DetectorDiag] D2 PARSE P1=-32751 P2=32033 P3=31841 P4=-
[2026-09-09T08:40:49.146Z][STDOUT] [DetectorDiag] D4 RX FRAME mode=custom hex=5AA51180A17AD17B0180B17AE17B0180A17AF17B0180B17AE17B0F
[2026-09-09T08:40:49.148Z][STDOUT] [DetectorDiag] D4 PARSE P1=-32767 P2=31409 P3=31713 P4=-
[2026-09-09T08:40:49.213Z][STDOUT] [DetectorDiag] D4 RX FRAME mode=custom hex=5AA50180D17AF17B0180A17AE17B1180B17AF17B0180A17AE17B4F
[2026-09-09T08:40:49.214Z][STDOUT] [DetectorDiag] D4 PARSE P1=-32767 P2=31393 P3=31713 P4=-
[2026-09-09T08:40:49.271Z][STDOUT] [DetectorDiag] D4 RX FRAME mode=custom hex=5AA50180A17AF17B1180A17AF17B1180B17AF17B0180B17AF17B5F
[2026-09-09T08:40:49.272Z][STDOUT] [DetectorDiag] D4 PARSE P1=-32767 P2=31409 P3=31729 P4=-
[2026-09-09T08:40:49.417Z][STDOUT] [DetectorDiag] D4 RX FRAME mode=custom hex=5AA51180B17AE17B0180C17AF17B0180B17AF17B0180C17AF17B7F
[2026-09-09T08:40:49.418Z][STDOUT] [DetectorDiag] D4 PARSE P1=-32767 P2=31425 P3=31729 P4=-
[2026-09-09T08:40:49.419Z][STDOUT] [DetectorDiag] D4 RX FRAME mode=custom hex=5AA50180B17AE17B0180B17A017C0180B17AE17B0180A17AE17B30
[2026-09-09T08:40:49.420Z][STDOUT] [DetectorDiag] D4 PARSE P1=-32767 P2=31393 P3=31713 P4=-
[2026-09-09T08:40:49.675Z][STDOUT] [WaveformDiag][WS] mode=delta clients=2 resync=0 maxBuffered=0 stateAgeMs=1 D1{on=1,ready=1,sync=1,startup=TEST_READY,attempts=1,streak=30,firstAgeMs=1825,readyAgeMs=1576,total=120,delta=12,hist=120,lastAgeMs=22,reset=0} D2{on=1,ready=1,sync=1,startup=TEST_READY,attempts=1,streak=18,firstAgeMs=1065,readyAgeMs=825,total=72,delta=12,hist=72,lastAgeMs=25,reset=0} D3{on=1,ready=1,sync=1,startup=TEST_READY,attempts=1,streak=19,firstAgeMs=1135,readyAgeMs=844,total=76,delta=12,hist=76,lastAgeMs=8,reset=0} D4{on=1,ready=1,sync=1,startup=TEST_READY,attempts=1,streak=9,firstAgeMs=526,readyAgeMs=255,total=36,delta=12,hist=36,lastAgeMs=29,reset=0} D5{on=1,ready=1,sync=1,startup=TEST_READY,attempts=1,streak=18,firstAgeMs=1050,readyAgeMs=839,total=72,delta=12,hist=72,lastAgeMs=44,reset=0} D6{on=1,ready=1,sync=1,startup=TEST_READY,attempts=1,streak=18,firstAgeMs=1067,readyAgeMs=838,total=72,delta=12,hist=72,lastAgeMs=44,reset=0}
[2026-09-09T08:40:49.681Z][RENDERER/1] file:///D:/%E4%B8%8A%E4%BD%8D%E6%9C%BA%E7%95%8C%E9%9D%A2%E5%8E%9F%E5%9E%8B%E7%89%88/flame-detector-bench-desktop/dist/assets/index-A9TaTnGI.js:264 [WaveformDiag][UI] kind=delta wireAgeMs=7 payloadAgeMs=7 D1{on=1,total=120,delta=12,lastAgeMs=28,reset=0} D2{on=1,total=72,delta=12,lastAgeMs=31,reset=0} D3{on=1,total=76,delta=12,lastAgeMs=14,reset=0} D4{on=1,total=36,delta=12,lastAgeMs=35,reset=0} D5{on=1,total=72,delta=12,lastAgeMs=50,reset=0} D6{on=1,total=72,delta=12,lastAgeMs=50,reset=0}
[2026-09-09T08:40:50.706Z][STDOUT] [WaveformDiag][WS] mode=delta clients=2 resync=0 maxBuffered=0 stateAgeMs=32 D1{on=1,ready=1,sync=1,startup=TEST_READY,attempts=1,streak=46,firstAgeMs=2856,readyAgeMs=2607,total=184,delta=12,hist=184,lastAgeMs=48,reset=0} D2{on=1,ready=1,sync=1,startup=TEST_READY,attempts=1,streak=34,firstAgeMs=2096,readyAgeMs=1856,total=136,delta=12,hist=136,lastAgeMs=51,reset=0} D3{on=1,ready=1,sync=1,startup=TEST_READY,attempts=1,streak=35,firstAgeMs=2166,readyAgeMs=1875,total=140,delta=12,hist=140,lastAgeMs=40,reset=0} D4{on=1,ready=1,sync=1,startup=TEST_READY,attempts=1,streak=25,firstAgeMs=1557,readyAgeMs=1286,total=100,delta=12,hist=100,lastAgeMs=55,reset=0} D5{on=1,ready=1,sync=1,startup=TEST_READY,attempts=1,streak=35,firstAgeMs=2081,readyAgeMs=1870,total=140,delta=16,hist=140,lastAgeMs=7,reset=0} D6{on=1,ready=1,sync=1,startup=TEST_READY,attempts=1,streak=35,firstAgeMs=2098,readyAgeMs=1869,total=140,delta=16,hist=140,lastAgeMs=7,reset=0}
[2026-09-09T08:40:50.710Z][RENDERER/1] file:///D:/%E4%B8%8A%E4%BD%8D%E6%9C%BA%E7%95%8C%E9%9D%A2%E5%8E%9F%E5%9E%8B%E7%89%88/flame-detector-bench-desktop/dist/assets/index-A9TaTnGI.js:264 [WaveformDiag][UI] kind=delta wireAgeMs=34 payloadAgeMs=34 D1{on=1,total=184,delta=12,lastAgeMs=50,reset=0} D2{on=1,total=136,delta=12,lastAgeMs=53,reset=0} D3{on=1,total=140,delta=12,lastAgeMs=42,reset=0} D4{on=1,total=100,delta=12,lastAgeMs=57,reset=0} D5{on=1,total=140,delta=16,lastAgeMs=9,reset=0} D6{on=1,total=140,delta=16,lastAgeMs=9,reset=0}
[2026-09-09T08:40:51.729Z][STDOUT] [WaveformDiag][WS] mode=delta clients=2 resync=0 maxBuffered=0 stateAgeMs=15 D1{on=1,ready=1,sync=1,startup=TEST_READY,attempts=1,streak=63,firstAgeMs=3879,readyAgeMs=3630,total=252,delta=16,hist=252,lastAgeMs=13,reset=0} D2{on=1,ready=1,sync=1,startup=TEST_READY,attempts=1,streak=51,firstAgeMs=3119,readyAgeMs=2879,total=204,delta=16,hist=204,lastAgeMs=16,reset=0} D3{on=1,ready=1,sync=1,startup=TEST_READY,attempts=1,streak=52,firstAgeMs=3189,readyAgeMs=2898,total=208,delta=16,hist=208,lastAgeMs=0,reset=0} D4{on=1,ready=1,sync=1,startup=TEST_READY,attempts=1,streak=42,firstAgeMs=2580,readyAgeMs=2309,total=168,delta=12,hist=168,lastAgeMs=15,reset=0} D5{on=1,ready=1,sync=1,startup=TEST_READY,attempts=1,streak=51,firstAgeMs=3104,readyAgeMs=2893,total=204,delta=12,hist=204,lastAgeMs=35,reset=0} D6{on=1,ready=1,sync=1,startup=TEST_READY,attempts=1,streak=51,firstAgeMs=3121,readyAgeMs=2892,total=204,delta=12,hist=204,lastAgeMs=35,reset=0}
[2026-09-09T08:40:51.736Z][RENDERER/1] file:///D:/%E4%B8%8A%E4%BD%8D%E6%9C%BA%E7%95%8C%E9%9D%A2%E5%8E%9F%E5%9E%8B%E7%89%88/flame-detector-bench-desktop/dist/assets/index-A9TaTnGI.js:264 [WaveformDiag][UI] kind=delta wireAgeMs=21 payloadAgeMs=21 D1{on=1,total=252,delta=16,lastAgeMs=19,reset=0} D2{on=1,total=204,delta=16,lastAgeMs=22,reset=0} D3{on=1,total=208,delta=16,lastAgeMs=6,reset=0} D4{on=1,total=168,delta=12,lastAgeMs=21,reset=0} D5{on=1,total=204,delta=12,lastAgeMs=41,reset=0} D6{on=1,total=204,delta=12,lastAgeMs=41,reset=0}
[2026-09-09T08:40:52.755Z][STDOUT] [WaveformDiag][WS] mode=delta clients=2 resync=0 maxBuffered=0 stateAgeMs=15 D1{on=1,ready=1,sync=1,startup=TEST_READY,attempts=1,streak=79,firstAgeMs=4905,readyAgeMs=4656,total=316,delta=12,hist=316,lastAgeMs=39,reset=0} D2{on=1,ready=1,sync=1,startup=TEST_READY,attempts=1,streak=67,firstAgeMs=4145,readyAgeMs=3905,total=268,delta=12,hist=268,lastAgeMs=42,reset=0} D3{on=1,ready=1,sync=1,startup=TEST_READY,attempts=1,streak=68,firstAgeMs=4215,readyAgeMs=3924,total=272,delta=12,hist=272,lastAgeMs=31,reset=0} D4{on=1,ready=1,sync=1,startup=TEST_READY,attempts=1,streak=58,firstAgeMs=3606,readyAgeMs=3335,total=232,delta=12,hist=232,lastAgeMs=42,reset=0} D5{on=1,ready=1,sync=1,startup=TEST_READY,attempts=1,streak=67,firstAgeMs=4130,readyAgeMs=3919,total=268,delta=12,hist=268,lastAgeMs=61,reset=0} D6{on=1,ready=1,sync=1,startup=TEST_READY,attempts=1,streak=67,firstAgeMs=4147,readyAgeMs=3918,total=268,delta=12,hist=268,lastAgeMs=61,reset=0}
[2026-09-09T08:40:52.760Z][RENDERER/1] file:///D:/%E4%B8%8A%E4%BD%8D%E6%9C%BA%E7%95%8C%E9%9D%A2%E5%8E%9F%E5%9E%8B%E7%89%88/flame-detector-bench-desktop/dist/assets/index-A9TaTnGI.js:264 [WaveformDiag][UI] kind=delta wireAgeMs=18 payloadAgeMs=18 D1{on=1,total=316,delta=12,lastAgeMs=42,reset=0} D2{on=1,total=268,delta=12,lastAgeMs=45,reset=0} D3{on=1,total=272,delta=12,lastAgeMs=34,reset=0} D4{on=1,total=232,delta=12,lastAgeMs=45,reset=0} D5{on=1,total=268,delta=12,lastAgeMs=64,reset=0} D6{on=1,total=268,delta=12,lastAgeMs=64,reset=0}
[2026-09-09T08:40:53.651Z][STDOUT] [产品预检] 已进入信号稳定后段，开始读取版本/探头/灵敏度/状态并执行继电器功能检测 batch=field-waveform-1788943219240-14
[2026-09-09T08:40:53.779Z][STDOUT] [WaveformDiag][WS] mode=delta clients=2 resync=0 maxBuffered=0 stateAgeMs=8 D1{on=1,ready=0,sync=0,startup=TEST_READY,attempts=1,streak=95,firstAgeMs=5929,readyAgeMs=5680,total=380,delta=12,hist=380,lastAgeMs=58,reset=0} D2{on=1,ready=0,sync=0,startup=TEST_READY,attempts=1,streak=83,firstAgeMs=5169,readyAgeMs=4929,total=332,delta=12,hist=332,lastAgeMs=66,reset=0} D3{on=1,ready=0,sync=0,startup=TEST_READY,attempts=1,streak=84,firstAgeMs=5239,readyAgeMs=4948,total=336,delta=12,hist=336,lastAgeMs=50,reset=0} D4{on=1,ready=0,sync=0,startup=TEST_READY,attempts=1,streak=75,firstAgeMs=4630,readyAgeMs=4359,total=300,delta=16,hist=300,lastAgeMs=8,reset=0} D5{on=1,ready=0,sync=0,startup=TEST_READY,attempts=1,streak=84,firstAgeMs=5154,readyAgeMs=4943,total=336,delta=12,hist=336,lastAgeMs=22,reset=0} D6{on=1,ready=0,sync=0,startup=TEST_READY,attempts=1,streak=84,firstAgeMs=5171,readyAgeMs=4942,total=336,delta=12,hist=336,lastAgeMs=22,reset=0}
[2026-09-09T08:40:53.782Z][RENDERER/1] file:///D:/%E4%B8%8A%E4%BD%8D%E6%9C%BA%E7%95%8C%E9%9D%A2%E5%8E%9F%E5%9E%8B%E7%89%88/flame-detector-bench-desktop/dist/assets/index-A9TaTnGI.js:264 [WaveformDiag][UI] kind=delta wireAgeMs=9 payloadAgeMs=9 D1{on=1,total=380,delta=12,lastAgeMs=59,reset=0} D2{on=1,total=332,delta=12,lastAgeMs=67,reset=0} D3{on=1,total=336,delta=12,lastAgeMs=51,reset=0} D4{on=1,total=300,delta=16,lastAgeMs=9,reset=0} D5{on=1,total=336,delta=12,lastAgeMs=23,reset=0} D6{on=1,total=336,delta=12,lastAgeMs=23,reset=0}
[2026-09-09T08:40:54.803Z][STDOUT] [WaveformDiag][WS] mode=delta clients=2 resync=0 maxBuffered=0 stateAgeMs=16 D1{on=1,ready=0,sync=0,startup=TEST_READY,attempts=1,streak=107,firstAgeMs=6953,readyAgeMs=6704,total=428,delta=0,hist=428,lastAgeMs=335,reset=0} D2{on=1,ready=0,sync=0,startup=TEST_READY,attempts=1,streak=95,firstAgeMs=6193,readyAgeMs=5953,total=380,delta=0,hist=380,lastAgeMs=338,reset=0} D3{on=1,ready=0,sync=0,startup=TEST_READY,attempts=1,streak=95,firstAgeMs=6263,readyAgeMs=5972,total=380,delta=0,hist=380,lastAgeMs=391,reset=0} D4{on=1,ready=0,sync=0,startup=TEST_READY,attempts=1,streak=86,firstAgeMs=5654,readyAgeMs=5383,total=344,delta=0,hist=344,lastAgeMs=339,reset=0} D5{on=1,ready=0,sync=0,startup=TEST_READY,attempts=1,streak=95,firstAgeMs=6178,readyAgeMs=5967,total=380,delta=0,hist=380,lastAgeMs=359,reset=0} D6{on=1,ready=0,sync=0,startup=TEST_READY,attempts=1,streak=95,firstAgeMs=6195,readyAgeMs=5966,total=380,delta=0,hist=380,lastAgeMs=359,reset=0}
[2026-09-09T08:40:54.809Z][RENDERER/1] file:///D:/%E4%B8%8A%E4%BD%8D%E6%9C%BA%E7%95%8C%E9%9D%A2%E5%8E%9F%E5%9E%8B%E7%89%88/flame-detector-bench-desktop/dist/assets/index-A9TaTnGI.js:264 [WaveformDiag][UI] kind=delta wireAgeMs=19 payloadAgeMs=19 D1{on=1,total=428,delta=0,lastAgeMs=338,reset=0} D2{on=1,total=380,delta=0,lastAgeMs=341,reset=0} D3{on=1,total=380,delta=0,lastAgeMs=394,reset=0} D4{on=1,total=344,delta=0,lastAgeMs=342,reset=0} D5{on=1,total=380,delta=0,lastAgeMs=362,reset=0} D6{on=1,total=380,delta=0,lastAgeMs=362,reset=0}
[2026-09-09T08:40:55.859Z][STDOUT] [WaveformDiag][WS] mode=delta clients=2 resync=0 maxBuffered=0 stateAgeMs=0 D1{on=1,ready=0,sync=0,startup=TEST_READY,attempts=1,streak=107,firstAgeMs=8009,readyAgeMs=7760,total=428,delta=0,hist=428,lastAgeMs=1391,reset=0} D2{on=1,ready=0,sync=0,startup=TEST_READY,attempts=1,streak=95,firstAgeMs=7249,readyAgeMs=7009,total=380,delta=0,hist=380,lastAgeMs=1394,reset=0} D3{on=1,ready=0,sync=0,startup=TEST_READY,attempts=1,streak=95,firstAgeMs=7319,readyAgeMs=7028,total=380,delta=0,hist=380,lastAgeMs=1447,reset=0} D4{on=1,ready=0,sync=0,startup=TEST_READY,attempts=1,streak=86,firstAgeMs=6710,readyAgeMs=6439,total=344,delta=0,hist=344,lastAgeMs=1395,reset=0} D5{on=1,ready=0,sync=0,startup=TEST_READY,attempts=1,streak=95,firstAgeMs=7234,readyAgeMs=7023,total=380,delta=0,hist=380,lastAgeMs=1415,reset=0} D6{on=1,ready=0,sync=0,startup=TEST_READY,attempts=1,streak=95,firstAgeMs=7251,readyAgeMs=7022,total=380,delta=0,hist=380,lastAgeMs=1415,reset=0}
[2026-09-09T08:40:55.864Z][RENDERER/1] file:///D:/%E4%B8%8A%E4%BD%8D%E6%9C%BA%E7%95%8C%E9%9D%A2%E5%8E%9F%E5%9E%8B%E7%89%88/flame-detector-bench-desktop/dist/assets/index-A9TaTnGI.js:264 [WaveformDiag][UI] kind=delta wireAgeMs=3 payloadAgeMs=3 D1{on=1,total=428,delta=0,lastAgeMs=1394,reset=0} D2{on=1,total=380,delta=0,lastAgeMs=1397,reset=0} D3{on=1,total=380,delta=0,lastAgeMs=1450,reset=0} D4{on=1,total=344,delta=0,lastAgeMs=1398,reset=0} D5{on=1,total=380,delta=0,lastAgeMs=1418,reset=0} D6{on=1,total=380,delta=0,lastAgeMs=1418,reset=0}
[2026-09-09T08:40:56.892Z][STDOUT] [WaveformDiag][WS] mode=delta clients=2 resync=0 maxBuffered=0 stateAgeMs=0 D1{on=1,ready=0,sync=0,startup=TEST_READY,attempts=1,streak=107,firstAgeMs=9042,readyAgeMs=8793,total=428,delta=0,hist=428,lastAgeMs=2424,reset=0} D2{on=1,ready=0,sync=0,startup=TEST_READY,attempts=1,streak=95,firstAgeMs=8282,readyAgeMs=8042,total=380,delta=0,hist=380,lastAgeMs=2427,reset=0} D3{on=1,ready=0,sync=0,startup=TEST_READY,attempts=1,streak=95,firstAgeMs=8352,readyAgeMs=8061,total=380,delta=0,hist=380,lastAgeMs=2480,reset=0} D4{on=1,ready=0,sync=0,startup=TEST_READY,attempts=1,streak=86,firstAgeMs=7743,readyAgeMs=7472,total=344,delta=0,hist=344,lastAgeMs=2428,reset=0} D5{on=1,ready=0,sync=0,startup=TEST_READY,attempts=1,streak=95,firstAgeMs=8267,readyAgeMs=8056,total=380,delta=0,hist=380,lastAgeMs=2448,reset=0} D6{on=1,ready=0,sync=0,startup=TEST_READY,attempts=1,streak=95,firstAgeMs=8284,readyAgeMs=8055,total=380,delta=0,hist=380,lastAgeMs=2448,reset=0}
[2026-09-09T08:40:56.898Z][RENDERER/1] file:///D:/%E4%B8%8A%E4%BD%8D%E6%9C%BA%E7%95%8C%E9%9D%A2%E5%8E%9F%E5%9E%8B%E7%89%88/flame-detector-bench-desktop/dist/assets/index-A9TaTnGI.js:264 [WaveformDiag][UI] kind=delta wireAgeMs=4 payloadAgeMs=4 D1{on=1,total=428,delta=0,lastAgeMs=2428,reset=0} D2{on=1,total=380,delta=0,lastAgeMs=2431,reset=0} D3{on=1,total=380,delta=0,lastAgeMs=2484,reset=0} D4{on=1,total=344,delta=0,lastAgeMs=2432,reset=0} D5{on=1,total=380,delta=0,lastAgeMs=2452,reset=0} D6{on=1,total=380,delta=0,lastAgeMs=2452,reset=0}
[2026-09-09T08:40:57.945Z][STDOUT] [WaveformDiag][WS] mode=delta clients=2 resync=0 maxBuffered=0 stateAgeMs=0 D1{on=1,ready=0,sync=0,startup=TEST_READY,attempts=1,streak=107,firstAgeMs=10095,readyAgeMs=9846,total=428,delta=0,hist=428,lastAgeMs=3477,reset=0} D2{on=1,ready=0,sync=0,startup=TEST_READY,attempts=1,streak=95,firstAgeMs=9335,readyAgeMs=9095,total=380,delta=0,hist=380,lastAgeMs=3480,reset=0} D3{on=1,ready=0,sync=0,startup=TEST_READY,attempts=1,streak=96,firstAgeMs=9405,readyAgeMs=9114,total=408,delta=0,hist=408,lastAgeMs=938,reset=0} D4{on=1,ready=0,sync=0,startup=TEST_READY,attempts=1,streak=86,firstAgeMs=8796,readyAgeMs=8525,total=344,delta=0,hist=344,lastAgeMs=3481,reset=0} D5{on=1,ready=0,sync=0,startup=TEST_READY,attempts=1,streak=95,firstAgeMs=9320,readyAgeMs=9109,total=380,delta=0,hist=380,lastAgeMs=3501,reset=0} D6{on=1,ready=0,sync=0,startup=TEST_READY,attempts=1,streak=95,firstAgeMs=9337,readyAgeMs=9108,total=380,delta=0,hist=380,lastAgeMs=3501,reset=0}
[2026-09-09T08:40:58.002Z][RENDERER/1] file:///D:/%E4%B8%8A%E4%BD%8D%E6%9C%BA%E7%95%8C%E9%9D%A2%E5%8E%9F%E5%9E%8B%E7%89%88/flame-detector-bench-desktop/dist/assets/index-A9TaTnGI.js:264 [WaveformDiag][UI] kind=delta wireAgeMs=4 payloadAgeMs=4 D1{on=1,total=428,delta=0,lastAgeMs=3481,reset=0} D2{on=1,total=380,delta=0,lastAgeMs=3484,reset=0} D3{on=1,total=408,delta=0,lastAgeMs=942,reset=0} D4{on=1,total=344,delta=0,lastAgeMs=3485,reset=0} D5{on=1,total=380,delta=0,lastAgeMs=3505,reset=0} D6{on=1,total=380,delta=0,lastAgeMs=3505,reset=0}
[2026-09-09T08:40:58.995Z][STDOUT] [WaveformDiag][WS] mode=delta clients=2 resync=0 maxBuffered=0 stateAgeMs=0 D1{on=1,ready=0,sync=0,startup=TEST_READY,attempts=1,streak=107,firstAgeMs=11145,readyAgeMs=10896,total=428,delta=0,hist=428,lastAgeMs=4527,reset=0} D2{on=1,ready=0,sync=0,startup=TEST_READY,attempts=1,streak=95,firstAgeMs=10385,readyAgeMs=10145,total=380,delta=0,hist=380,lastAgeMs=4530,reset=0} D3{on=1,ready=0,sync=0,startup=TEST_READY,attempts=1,streak=96,firstAgeMs=10455,readyAgeMs=10164,total=408,delta=0,hist=408,lastAgeMs=1988,reset=0} D4{on=1,ready=0,sync=0,startup=TEST_READY,attempts=1,streak=86,firstAgeMs=9846,readyAgeMs=9575,total=344,delta=0,hist=344,lastAgeMs=4531,reset=0} D5{on=1,ready=0,sync=0,startup=TEST_READY,attempts=1,streak=95,firstAgeMs=10370,readyAgeMs=10159,total=380,delta=0,hist=380,lastAgeMs=4551,reset=0} D6{on=1,ready=0,sync=0,startup=TEST_READY,attempts=1,streak=95,firstAgeMs=10387,readyAgeMs=10158,total=380,delta=0,hist=380,lastAgeMs=4551,reset=0}
[2026-09-09T08:40:58.999Z][RENDERER/1] file:///D:/%E4%B8%8A%E4%BD%8D%E6%9C%BA%E7%95%8C%E9%9D%A2%E5%8E%9F%E5%9E%8B%E7%89%88/flame-detector-bench-desktop/dist/assets/index-A9TaTnGI.js:264 [WaveformDiag][UI] kind=delta wireAgeMs=4 payloadAgeMs=4 D1{on=1,total=428,delta=0,lastAgeMs=4531,reset=0} D2{on=1,total=380,delta=0,lastAgeMs=4534,reset=0} D3{on=1,total=408,delta=0,lastAgeMs=1992,reset=0} D4{on=1,total=344,delta=0,lastAgeMs=4535,reset=0} D5{on=1,total=380,delta=0,lastAgeMs=4555,reset=0} D6{on=1,total=380,delta=0,lastAgeMs=4555,reset=0}
[2026-09-09T08:41:00.073Z][STDOUT] [WaveformDiag][WS] mode=delta clients=2 resync=0 maxBuffered=0 stateAgeMs=0 D1{on=1,ready=1,sync=1,startup=TEST_READY,attempts=1,streak=107,firstAgeMs=12222,readyAgeMs=11973,total=428,delta=0,hist=428,lastAgeMs=5604,reset=0} D2{on=1,ready=1,sync=1,startup=TEST_READY,attempts=1,streak=95,firstAgeMs=11462,readyAgeMs=11222,total=380,delta=0,hist=380,lastAgeMs=5607,reset=0} D3{on=1,ready=1,sync=1,startup=TEST_READY,attempts=1,streak=96,firstAgeMs=11532,readyAgeMs=11241,total=408,delta=0,hist=408,lastAgeMs=3065,reset=0} D4{on=1,ready=1,sync=1,startup=TEST_READY,attempts=1,streak=86,firstAgeMs=10923,readyAgeMs=10652,total=344,delta=0,hist=344,lastAgeMs=5608,reset=0} D5{on=1,ready=1,sync=1,startup=TEST_READY,attempts=1,streak=95,firstAgeMs=11447,readyAgeMs=11236,total=380,delta=0,hist=380,lastAgeMs=5628,reset=0} D6{on=1,ready=1,sync=1,startup=TEST_READY,attempts=1,streak=95,firstAgeMs=11464,readyAgeMs=11235,total=380,delta=0,hist=380,lastAgeMs=5628,reset=0}
[2026-09-09T08:41:00.078Z][RENDERER/1] file:///D:/%E4%B8%8A%E4%BD%8D%E6%9C%BA%E7%95%8C%E9%9D%A2%E5%8E%9F%E5%9E%8B%E7%89%88/flame-detector-bench-desktop/dist/assets/index-A9TaTnGI.js:264 [WaveformDiag][UI] kind=delta wireAgeMs=6 payloadAgeMs=6 D1{on=1,total=428,delta=0,lastAgeMs=5610,reset=0} D2{on=1,total=380,delta=0,lastAgeMs=5613,reset=0} D3{on=1,total=408,delta=0,lastAgeMs=3071,reset=0} D4{on=1,total=344,delta=0,lastAgeMs=5614,reset=0} D5{on=1,total=380,delta=0,lastAgeMs=5634,reset=0} D6{on=1,total=380,delta=0,lastAgeMs=5634,reset=0}
[2026-09-09T08:41:01.111Z][STDOUT] [WaveformDiag][WS] mode=delta clients=2 resync=0 maxBuffered=0 stateAgeMs=1 D1{on=1,ready=1,sync=1,startup=TEST_READY,attempts=1,streak=107,firstAgeMs=13261,readyAgeMs=13012,total=428,delta=0,hist=428,lastAgeMs=6643,reset=0} D2{on=1,ready=1,sync=1,startup=TEST_READY,attempts=1,streak=95,firstAgeMs=12501,readyAgeMs=12261,total=380,delta=0,hist=380,lastAgeMs=6646,reset=0} D3{on=1,ready=1,sync=1,startup=TEST_READY,attempts=1,streak=96,firstAgeMs=12571,readyAgeMs=12280,total=408,delta=0,hist=408,lastAgeMs=4104,reset=0} D4{on=1,ready=1,sync=1,startup=TEST_READY,attempts=1,streak=86,firstAgeMs=11962,readyAgeMs=11691,total=344,delta=0,hist=344,lastAgeMs=6647,reset=0} D5{on=1,ready=1,sync=1,startup=TEST_READY,attempts=1,streak=95,firstAgeMs=12486,readyAgeMs=12275,total=380,delta=0,hist=380,lastAgeMs=6667,reset=0} D6{on=1,ready=1,sync=1,startup=TEST_READY,attempts=1,streak=95,firstAgeMs=12503,readyAgeMs=12274,total=380,delta=0,hist=380,lastAgeMs=6667,reset=0}
[2026-09-09T08:41:01.114Z][RENDERER/1] file:///D:/%E4%B8%8A%E4%BD%8D%E6%9C%BA%E7%95%8C%E9%9D%A2%E5%8E%9F%E5%9E%8B%E7%89%88/flame-detector-bench-desktop/dist/assets/index-A9TaTnGI.js:264 [WaveformDiag][UI] kind=delta wireAgeMs=3 payloadAgeMs=3 D1{on=1,total=428,delta=0,lastAgeMs=6645,reset=0} D2{on=1,total=380,delta=0,lastAgeMs=6648,reset=0} D3{on=1,total=408,delta=0,lastAgeMs=4106,reset=0} D4{on=1,total=344,delta=0,lastAgeMs=6649,reset=0} D5{on=1,total=380,delta=0,lastAgeMs=6669,reset=0} D6{on=1,total=380,delta=0,lastAgeMs=6669,reset=0}
[2026-09-09T08:41:02.149Z][STDOUT] [WaveformDiag][WS] mode=delta clients=2 resync=0 maxBuffered=0 stateAgeMs=1 D1{on=1,ready=1,sync=1,startup=TEST_READY,attempts=1,streak=107,firstAgeMs=14299,readyAgeMs=14050,total=428,delta=0,hist=428,lastAgeMs=7681,reset=0} D2{on=1,ready=1,sync=1,startup=TEST_READY,attempts=1,streak=95,firstAgeMs=13539,readyAgeMs=13299,total=380,delta=0,hist=380,lastAgeMs=7684,reset=0} D3{on=1,ready=1,sync=1,startup=TEST_READY,attempts=1,streak=96,firstAgeMs=13609,readyAgeMs=13318,total=408,delta=0,hist=408,lastAgeMs=5142,reset=0} D4{on=1,ready=1,sync=1,startup=TEST_READY,attempts=1,streak=86,firstAgeMs=13000,readyAgeMs=12729,total=344,delta=0,hist=344,lastAgeMs=7685,reset=0} D5{on=1,ready=1,sync=1,startup=TEST_READY,attempts=1,streak=95,firstAgeMs=13524,readyAgeMs=13313,total=380,delta=0,hist=380,lastAgeMs=7705,reset=0} D6{on=1,ready=1,sync=1,startup=TEST_READY,attempts=1,streak=95,firstAgeMs=13541,readyAgeMs=13312,total=380,delta=0,hist=380,lastAgeMs=7705,reset=0}
[2026-09-09T08:41:02.152Z][RENDERER/1] file:///D:/%E4%B8%8A%E4%BD%8D%E6%9C%BA%E7%95%8C%E9%9D%A2%E5%8E%9F%E5%9E%8B%E7%89%88/flame-detector-bench-desktop/dist/assets/index-A9TaTnGI.js:264 [WaveformDiag][UI] kind=delta wireAgeMs=2 payloadAgeMs=2 D1{on=1,total=428,delta=0,lastAgeMs=7682,reset=0} D2{on=1,total=380,delta=0,lastAgeMs=7685,reset=0} D3{on=1,total=408,delta=0,lastAgeMs=5143,reset=0} D4{on=1,total=344,delta=0,lastAgeMs=7686,reset=0} D5{on=1,total=380,delta=0,lastAgeMs=7706,reset=0} D6{on=1,total=380,delta=0,lastAgeMs=7706,reset=0}
[2026-09-09T08:41:03.164Z][STDOUT] [WaveformDiag][WS] mode=delta clients=2 resync=0 maxBuffered=0 stateAgeMs=0 D1{on=1,ready=1,sync=1,startup=TEST_READY,attempts=1,streak=107,firstAgeMs=15314,readyAgeMs=15065,total=428,delta=0,hist=428,lastAgeMs=8696,reset=0} D2{on=1,ready=1,sync=1,startup=TEST_READY,attempts=1,streak=95,firstAgeMs=14554,readyAgeMs=14314,total=380,delta=0,hist=380,lastAgeMs=8699,reset=0} D3{on=1,ready=1,sync=1,startup=TEST_READY,attempts=1,streak=96,firstAgeMs=14624,readyAgeMs=14333,total=408,delta=0,hist=408,lastAgeMs=6157,reset=0} D4{on=1,ready=1,sync=1,startup=TEST_READY,attempts=1,streak=86,firstAgeMs=14015,readyAgeMs=13744,total=344,delta=0,hist=344,lastAgeMs=8700,reset=0} D5{on=1,ready=1,sync=1,startup=TEST_READY,attempts=1,streak=95,firstAgeMs=14539,readyAgeMs=14328,total=380,delta=0,hist=380,lastAgeMs=8720,reset=0} D6{on=1,ready=1,sync=1,startup=TEST_READY,attempts=1,streak=95,firstAgeMs=14556,readyAgeMs=14327,total=380,delta=0,hist=380,lastAgeMs=8720,reset=0}
[2026-09-09T08:41:03.169Z][RENDERER/1] file:///D:/%E4%B8%8A%E4%BD%8D%E6%9C%BA%E7%95%8C%E9%9D%A2%E5%8E%9F%E5%9E%8B%E7%89%88/flame-detector-bench-desktop/dist/assets/index-A9TaTnGI.js:264 [WaveformDiag][UI] kind=delta wireAgeMs=4 payloadAgeMs=4 D1{on=1,total=428,delta=0,lastAgeMs=8700,reset=0} D2{on=1,total=380,delta=0,lastAgeMs=8703,reset=0} D3{on=1,total=408,delta=0,lastAgeMs=6161,reset=0} D4{on=1,total=344,delta=0,lastAgeMs=8704,reset=0} D5{on=1,total=380,delta=0,lastAgeMs=8724,reset=0} D6{on=1,total=380,delta=0,lastAgeMs=8724,reset=0}
[2026-09-09T08:41:04.231Z][STDOUT] [WaveformDiag][WS] mode=delta clients=2 resync=0 maxBuffered=0 stateAgeMs=47 D1{on=1,ready=1,sync=1,startup=TEST_READY,attempts=1,streak=118,firstAgeMs=16381,readyAgeMs=16132,total=472,delta=16,hist=472,lastAgeMs=13,reset=0} D2{on=1,ready=1,sync=1,startup=TEST_READY,attempts=1,streak=106,firstAgeMs=15621,readyAgeMs=15381,total=424,delta=16,hist=424,lastAgeMs=16,reset=0} D3{on=1,ready=1,sync=1,startup=TEST_READY,attempts=1,streak=106,firstAgeMs=15691,readyAgeMs=15400,total=448,delta=12,hist=448,lastAgeMs=67,reset=0} D4{on=1,ready=1,sync=1,startup=TEST_READY,attempts=1,streak=97,firstAgeMs=15082,readyAgeMs=14811,total=388,delta=12,hist=388,lastAgeMs=21,reset=0} D5{on=1,ready=1,sync=1,startup=TEST_READY,attempts=1,streak=106,firstAgeMs=15606,readyAgeMs=15395,total=424,delta=12,hist=424,lastAgeMs=34,reset=0} D6{on=1,ready=1,sync=1,startup=TEST_READY,attempts=1,streak=106,firstAgeMs=15623,readyAgeMs=15394,total=424,delta=12,hist=424,lastAgeMs=35,reset=0}
[2026-09-09T08:41:04.238Z][RENDERER/1] file:///D:/%E4%B8%8A%E4%BD%8D%E6%9C%BA%E7%95%8C%E9%9D%A2%E5%8E%9F%E5%9E%8B%E7%89%88/flame-detector-bench-desktop/dist/assets/index-A9TaTnGI.js:264 [WaveformDiag][UI] kind=delta wireAgeMs=50 payloadAgeMs=50 D1{on=1,total=472,delta=16,lastAgeMs=16,reset=0} D2{on=1,total=424,delta=16,lastAgeMs=19,reset=0} D3{on=1,total=448,delta=12,lastAgeMs=70,reset=0} D4{on=1,total=388,delta=12,lastAgeMs=24,reset=0} D5{on=1,total=424,delta=12,lastAgeMs=37,reset=0} D6{on=1,total=424,delta=12,lastAgeMs=38,reset=0}
[2026-09-09T08:41:05.256Z][STDOUT] [WaveformDiag][WS] mode=delta clients=2 resync=0 maxBuffered=0 stateAgeMs=3 D1{on=1,ready=1,sync=1,startup=TEST_READY,attempts=1,streak=134,firstAgeMs=17406,readyAgeMs=17157,total=536,delta=12,hist=536,lastAgeMs=32,reset=0} D2{on=1,ready=1,sync=1,startup=TEST_READY,attempts=1,streak=122,firstAgeMs=16646,readyAgeMs=16406,total=488,delta=12,hist=488,lastAgeMs=41,reset=0} D3{on=1,ready=1,sync=1,startup=TEST_READY,attempts=1,streak=123,firstAgeMs=16716,readyAgeMs=16425,total=516,delta=12,hist=516,lastAgeMs=30,reset=0} D4{on=1,ready=1,sync=1,startup=TEST_READY,attempts=1,streak=113,firstAgeMs=16107,readyAgeMs=15836,total=452,delta=12,hist=452,lastAgeMs=43,reset=0} D5{on=1,ready=1,sync=1,startup=TEST_READY,attempts=1,streak=122,firstAgeMs=16631,readyAgeMs=16420,total=488,delta=12,hist=488,lastAgeMs=60,reset=0} D6{on=1,ready=1,sync=1,startup=TEST_READY,attempts=1,streak=122,firstAgeMs=16648,readyAgeMs=16419,total=488,delta=12,hist=488,lastAgeMs=60,reset=0}
[2026-09-09T08:41:05.303Z][RENDERER/1] file:///D:/%E4%B8%8A%E4%BD%8D%E6%9C%BA%E7%95%8C%E9%9D%A2%E5%8E%9F%E5%9E%8B%E7%89%88/flame-detector-bench-desktop/dist/assets/index-A9TaTnGI.js:264 [WaveformDiag][UI] kind=delta wireAgeMs=8 payloadAgeMs=8 D1{on=1,total=536,delta=12,lastAgeMs=37,reset=0} D2{on=1,total=488,delta=12,lastAgeMs=46,reset=0} D3{on=1,total=516,delta=12,lastAgeMs=35,reset=0} D4{on=1,total=452,delta=12,lastAgeMs=48,reset=0} D5{on=1,total=488,delta=12,lastAgeMs=65,reset=0} D6{on=1,total=488,delta=12,lastAgeMs=65,reset=0}
[2026-09-09T08:41:06.285Z][STDOUT] [WaveformDiag][WS] mode=delta clients=2 resync=0 maxBuffered=0 stateAgeMs=28 D1{on=1,ready=1,sync=1,startup=TEST_READY,attempts=1,streak=150,firstAgeMs=18435,readyAgeMs=18186,total=600,delta=12,hist=600,lastAgeMs=66,reset=0} D2{on=1,ready=1,sync=1,startup=TEST_READY,attempts=1,streak=138,firstAgeMs=17675,readyAgeMs=17435,total=552,delta=12,hist=552,lastAgeMs=63,reset=0} D3{on=1,ready=1,sync=1,startup=TEST_READY,attempts=1,streak=139,firstAgeMs=17745,readyAgeMs=17454,total=580,delta=12,hist=580,lastAgeMs=57,reset=0} D4{on=1,ready=1,sync=1,startup=TEST_READY,attempts=1,streak=129,firstAgeMs=17136,readyAgeMs=16865,total=516,delta=12,hist=516,lastAgeMs=75,reset=0} D5{on=1,ready=1,sync=1,startup=TEST_READY,attempts=1,streak=138,firstAgeMs=17660,readyAgeMs=17449,total=552,delta=12,hist=552,lastAgeMs=83,reset=0} D6{on=1,ready=1,sync=1,startup=TEST_READY,attempts=1,streak=138,firstAgeMs=17677,readyAgeMs=17448,total=552,delta=12,hist=552,lastAgeMs=84,reset=0}
[2026-09-09T08:41:06.303Z][RENDERER/1] file:///D:/%E4%B8%8A%E4%BD%8D%E6%9C%BA%E7%95%8C%E9%9D%A2%E5%8E%9F%E5%9E%8B%E7%89%88/flame-detector-bench-desktop/dist/assets/index-A9TaTnGI.js:264 [WaveformDiag][UI] kind=delta wireAgeMs=45 payloadAgeMs=45 D1{on=1,total=600,delta=12,lastAgeMs=83,reset=0} D2{on=1,total=552,delta=12,lastAgeMs=80,reset=0} D3{on=1,total=580,delta=12,lastAgeMs=74,reset=0} D4{on=1,total=516,delta=12,lastAgeMs=92,reset=0} D5{on=1,total=552,delta=12,lastAgeMs=100,reset=0} D6{on=1,total=552,delta=12,lastAgeMs=101,reset=0}
[2026-09-09T08:41:07.323Z][STDOUT] [WaveformDiag][WS] mode=delta clients=2 resync=0 maxBuffered=0 stateAgeMs=27 D1{on=1,ready=1,sync=1,startup=TEST_READY,attempts=1,streak=167,firstAgeMs=19473,readyAgeMs=19224,total=668,delta=12,hist=668,lastAgeMs=26,reset=0} D2{on=1,ready=1,sync=1,startup=TEST_READY,attempts=1,streak=155,firstAgeMs=18713,readyAgeMs=18473,total=620,delta=12,hist=620,lastAgeMs=37,reset=0} D3{on=1,ready=1,sync=1,startup=TEST_READY,attempts=1,streak=156,firstAgeMs=18783,readyAgeMs=18492,total=648,delta=12,hist=648,lastAgeMs=26,reset=0} D4{on=1,ready=1,sync=1,startup=TEST_READY,attempts=1,streak=146,firstAgeMs=18174,readyAgeMs=17903,total=584,delta=12,hist=584,lastAgeMs=37,reset=0} D5{on=1,ready=1,sync=1,startup=TEST_READY,attempts=1,streak=155,firstAgeMs=18698,readyAgeMs=18487,total=620,delta=12,hist=620,lastAgeMs=37,reset=0} D6{on=1,ready=1,sync=1,startup=TEST_READY,attempts=1,streak=156,firstAgeMs=18715,readyAgeMs=18486,total=624,delta=16,hist=624,lastAgeMs=0,reset=0}
[2026-09-09T08:41:07.379Z][RENDERER/1] file:///D:/%E4%B8%8A%E4%BD%8D%E6%9C%BA%E7%95%8C%E9%9D%A2%E5%8E%9F%E5%9E%8B%E7%89%88/flame-detector-bench-desktop/dist/assets/index-A9TaTnGI.js:264 [WaveformDiag][UI] kind=delta wireAgeMs=51 payloadAgeMs=51 D1{on=1,total=668,delta=12,lastAgeMs=50,reset=0} D2{on=1,total=620,delta=12,lastAgeMs=61,reset=0} D3{on=1,total=648,delta=12,lastAgeMs=50,reset=0} D4{on=1,total=584,delta=12,lastAgeMs=61,reset=0} D5{on=1,total=620,delta=12,lastAgeMs=61,reset=0} D6{on=1,total=624,delta=16,lastAgeMs=24,reset=0}
[2026-09-09T08:41:08.341Z][STDOUT] [WaveformDiag][WS] mode=delta clients=2 resync=0 maxBuffered=0 stateAgeMs=37 D1{on=1,ready=1,sync=1,startup=TEST_READY,attempts=1,streak=183,firstAgeMs=20491,readyAgeMs=20242,total=732,delta=12,hist=732,lastAgeMs=46,reset=0} D2{on=1,ready=1,sync=1,startup=TEST_READY,attempts=1,streak=172,firstAgeMs=19731,readyAgeMs=19491,total=688,delta=16,hist=688,lastAgeMs=0,reset=0} D3{on=1,ready=1,sync=1,startup=TEST_READY,attempts=1,streak=172,firstAgeMs=19801,readyAgeMs=19510,total=712,delta=12,hist=712,lastAgeMs=45,reset=0} D4{on=1,ready=1,sync=1,startup=TEST_READY,attempts=1,streak=163,firstAgeMs=19192,readyAgeMs=18921,total=652,delta=16,hist=652,lastAgeMs=5,reset=0} D5{on=1,ready=1,sync=1,startup=TEST_READY,attempts=1,streak=172,firstAgeMs=19716,readyAgeMs=19505,total=688,delta=12,hist=688,lastAgeMs=19,reset=0} D6{on=1,ready=1,sync=1,startup=TEST_READY,attempts=1,streak=172,firstAgeMs=19733,readyAgeMs=19504,total=688,delta=12,hist=688,lastAgeMs=20,reset=0}
[2026-09-09T08:41:08.554Z][RENDERER/1] file:///D:/%E4%B8%8A%E4%BD%8D%E6%9C%BA%E7%95%8C%E9%9D%A2%E5%8E%9F%E5%9E%8B%E7%89%88/flame-detector-bench-desktop/dist/assets/index-A9TaTnGI.js:264 [WaveformDiag][UI] kind=delta wireAgeMs=43 payloadAgeMs=43 D1{on=1,total=748,delta=16,lastAgeMs=22,reset=0} D2{on=1,total=700,delta=12,lastAgeMs=25,reset=0} D3{on=1,total=728,delta=16,lastAgeMs=14,reset=0} D4{on=1,total=664,delta=12,lastAgeMs=25,reset=0} D5{on=1,total=700,delta=12,lastAgeMs=43,reset=0} D6{on=1,total=700,delta=12,lastAgeMs=39,reset=0}
[2026-09-09T08:41:08.617Z][STDOUT] [噪声窗口][PLC] 开启 batch=field-waveform-1788943219240-14 at=1788943268616/2026-09-09T08:41:08.616Z
[2026-09-09T08:41:09.368Z][STDOUT] [WaveformDiag][WS] mode=delta clients=2 resync=0 maxBuffered=0 stateAgeMs=41 D1{on=1,ready=1,sync=1,startup=TEST_READY,attempts=1,streak=200,firstAgeMs=21518,readyAgeMs=21269,total=800,delta=12,hist=800,lastAgeMs=10,reset=0} D2{on=1,ready=1,sync=1,startup=TEST_READY,attempts=1,streak=188,firstAgeMs=20758,readyAgeMs=20518,total=752,delta=12,hist=752,lastAgeMs=10,reset=0} D3{on=1,ready=1,sync=1,startup=TEST_READY,attempts=1,streak=189,firstAgeMs=20828,readyAgeMs=20537,total=780,delta=16,hist=780,lastAgeMs=10,reset=0} D4{on=1,ready=1,sync=1,startup=TEST_READY,attempts=1,streak=179,firstAgeMs=20219,readyAgeMs=19948,total=716,delta=12,hist=716,lastAgeMs=11,reset=0} D5{on=1,ready=1,sync=1,startup=TEST_READY,attempts=1,streak=188,firstAgeMs=20743,readyAgeMs=20532,total=752,delta=12,hist=752,lastAgeMs=11,reset=0} D6{on=1,ready=1,sync=1,startup=TEST_READY,attempts=1,streak=188,firstAgeMs=20760,readyAgeMs=20531,total=752,delta=12,hist=752,lastAgeMs=44,reset=0}
[2026-09-09T08:41:09.573Z][RENDERER/1] file:///D:/%E4%B8%8A%E4%BD%8D%E6%9C%BA%E7%95%8C%E9%9D%A2%E5%8E%9F%E5%9E%8B%E7%89%88/flame-detector-bench-desktop/dist/assets/index-A9TaTnGI.js:264 [WaveformDiag][UI] kind=delta wireAgeMs=28 payloadAgeMs=28 D1{on=1,total=812,delta=12,lastAgeMs=41,reset=0} D2{on=1,total=764,delta=12,lastAgeMs=44,reset=0} D3{on=1,total=792,delta=12,lastAgeMs=28,reset=0} D4{on=1,total=728,delta=12,lastAgeMs=45,reset=0} D5{on=1,total=768,delta=16,lastAgeMs=0,reset=0} D6{on=1,total=764,delta=12,lastAgeMs=63,reset=0}
[2026-09-09T08:41:10.385Z][STDOUT] [WaveformDiag][WS] mode=delta clients=2 resync=0 maxBuffered=0 stateAgeMs=33 D1{on=1,ready=1,sync=1,startup=TEST_READY,attempts=1,streak=216,firstAgeMs=22535,readyAgeMs=22286,total=864,delta=12,hist=864,lastAgeMs=41,reset=0} D2{on=1,ready=1,sync=1,startup=TEST_READY,attempts=1,streak=204,firstAgeMs=21775,readyAgeMs=21535,total=816,delta=12,hist=816,lastAgeMs=40,reset=0} D3{on=1,ready=1,sync=1,startup=TEST_READY,attempts=1,streak=205,firstAgeMs=21845,readyAgeMs=21554,total=844,delta=12,hist=844,lastAgeMs=33,reset=0} D4{on=1,ready=1,sync=1,startup=TEST_READY,attempts=1,streak=195,firstAgeMs=21236,readyAgeMs=20965,total=780,delta=12,hist=780,lastAgeMs=41,reset=0} D5{on=1,ready=1,sync=1,startup=TEST_READY,attempts=1,streak=205,firstAgeMs=21760,readyAgeMs=21549,total=820,delta=16,hist=820,lastAgeMs=0,reset=0} D6{on=1,ready=1,sync=1,startup=TEST_READY,attempts=1,streak=204,firstAgeMs=21777,readyAgeMs=21548,total=816,delta=12,hist=816,lastAgeMs=51,reset=0}
[2026-09-09T08:41:10.643Z][RENDERER/1] file:///D:/%E4%B8%8A%E4%BD%8D%E6%9C%BA%E7%95%8C%E9%9D%A2%E5%8E%9F%E5%9E%8B%E7%89%88/flame-detector-bench-desktop/dist/assets/index-A9TaTnGI.js:264 [WaveformDiag][UI] kind=delta wireAgeMs=33 payloadAgeMs=33 D1{on=1,total=876,delta=12,lastAgeMs=59,reset=0} D2{on=1,total=828,delta=12,lastAgeMs=62,reset=0} D3{on=1,total=856,delta=12,lastAgeMs=51,reset=0} D4{on=1,total=792,delta=12,lastAgeMs=67,reset=0} D5{on=1,total=832,delta=12,lastAgeMs=18,reset=0} D6{on=1,total=832,delta=16,lastAgeMs=17,reset=0}
[2026-09-09T08:41:11.398Z][STDOUT] [WaveformDiag][WS] mode=delta clients=2 resync=0 maxBuffered=0 stateAgeMs=14 D1{on=1,ready=1,sync=1,startup=TEST_READY,attempts=1,streak=232,firstAgeMs=23548,readyAgeMs=23299,total=928,delta=12,hist=928,lastAgeMs=37,reset=0} D2{on=1,ready=1,sync=1,startup=TEST_READY,attempts=1,streak=220,firstAgeMs=22788,readyAgeMs=22548,total=880,delta=12,hist=880,lastAgeMs=37,reset=0} D3{on=1,ready=1,sync=1,startup=TEST_READY,attempts=1,streak=221,firstAgeMs=22858,readyAgeMs=22567,total=908,delta=12,hist=908,lastAgeMs=37,reset=0} D4{on=1,ready=1,sync=1,startup=TEST_READY,attempts=1,streak=211,firstAgeMs=22249,readyAgeMs=21978,total=844,delta=12,hist=844,lastAgeMs=38,reset=0} D5{on=1,ready=1,sync=1,startup=TEST_READY,attempts=1,streak=221,firstAgeMs=22773,readyAgeMs=22562,total=884,delta=12,hist=884,lastAgeMs=13,reset=0} D6{on=1,ready=1,sync=1,startup=TEST_READY,attempts=1,streak=221,firstAgeMs=22790,readyAgeMs=22561,total=884,delta=12,hist=884,lastAgeMs=14,reset=0}
[2026-09-09T08:41:11.602Z][RENDERER/1] file:///D:/%E4%B8%8A%E4%BD%8D%E6%9C%BA%E7%95%8C%E9%9D%A2%E5%8E%9F%E5%9E%8B%E7%89%88/flame-detector-bench-desktop/dist/assets/index-A9TaTnGI.js:264 [WaveformDiag][UI] kind=delta wireAgeMs=6 payloadAgeMs=6 D1{on=1,total=944,delta=16,lastAgeMs=6,reset=0} D2{on=1,total=896,delta=16,lastAgeMs=10,reset=0} D3{on=1,total=920,delta=12,lastAgeMs=56,reset=0} D4{on=1,total=860,delta=16,lastAgeMs=15,reset=0} D5{on=1,total=896,delta=12,lastAgeMs=28,reset=0} D6{on=1,total=896,delta=12,lastAgeMs=28,reset=0}
[2026-09-09T08:41:12.402Z][STDOUT] [WaveformDiag][WS] mode=delta clients=2 resync=0 maxBuffered=0 stateAgeMs=42 D1{on=1,ready=1,sync=1,startup=TEST_READY,attempts=1,streak=248,firstAgeMs=24552,readyAgeMs=24303,total=992,delta=12,hist=992,lastAgeMs=41,reset=0} D2{on=1,ready=1,sync=1,startup=TEST_READY,attempts=1,streak=236,firstAgeMs=23792,readyAgeMs=23552,total=944,delta=12,hist=944,lastAgeMs=41,reset=0} D3{on=1,ready=1,sync=1,startup=TEST_READY,attempts=1,streak=237,firstAgeMs=23862,readyAgeMs=23571,total=972,delta=12,hist=972,lastAgeMs=41,reset=0} D4{on=1,ready=1,sync=1,startup=TEST_READY,attempts=1,streak=227,firstAgeMs=23253,readyAgeMs=22982,total=908,delta=12,hist=908,lastAgeMs=41,reset=0} D5{on=1,ready=1,sync=1,startup=TEST_READY,attempts=1,streak=236,firstAgeMs=23777,readyAgeMs=23566,total=944,delta=12,hist=944,lastAgeMs=42,reset=0} D6{on=1,ready=1,sync=1,startup=TEST_READY,attempts=1,streak=236,firstAgeMs=23794,readyAgeMs=23565,total=944,delta=8,hist=944,lastAgeMs=42,reset=0}
[2026-09-09T08:41:12.604Z][RENDERER/1] file:///D:/%E4%B8%8A%E4%BD%8D%E6%9C%BA%E7%95%8C%E9%9D%A2%E5%8E%9F%E5%9E%8B%E7%89%88/flame-detector-bench-desktop/dist/assets/index-A9TaTnGI.js:264 [WaveformDiag][UI] kind=delta wireAgeMs=46 payloadAgeMs=46 D1{on=1,total=1008,delta=16,lastAgeMs=3,reset=0} D2{on=1,total=960,delta=16,lastAgeMs=6,reset=0} D3{on=1,total=988,delta=16,lastAgeMs=0,reset=0} D4{on=1,total=924,delta=16,lastAgeMs=17,reset=0} D5{on=1,total=960,delta=16,lastAgeMs=25,reset=0} D6{on=1,total=960,delta=16,lastAgeMs=31,reset=0}
[2026-09-09T08:41:13.420Z][STDOUT] [WaveformDiag][WS] mode=delta clients=2 resync=0 maxBuffered=0 stateAgeMs=47 D1{on=1,ready=1,sync=1,startup=TEST_READY,attempts=1,streak=264,firstAgeMs=25570,readyAgeMs=25321,total=1056,delta=12,hist=1000,lastAgeMs=45,reset=0} D2{on=1,ready=1,sync=1,startup=TEST_READY,attempts=1,streak=253,firstAgeMs=24810,readyAgeMs=24570,total=1012,delta=12,hist=1000,lastAgeMs=9,reset=0} D3{on=1,ready=1,sync=1,startup=TEST_READY,attempts=1,streak=253,firstAgeMs=24880,readyAgeMs=24589,total=1036,delta=12,hist=1000,lastAgeMs=45,reset=0} D4{on=1,ready=1,sync=1,startup=TEST_READY,attempts=1,streak=244,firstAgeMs=24271,readyAgeMs=24000,total=976,delta=12,hist=976,lastAgeMs=9,reset=0} D5{on=1,ready=1,sync=1,startup=TEST_READY,attempts=1,streak=253,firstAgeMs=24795,readyAgeMs=24584,total=1012,delta=12,hist=1000,lastAgeMs=9,reset=0} D6{on=1,ready=1,sync=1,startup=TEST_READY,attempts=1,streak=253,firstAgeMs=24812,readyAgeMs=24583,total=1012,delta=12,hist=1000,lastAgeMs=9,reset=0}
[2026-09-09T08:41:13.632Z][RENDERER/1] file:///D:/%E4%B8%8A%E4%BD%8D%E6%9C%BA%E7%95%8C%E9%9D%A2%E5%8E%9F%E5%9E%8B%E7%89%88/flame-detector-bench-desktop/dist/assets/index-A9TaTnGI.js:264 [WaveformDiag][UI] kind=delta wireAgeMs=56 payloadAgeMs=56 D1{on=1,total=1072,delta=16,lastAgeMs=36,reset=0} D2{on=1,total=1024,delta=12,lastAgeMs=40,reset=0} D3{on=1,total=1052,delta=16,lastAgeMs=23,reset=0} D4{on=1,total=988,delta=12,lastAgeMs=44,reset=0} D5{on=1,total=1024,delta=12,lastAgeMs=55,reset=0} D6{on=1,total=1024,delta=12,lastAgeMs=55,reset=0}
[2026-09-09T08:41:14.448Z][STDOUT] [WaveformDiag][WS] mode=delta clients=2 resync=0 maxBuffered=0 stateAgeMs=0 D1{on=1,ready=1,sync=1,startup=TEST_READY,attempts=1,streak=281,firstAgeMs=26598,readyAgeMs=26349,total=1124,delta=12,hist=1000,lastAgeMs=12,reset=0} D2{on=1,ready=1,sync=1,startup=TEST_READY,attempts=1,streak=269,firstAgeMs=25838,readyAgeMs=25598,total=1076,delta=12,hist=1000,lastAgeMs=13,reset=0} D3{on=1,ready=1,sync=1,startup=TEST_READY,attempts=1,streak=270,firstAgeMs=25908,readyAgeMs=25617,total=1104,delta=12,hist=1000,lastAgeMs=12,reset=0} D4{on=1,ready=1,sync=1,startup=TEST_READY,attempts=1,streak=260,firstAgeMs=25299,readyAgeMs=25028,total=1040,delta=12,hist=1000,lastAgeMs=13,reset=0} D5{on=1,ready=1,sync=1,startup=TEST_READY,attempts=1,streak=269,firstAgeMs=25823,readyAgeMs=25612,total=1076,delta=12,hist=1000,lastAgeMs=57,reset=0} D6{on=1,ready=1,sync=1,startup=TEST_READY,attempts=1,streak=269,firstAgeMs=25840,readyAgeMs=25611,total=1076,delta=12,hist=1000,lastAgeMs=57,reset=0}
[2026-09-09T08:41:14.655Z][RENDERER/1] file:///D:/%E4%B8%8A%E4%BD%8D%E6%9C%BA%E7%95%8C%E9%9D%A2%E5%8E%9F%E5%9E%8B%E7%89%88/flame-detector-bench-desktop/dist/assets/index-A9TaTnGI.js:264 [WaveformDiag][UI] kind=delta wireAgeMs=37 payloadAgeMs=37 D1{on=1,total=1136,delta=12,lastAgeMs=36,reset=0} D2{on=1,total=1088,delta=12,lastAgeMs=36,reset=0} D3{on=1,total=1116,delta=12,lastAgeMs=35,reset=0} D4{on=1,total=1056,delta=16,lastAgeMs=0,reset=0} D5{on=1,total=1092,delta=16,lastAgeMs=14,reset=0} D6{on=1,total=1092,delta=16,lastAgeMs=19,reset=0}
[2026-09-09T08:41:15.467Z][STDOUT] [WaveformDiag][WS] mode=delta clients=2 resync=0 maxBuffered=0 stateAgeMs=13 D1{on=1,ready=1,sync=1,startup=TEST_READY,attempts=1,streak=297,firstAgeMs=27617,readyAgeMs=27368,total=1188,delta=12,hist=1000,lastAgeMs=50,reset=0} D2{on=1,ready=1,sync=1,startup=TEST_READY,attempts=1,streak=285,firstAgeMs=26857,readyAgeMs=26617,total=1140,delta=12,hist=1000,lastAgeMs=50,reset=0} D3{on=1,ready=1,sync=1,startup=TEST_READY,attempts=1,streak=286,firstAgeMs=26927,readyAgeMs=26636,total=1168,delta=12,hist=1000,lastAgeMs=50,reset=0} D4{on=1,ready=1,sync=1,startup=TEST_READY,attempts=1,streak=276,firstAgeMs=26318,readyAgeMs=26047,total=1104,delta=12,hist=1000,lastAgeMs=51,reset=0} D5{on=1,ready=1,sync=1,startup=TEST_READY,attempts=1,streak=286,firstAgeMs=26842,readyAgeMs=26631,total=1144,delta=16,hist=1000,lastAgeMs=11,reset=0} D6{on=1,ready=1,sync=1,startup=TEST_READY,attempts=1,streak=286,firstAgeMs=26859,readyAgeMs=26630,total=1144,delta=12,hist=1000,lastAgeMs=11,reset=0}
[2026-09-09T08:41:15.673Z][RENDERER/1] file:///D:/%E4%B8%8A%E4%BD%8D%E6%9C%BA%E7%95%8C%E9%9D%A2%E5%8E%9F%E5%9E%8B%E7%89%88/flame-detector-bench-desktop/dist/assets/index-A9TaTnGI.js:264 [WaveformDiag][UI] kind=delta wireAgeMs=32 payloadAgeMs=32 D1{on=1,total=1204,delta=16,lastAgeMs=14,reset=0} D2{on=1,total=1156,delta=16,lastAgeMs=17,reset=0} D3{on=1,total=1184,delta=16,lastAgeMs=6,reset=0} D4{on=1,total=1120,delta=16,lastAgeMs=18,reset=0} D5{on=1,total=1156,delta=12,lastAgeMs=30,reset=0} D6{on=1,total=1156,delta=12,lastAgeMs=30,reset=0}
[2026-09-09T08:41:16.490Z][STDOUT] [WaveformDiag][WS] mode=delta clients=2 resync=0 maxBuffered=0 stateAgeMs=1 D1{on=1,ready=1,sync=1,startup=TEST_READY,attempts=1,streak=314,firstAgeMs=28640,readyAgeMs=28391,total=1256,delta=12,hist=1000,lastAgeMs=12,reset=0} D2{on=1,ready=1,sync=1,startup=TEST_READY,attempts=1,streak=302,firstAgeMs=27880,readyAgeMs=27640,total=1208,delta=12,hist=1000,lastAgeMs=1,reset=0} D3{on=1,ready=1,sync=1,startup=TEST_READY,attempts=1,streak=302,firstAgeMs=27950,readyAgeMs=27659,total=1232,delta=12,hist=1000,lastAgeMs=54,reset=0} D4{on=1,ready=1,sync=1,startup=TEST_READY,attempts=1,streak=293,firstAgeMs=27341,readyAgeMs=27070,total=1172,delta=12,hist=1000,lastAgeMs=12,reset=0} D5{on=1,ready=1,sync=1,startup=TEST_READY,attempts=1,streak=302,firstAgeMs=27865,readyAgeMs=27654,total=1208,delta=12,hist=1000,lastAgeMs=13,reset=0} D6{on=1,ready=1,sync=1,startup=TEST_READY,attempts=1,streak=302,firstAgeMs=27882,readyAgeMs=27653,total=1208,delta=12,hist=1000,lastAgeMs=13,reset=0}
[2026-09-09T08:41:16.699Z][RENDERER/1] file:///D:/%E4%B8%8A%E4%BD%8D%E6%9C%BA%E7%95%8C%E9%9D%A2%E5%8E%9F%E5%9E%8B%E7%89%88/flame-detector-bench-desktop/dist/assets/index-A9TaTnGI.js:264 [WaveformDiag][UI] kind=delta wireAgeMs=46 payloadAgeMs=46 D1{on=1,total=1268,delta=12,lastAgeMs=34,reset=0} D2{on=1,total=1220,delta=12,lastAgeMs=40,reset=0} D3{on=1,total=1248,delta=16,lastAgeMs=31,reset=0} D4{on=1,total=1184,delta=12,lastAgeMs=39,reset=0} D5{on=1,total=1220,delta=12,lastAgeMs=41,reset=0} D6{on=1,total=1220,delta=12,lastAgeMs=41,reset=0}
[2026-09-09T08:41:17.513Z][STDOUT] [WaveformDiag][WS] mode=delta clients=2 resync=0 maxBuffered=0 stateAgeMs=0 D1{on=1,ready=1,sync=1,startup=TEST_READY,attempts=1,streak=330,firstAgeMs=29663,readyAgeMs=29414,total=1320,delta=12,hist=1000,lastAgeMs=14,reset=0} D2{on=1,ready=1,sync=1,startup=TEST_READY,attempts=1,streak=318,firstAgeMs=28903,readyAgeMs=28663,total=1272,delta=12,hist=1000,lastAgeMs=14,reset=0} D3{on=1,ready=1,sync=1,startup=TEST_READY,attempts=1,streak=319,firstAgeMs=28973,readyAgeMs=28682,total=1300,delta=12,hist=1000,lastAgeMs=14,reset=0} D4{on=1,ready=1,sync=1,startup=TEST_READY,attempts=1,streak=309,firstAgeMs=28364,readyAgeMs=28093,total=1236,delta=12,hist=1000,lastAgeMs=1,reset=0} D5{on=1,ready=1,sync=1,startup=TEST_READY,attempts=1,streak=318,firstAgeMs=28888,readyAgeMs=28677,total=1272,delta=12,hist=1000,lastAgeMs=54,reset=0} D6{on=1,ready=1,sync=1,startup=TEST_READY,attempts=1,streak=318,firstAgeMs=28905,readyAgeMs=28676,total=1272,delta=12,hist=1000,lastAgeMs=54,reset=0}
[2026-09-09T08:41:17.717Z][RENDERER/1] file:///D:/%E4%B8%8A%E4%BD%8D%E6%9C%BA%E7%95%8C%E9%9D%A2%E5%8E%9F%E5%9E%8B%E7%89%88/flame-detector-bench-desktop/dist/assets/index-A9TaTnGI.js:264 [WaveformDiag][UI] kind=delta wireAgeMs=40 payloadAgeMs=40 D1{on=1,total=1332,delta=12,lastAgeMs=38,reset=0} D2{on=1,total=1284,delta=12,lastAgeMs=38,reset=0} D3{on=1,total=1312,delta=12,lastAgeMs=37,reset=0} D4{on=1,total=1248,delta=12,lastAgeMs=38,reset=0} D5{on=1,total=1288,delta=16,lastAgeMs=13,reset=0} D6{on=1,total=1288,delta=16,lastAgeMs=18,reset=0}
[2026-09-09T08:41:18.541Z][STDOUT] [WaveformDiag][WS] mode=delta clients=2 resync=0 maxBuffered=0 stateAgeMs=49 D1{on=1,ready=1,sync=1,startup=TEST_READY,attempts=1,streak=346,firstAgeMs=30691,readyAgeMs=30442,total=1384,delta=12,hist=1000,lastAgeMs=48,reset=0} D2{on=1,ready=1,sync=1,startup=TEST_READY,attempts=1,streak=334,firstAgeMs=29931,readyAgeMs=29691,total=1336,delta=12,hist=1000,lastAgeMs=48,reset=0} D3{on=1,ready=1,sync=1,startup=TEST_READY,attempts=1,streak=335,firstAgeMs=30001,readyAgeMs=29710,total=1364,delta=12,hist=1000,lastAgeMs=48,reset=0} D4{on=1,ready=1,sync=1,startup=TEST_READY,attempts=1,streak=325,firstAgeMs=29392,readyAgeMs=29121,total=1300,delta=8,hist=1000,lastAgeMs=48,reset=0} D5{on=1,ready=1,sync=1,startup=TEST_READY,attempts=1,streak=334,firstAgeMs=29916,readyAgeMs=29705,total=1336,delta=8,hist=1000,lastAgeMs=47,reset=0} D6{on=1,ready=1,sync=1,startup=TEST_READY,attempts=1,streak=334,firstAgeMs=29933,readyAgeMs=29704,total=1336,delta=8,hist=1000,lastAgeMs=49,reset=0}
[2026-09-09T08:41:18.635Z][STDOUT] [噪声窗口] 开始 batch=field-waveform-1788943219240-14 plcOpenAt=1788943268616/2026-09-09T08:41:08.616Z captureStartAt=1788943278635/2026-09-09T08:41:18.635Z stabilizationWaitMs=10000
[2026-09-09T08:41:18.756Z][RENDERER/1] file:///D:/%E4%B8%8A%E4%BD%8D%E6%9C%BA%E7%95%8C%E9%9D%A2%E5%8E%9F%E5%9E%8B%E7%89%88/flame-detector-bench-desktop/dist/assets/index-A9TaTnGI.js:264 [WaveformDiag][UI] kind=delta wireAgeMs=36 payloadAgeMs=36 D1{on=1,total=1400,delta=16,lastAgeMs=33,reset=0} D2{on=1,total=1352,delta=16,lastAgeMs=34,reset=0} D3{on=1,total=1380,delta=16,lastAgeMs=26,reset=0} D4{on=1,total=1316,delta=16,lastAgeMs=33,reset=0} D5{on=1,total=1352,delta=16,lastAgeMs=33,reset=0} D6{on=1,total=1352,delta=16,lastAgeMs=33,reset=0}
[2026-09-09T08:41:19.579Z][STDOUT] [WaveformDiag][WS] mode=delta clients=2 resync=0 maxBuffered=0 stateAgeMs=48 D1{on=1,ready=1,sync=1,startup=TEST_READY,attempts=1,streak=363,firstAgeMs=31728,readyAgeMs=31479,total=1452,delta=12,hist=1000,lastAgeMs=0,reset=0} D2{on=1,ready=1,sync=1,startup=TEST_READY,attempts=1,streak=351,firstAgeMs=30968,readyAgeMs=30728,total=1404,delta=12,hist=1000,lastAgeMs=46,reset=0} D3{on=1,ready=1,sync=1,startup=TEST_READY,attempts=1,streak=351,firstAgeMs=31038,readyAgeMs=30747,total=1428,delta=8,hist=1000,lastAgeMs=47,reset=0} D4{on=1,ready=1,sync=1,startup=TEST_READY,attempts=1,streak=342,firstAgeMs=30429,readyAgeMs=30158,total=1368,delta=12,hist=1000,lastAgeMs=47,reset=0} D5{on=1,ready=1,sync=1,startup=TEST_READY,attempts=1,streak=351,firstAgeMs=30953,readyAgeMs=30742,total=1404,delta=12,hist=1000,lastAgeMs=47,reset=0} D6{on=1,ready=1,sync=1,startup=TEST_READY,attempts=1,streak=351,firstAgeMs=30970,readyAgeMs=30741,total=1404,delta=12,hist=1000,lastAgeMs=47,reset=0}
[2026-09-09T08:41:19.668Z][STDOUT] [噪声窗口][每秒] at=1788943279668/2026-09-09T08:41:19.668Z D1{frames=15,reject=0,samples=60/60,ageMs=18,maxGapMs=115,ready=1,sync=1,N[P1{n=4,min=0,max=0,last=0};P2{n=4,min=-196,max=-52,last=-52};P3{n=4,min=-182,max=-102,last=-102};P4{n=0}]} D2{frames=15,reject=0,samples=60/60,ageMs=70,maxGapMs=125,ready=1,sync=1,N[P1{n=4,min=-5,max=11,last=-5};P2{n=4,min=-171,max=-75,last=-107};P3{n=4,min=-164,max=-84,last=-84};P4{n=0}]} D3{frames=15,reject=0,samples=60/60,ageMs=87,maxGapMs=128,ready=1,sync=1,N[P1{n=4,min=-4,max=-4,last=-4};P2{n=4,min=-129,max=-65,last=-81};P3{n=4,min=-152,max=-88,last=-88};P4{n=0}]} D4{frames=15,reject=0,samples=60/60,ageMs=68,maxGapMs=187,ready=1,sync=1,N[P1{n=4,min=-1,max=-1,last=-1};P2{n=4,min=-208,max=-112,last=-128};P3{n=4,min=-189,max=-77,last=-109};P4{n=0}]} D5{frames=15,reject=0,samples=60/60,ageMs=72,maxGapMs=134,ready=1,sync=1,N[P1{n=4,min=-1,max=-1,last=-1};P2{n=4,min=-168,max=-56,last=-72};P3{n=4,min=-198,max=-102,last=-102};P4{n=0}]} D6{frames=15,reject=0,samples=60/60,ageMs=73,maxGapMs=132,ready=1,sync=1,N[P1{n=4,min=-5,max=11,last=11};P2{n=4,min=-210,max=-50,last=-50};P3{n=4,min=-186,max=-58,last=-58};P4{n=0}]}
[2026-09-09T08:41:19.804Z][RENDERER/1] file:///D:/%E4%B8%8A%E4%BD%8D%E6%9C%BA%E7%95%8C%E9%9D%A2%E5%8E%9F%E5%9E%8B%E7%89%88/flame-detector-bench-desktop/dist/assets/index-A9TaTnGI.js:264 [WaveformDiag][UI] kind=delta wireAgeMs=1 payloadAgeMs=1 D1{on=1,total=1460,delta=8,lastAgeMs=125,reset=0} D2{on=1,total=1412,delta=8,lastAgeMs=125,reset=0} D3{on=1,total=1440,delta=12,lastAgeMs=127,reset=0} D4{on=1,total=1376,delta=8,lastAgeMs=126,reset=0} D5{on=1,total=1412,delta=8,lastAgeMs=127,reset=0} D6{on=1,total=1412,delta=8,lastAgeMs=126,reset=0}
[2026-09-09T08:41:20.603Z][STDOUT] [WaveformDiag][WS] mode=delta clients=2 resync=0 maxBuffered=0 stateAgeMs=0 D1{on=1,ready=1,sync=1,startup=TEST_READY,attempts=1,streak=379,firstAgeMs=32753,readyAgeMs=32504,total=1516,delta=12,hist=1000,lastAgeMs=50,reset=0} D2{on=1,ready=1,sync=1,startup=TEST_READY,attempts=1,streak=367,firstAgeMs=31993,readyAgeMs=31753,total=1468,delta=12,hist=1000,lastAgeMs=50,reset=0} D3{on=1,ready=1,sync=1,startup=TEST_READY,attempts=1,streak=368,firstAgeMs=32063,readyAgeMs=31772,total=1496,delta=12,hist=1000,lastAgeMs=50,reset=0} D4{on=1,ready=1,sync=1,startup=TEST_READY,attempts=1,streak=358,firstAgeMs=31454,readyAgeMs=31183,total=1432,delta=8,hist=1000,lastAgeMs=50,reset=0} D5{on=1,ready=1,sync=1,startup=TEST_READY,attempts=1,streak=367,firstAgeMs=31978,readyAgeMs=31767,total=1468,delta=8,hist=1000,lastAgeMs=51,reset=0} D6{on=1,ready=1,sync=1,startup=TEST_READY,attempts=1,streak=367,firstAgeMs=31995,readyAgeMs=31766,total=1468,delta=8,hist=1000,lastAgeMs=51,reset=0}
[2026-09-09T08:41:20.697Z][STDOUT] [噪声窗口][每秒] at=1788943280697/2026-09-09T08:41:20.697Z D1{frames=29,reject=0,samples=116/116,ageMs=71,maxGapMs=128,ready=1,sync=1,N[P1{n=4,min=0,max=0,last=0};P2{n=4,min=-178,max=-50,last=-50};P3{n=4,min=-166,max=-22,last=-22};P4{n=0}]} D2{frames=29,reject=0,samples=116/116,ageMs=88,maxGapMs=127,ready=1,sync=1,N[P1{n=4,min=-5,max=11,last=11};P2{n=4,min=-143,max=33,last=-143};P3{n=4,min=-118,max=26,last=-118};P4{n=0}]} D3{frames=29,reject=0,samples=116/116,ageMs=70,maxGapMs=130,ready=1,sync=1,N[P1{n=4,min=-3,max=13,last=-3};P2{n=4,min=-126,max=-46,last=-46};P3{n=4,min=-128,max=-64,last=-80};P4{n=0}]} D4{frames=29,reject=0,samples=116/116,ageMs=88,maxGapMs=187,ready=1,sync=1,N[P1{n=4,min=-1,max=-1,last=-1};P2{n=4,min=-175,max=-47,last=-111};P3{n=4,min=-142,max=-46,last=-94};P4{n=0}]} D5{frames=29,reject=0,samples=116/116,ageMs=89,maxGapMs=134,ready=1,sync=1,N[P1{n=4,min=-1,max=-1,last=-1};P2{n=4,min=-107,max=-11,last=-11};P3{n=4,min=-100,max=-36,last=-36};P4{n=0}]} D6{frames=29,reject=0,samples=116/116,ageMs=89,maxGapMs=132,ready=1,sync=1,N[P1{n=4,min=-5,max=11,last=11};P2{n=4,min=-147,max=-83,last=-83};P3{n=4,min=-139,max=-59,last=-107};P4{n=0}]}
[2026-09-09T08:41:20.815Z][RENDERER/1] file:///D:/%E4%B8%8A%E4%BD%8D%E6%9C%BA%E7%95%8C%E9%9D%A2%E5%8E%9F%E5%9E%8B%E7%89%88/flame-detector-bench-desktop/dist/assets/index-A9TaTnGI.js:264 [WaveformDiag][UI] kind=delta wireAgeMs=36 payloadAgeMs=36 D1{on=1,total=1532,delta=16,lastAgeMs=30,reset=0} D2{on=1,total=1484,delta=16,lastAgeMs=29,reset=0} D3{on=1,total=1512,delta=16,lastAgeMs=17,reset=0} D4{on=1,total=1448,delta=16,lastAgeMs=34,reset=0} D5{on=1,total=1484,delta=16,lastAgeMs=34,reset=0} D6{on=1,total=1484,delta=16,lastAgeMs=34,reset=0}
[2026-09-09T08:41:21.637Z][STDOUT] [WaveformDiag][WS] mode=delta clients=2 resync=0 maxBuffered=0 stateAgeMs=49 D1{on=1,ready=1,sync=1,startup=TEST_READY,attempts=1,streak=395,firstAgeMs=33787,readyAgeMs=33538,total=1580,delta=8,hist=1000,lastAgeMs=46,reset=0} D2{on=1,ready=1,sync=1,startup=TEST_READY,attempts=1,streak=384,firstAgeMs=33027,readyAgeMs=32787,total=1536,delta=12,hist=1000,lastAgeMs=46,reset=0} D3{on=1,ready=1,sync=1,startup=TEST_READY,attempts=1,streak=384,firstAgeMs=33097,readyAgeMs=32806,total=1560,delta=8,hist=1000,lastAgeMs=47,reset=0} D4{on=1,ready=1,sync=1,startup=TEST_READY,attempts=1,streak=375,firstAgeMs=32488,readyAgeMs=32217,total=1500,delta=12,hist=1000,lastAgeMs=47,reset=0} D5{on=1,ready=1,sync=1,startup=TEST_READY,attempts=1,streak=384,firstAgeMs=33012,readyAgeMs=32801,total=1536,delta=12,hist=1000,lastAgeMs=47,reset=0} D6{on=1,ready=1,sync=1,startup=TEST_READY,attempts=1,streak=384,firstAgeMs=33029,readyAgeMs=32800,total=1536,delta=12,hist=1000,lastAgeMs=47,reset=0}
[2026-09-09T08:41:21.658Z][STDOUT] [噪声窗口][每秒] at=1788943281658/2026-09-09T08:41:21.658Z D1{frames=43,reject=0,samples=172/172,ageMs=17,maxGapMs=130,ready=1,sync=1,N[P1{n=4,min=0,max=0,last=0};P2{n=4,min=-138,max=-74,last=-106};P3{n=4,min=-125,max=-77,last=-77};P4{n=0}]} D2{frames=43,reject=0,samples=172/172,ageMs=67,maxGapMs=155,ready=1,sync=1,N[P1{n=4,min=-5,max=11,last=-5};P2{n=4,min=-154,max=-26,last=-26};P3{n=4,min=-129,max=-33,last=-33};P4{n=0}]} D3{frames=43,reject=0,samples=172/172,ageMs=17,maxGapMs=130,ready=1,sync=1,N[P1{n=4,min=-3,max=13,last=-3};P2{n=4,min=-166,max=10,last=10};P3{n=4,min=-149,max=11,last=-21};P4{n=0}]} D4{frames=43,reject=0,samples=172/172,ageMs=68,maxGapMs=187,ready=1,sync=1,N[P1{n=4,min=-1,max=-1,last=-1};P2{n=4,min=-135,max=-23,last=-55};P3{n=4,min=-135,max=9,last=-71};P4{n=0}]} D5{frames=43,reject=0,samples=172/172,ageMs=1,maxGapMs=145,ready=1,sync=1,N[P1{n=4,min=-1,max=-1,last=-1};P2{n=4,min=-115,max=-83,last=-99};P3{n=4,min=-136,max=-104,last=-136};P4{n=0}]} D6{frames=43,reject=0,samples=172/172,ageMs=0,maxGapMs=188,ready=1,sync=1,N[P1{n=4,min=-5,max=11,last=-5};P2{n=4,min=-90,max=6,last=-58};P3{n=4,min=-52,max=-4,last=-36};P4{n=0}]}
[2026-09-09T08:41:21.840Z][RENDERER/1] file:///D:/%E4%B8%8A%E4%BD%8D%E6%9C%BA%E7%95%8C%E9%9D%A2%E5%8E%9F%E5%9E%8B%E7%89%88/flame-detector-bench-desktop/dist/assets/index-A9TaTnGI.js:264 [WaveformDiag][UI] kind=delta wireAgeMs=45 payloadAgeMs=45 D1{on=1,total=1596,delta=16,lastAgeMs=42,reset=0} D2{on=1,total=1548,delta=12,lastAgeMs=43,reset=0} D3{on=1,total=1576,delta=16,lastAgeMs=42,reset=0} D4{on=1,total=1512,delta=12,lastAgeMs=43,reset=0} D5{on=1,total=1552,delta=16,lastAgeMs=15,reset=0} D6{on=1,total=1552,delta=16,lastAgeMs=16,reset=0}
[2026-09-09T08:41:22.663Z][STDOUT] [WaveformDiag][WS] mode=delta clients=2 resync=0 maxBuffered=0 stateAgeMs=53 D1{on=1,ready=1,sync=1,startup=TEST_READY,attempts=1,streak=412,firstAgeMs=34813,readyAgeMs=34564,total=1648,delta=12,hist=1000,lastAgeMs=50,reset=0} D2{on=1,ready=1,sync=1,startup=TEST_READY,attempts=1,streak=400,firstAgeMs=34053,readyAgeMs=33813,total=1600,delta=12,hist=1000,lastAgeMs=50,reset=0} D3{on=1,ready=1,sync=1,startup=TEST_READY,attempts=1,streak=401,firstAgeMs=34123,readyAgeMs=33832,total=1628,delta=12,hist=1000,lastAgeMs=50,reset=0} D4{on=1,ready=1,sync=1,startup=TEST_READY,attempts=1,streak=391,firstAgeMs=33514,readyAgeMs=33243,total=1564,delta=12,hist=1000,lastAgeMs=51,reset=0} D5{on=1,ready=1,sync=1,startup=TEST_READY,attempts=1,streak=400,firstAgeMs=34038,readyAgeMs=33827,total=1600,delta=8,hist=1000,lastAgeMs=51,reset=0} D6{on=1,ready=1,sync=1,startup=TEST_READY,attempts=1,streak=400,firstAgeMs=34055,readyAgeMs=33826,total=1600,delta=8,hist=1000,lastAgeMs=51,reset=0}
[2026-09-09T08:41:22.675Z][STDOUT] [噪声窗口][每秒] at=1788943282675/2026-09-09T08:41:22.675Z D1{frames=58,reject=0,samples=232/232,ageMs=62,maxGapMs=130,ready=1,sync=1,N[P1{n=4,min=0,max=0,last=0};P2{n=4,min=-86,max=74,last=10};P3{n=4,min=-42,max=54,last=-26};P4{n=0}]} D2{frames=58,reject=0,samples=232/232,ageMs=62,maxGapMs=155,ready=1,sync=1,N[P1{n=4,min=-4,max=12,last=-4};P2{n=4,min=-74,max=54,last=54};P3{n=4,min=-80,max=64,last=64};P4{n=0}]} D3{frames=58,reject=0,samples=232/232,ageMs=62,maxGapMs=130,ready=1,sync=1,N[P1{n=4,min=-2,max=-2,last=-2};P2{n=4,min=-99,max=-35,last=-99};P3{n=4,min=-96,max=-48,last=-96};P4{n=0}]} D4{frames=58,reject=0,samples=232/232,ageMs=63,maxGapMs=187,ready=1,sync=1,N[P1{n=4,min=-1,max=-1,last=-1};P2{n=4,min=-166,max=10,last=-38};P3{n=4,min=-180,max=28,last=-36};P4{n=0}]} D5{frames=58,reject=0,samples=232/232,ageMs=63,maxGapMs=145,ready=1,sync=1,N[P1{n=4,min=-1,max=15,last=-1};P2{n=4,min=-100,max=-36,last=-100};P3{n=4,min=-102,max=-38,last=-86};P4{n=0}]} D6{frames=58,reject=0,samples=232/232,ageMs=63,maxGapMs=188,ready=1,sync=1,N[P1{n=4,min=-5,max=11,last=11};P2{n=4,min=-91,max=85,last=85};P3{n=4,min=-84,max=108,last=108};P4{n=0}]}
[2026-09-09T08:41:22.878Z][RENDERER/1] file:///D:/%E4%B8%8A%E4%BD%8D%E6%9C%BA%E7%95%8C%E9%9D%A2%E5%8E%9F%E5%9E%8B%E7%89%88/flame-detector-bench-desktop/dist/assets/index-A9TaTnGI.js:264 [WaveformDiag][UI] kind=delta wireAgeMs=39 payloadAgeMs=39 D1{on=1,total=1664,delta=16,lastAgeMs=32,reset=0} D2{on=1,total=1616,delta=16,lastAgeMs=30,reset=0} D3{on=1,total=1644,delta=16,lastAgeMs=23,reset=0} D4{on=1,total=1580,delta=16,lastAgeMs=35,reset=0} D5{on=1,total=1616,delta=16,lastAgeMs=36,reset=0} D6{on=1,total=1616,delta=16,lastAgeMs=37,reset=0}
[2026-09-09T08:41:23.649Z][STDOUT] [噪声窗口][每秒] at=1788943283648/2026-09-09T08:41:23.648Z D1{frames=72,reject=0,samples=288/288,ageMs=67,maxGapMs=130,ready=1,sync=1,N[P1{n=4,min=0,max=0,last=0};P2{n=4,min=-120,max=24,last=-40};P3{n=4,min=-156,max=4,last=-44};P4{n=0}]} D2{frames=72,reject=0,samples=288/288,ageMs=67,maxGapMs=155,ready=1,sync=1,N[P1{n=4,min=-5,max=11,last=11};P2{n=4,min=-77,max=19,last=-13};P3{n=4,min=-51,max=29,last=13};P4{n=0}]} D3{frames=72,reject=0,samples=288/288,ageMs=67,maxGapMs=130,ready=1,sync=1,N[P1{n=4,min=-2,max=-2,last=-2};P2{n=4,min=-132,max=-4,last=-4};P3{n=4,min=-128,max=16,last=16};P4{n=0}]} D4{frames=72,reject=0,samples=288/288,ageMs=67,maxGapMs=187,ready=1,sync=1,N[P1{n=4,min=-1,max=-1,last=-1};P2{n=4,min=-104,max=-8,last=-8};P3{n=4,min=-87,max=-7,last=-7};P4{n=0}]} D5{frames=72,reject=0,samples=288/288,ageMs=66,maxGapMs=145,ready=1,sync=1,N[P1{n=4,min=-1,max=-1,last=-1};P2{n=4,min=-87,max=9,last=-87};P3{n=4,min=-71,max=-7,last=-71};P4{n=0}]} D6{frames=72,reject=0,samples=288/288,ageMs=66,maxGapMs=188,ready=1,sync=1,N[P1{n=4,min=-5,max=11,last=11};P2{n=4,min=-76,max=36,last=-76};P3{n=4,min=-85,max=11,last=-21};P4{n=0}]}
[2026-09-09T08:41:23.715Z][STDOUT] [WaveformDiag][WS] mode=delta clients=2 resync=0 maxBuffered=0 stateAgeMs=2 D1{on=1,ready=1,sync=1,startup=TEST_READY,attempts=1,streak=429,firstAgeMs=35865,readyAgeMs=35616,total=1716,delta=12,hist=1000,lastAgeMs=53,reset=0} D2{on=1,ready=1,sync=1,startup=TEST_READY,attempts=1,streak=417,firstAgeMs=35105,readyAgeMs=34865,total=1668,delta=12,hist=1000,lastAgeMs=54,reset=0} D3{on=1,ready=1,sync=1,startup=TEST_READY,attempts=1,streak=417,firstAgeMs=35175,readyAgeMs=34884,total=1692,delta=8,hist=1000,lastAgeMs=53,reset=0} D4{on=1,ready=1,sync=1,startup=TEST_READY,attempts=1,streak=408,firstAgeMs=34566,readyAgeMs=34295,total=1632,delta=12,hist=1000,lastAgeMs=54,reset=0} D5{on=1,ready=1,sync=1,startup=TEST_READY,attempts=1,streak=417,firstAgeMs=35090,readyAgeMs=34879,total=1668,delta=12,hist=1000,lastAgeMs=53,reset=0} D6{on=1,ready=1,sync=1,startup=TEST_READY,attempts=1,streak=417,firstAgeMs=35107,readyAgeMs=34878,total=1668,delta=12,hist=1000,lastAgeMs=53,reset=0}
[2026-09-09T08:41:23.919Z][RENDERER/1] file:///D:/%E4%B8%8A%E4%BD%8D%E6%9C%BA%E7%95%8C%E9%9D%A2%E5%8E%9F%E5%9E%8B%E7%89%88/flame-detector-bench-desktop/dist/assets/index-A9TaTnGI.js:264 [WaveformDiag][UI] kind=delta wireAgeMs=47 payloadAgeMs=47 D1{on=1,total=1732,delta=16,lastAgeMs=11,reset=0} D2{on=1,total=1684,delta=16,lastAgeMs=14,reset=0} D3{on=1,total=1708,delta=16,lastAgeMs=44,reset=0} D4{on=1,total=1648,delta=16,lastAgeMs=14,reset=0} D5{on=1,total=1684,delta=16,lastAgeMs=32,reset=0} D6{on=1,total=1684,delta=16,lastAgeMs=32,reset=0}
[2026-09-09T08:41:24.682Z][STDOUT] [噪声窗口][每秒] at=1788943284682/2026-09-09T08:41:24.682Z D1{frames=86,reject=0,samples=344/344,ageMs=68,maxGapMs=142,ready=1,sync=1,N[P1{n=4,min=0,max=0,last=0};P2{n=4,min=-59,max=5,last=-59};P3{n=4,min=-79,max=33,last=-79};P4{n=0}]} D2{frames=86,reject=0,samples=344/344,ageMs=69,maxGapMs=174,ready=1,sync=1,N[P1{n=4,min=-5,max=11,last=-5};P2{n=4,min=-50,max=46,last=-50};P3{n=4,min=-55,max=25,last=-39};P4{n=0}]} D3{frames=86,reject=0,samples=344/344,ageMs=68,maxGapMs=132,ready=1,sync=1,N[P1{n=4,min=-2,max=14,last=14};P2{n=4,min=-86,max=-22,last=-38};P3{n=4,min=-66,max=-18,last=-66};P4{n=0}]} D4{frames=86,reject=0,samples=344/344,ageMs=69,maxGapMs=187,ready=1,sync=1,N[P1{n=4,min=-1,max=-1,last=-1};P2{n=4,min=-140,max=52,last=-140};P3{n=4,min=-139,max=53,last=-139};P4{n=0}]} D5{frames=86,reject=0,samples=344/344,ageMs=69,maxGapMs=145,ready=1,sync=1,N[P1{n=4,min=-1,max=-1,last=-1};P2{n=4,min=-45,max=19,last=-29};P3{n=4,min=-11,max=5,last=-11};P4{n=0}]} D6{frames=86,reject=0,samples=344/344,ageMs=71,maxGapMs=188,ready=1,sync=1,N[P1{n=4,min=-5,max=11,last=-5};P2{n=4,min=-81,max=-1,last=-33};P3{n=4,min=-91,max=5,last=-27};P4{n=0}]}
[2026-09-09T08:41:24.758Z][STDOUT] [WaveformDiag][WS] mode=delta clients=2 resync=0 maxBuffered=0 stateAgeMs=18 D1{on=1,ready=1,sync=1,startup=TEST_READY,attempts=1,streak=446,firstAgeMs=36908,readyAgeMs=36659,total=1784,delta=12,hist=1000,lastAgeMs=15,reset=0} D2{on=1,ready=1,sync=1,startup=TEST_READY,attempts=1,streak=434,firstAgeMs=36148,readyAgeMs=35908,total=1736,delta=12,hist=1000,lastAgeMs=16,reset=0} D3{on=1,ready=1,sync=1,startup=TEST_READY,attempts=1,streak=435,firstAgeMs=36218,readyAgeMs=35927,total=1764,delta=12,hist=1000,lastAgeMs=0,reset=0} D4{on=1,ready=1,sync=1,startup=TEST_READY,attempts=1,streak=425,firstAgeMs=35609,readyAgeMs=35338,total=1700,delta=12,hist=1000,lastAgeMs=16,reset=0} D5{on=1,ready=1,sync=1,startup=TEST_READY,attempts=1,streak=434,firstAgeMs=36133,readyAgeMs=35922,total=1736,delta=12,hist=1000,lastAgeMs=16,reset=0} D6{on=1,ready=1,sync=1,startup=TEST_READY,attempts=1,streak=434,firstAgeMs=36150,readyAgeMs=35921,total=1736,delta=12,hist=1000,lastAgeMs=17,reset=0}
[2026-09-09T08:41:25.028Z][RENDERER/1] file:///D:/%E4%B8%8A%E4%BD%8D%E6%9C%BA%E7%95%8C%E9%9D%A2%E5%8E%9F%E5%9E%8B%E7%89%88/flame-detector-bench-desktop/dist/assets/index-A9TaTnGI.js:264 [WaveformDiag][UI] kind=delta wireAgeMs=3 payloadAgeMs=3 D1{on=1,total=1796,delta=12,lastAgeMs=48,reset=0} D2{on=1,total=1748,delta=12,lastAgeMs=51,reset=0} D3{on=1,total=1776,delta=12,lastAgeMs=44,reset=0} D4{on=1,total=1712,delta=12,lastAgeMs=51,reset=0} D5{on=1,total=1752,delta=16,lastAgeMs=11,reset=0} D6{on=1,total=1752,delta=16,lastAgeMs=12,reset=0}
[2026-09-09T08:41:25.649Z][STDOUT] [噪声窗口][每秒] at=1788943285649/2026-09-09T08:41:25.649Z D1{frames=100,reject=0,samples=400/400,ageMs=116,maxGapMs=142,ready=1,sync=1,N[P1{n=4,min=0,max=0,last=0};P2{n=4,min=-65,max=-17,last=-49};P3{n=4,min=-85,max=-21,last=-69};P4{n=0}]} D2{frames=100,reject=0,samples=400/400,ageMs=119,maxGapMs=174,ready=1,sync=1,N[P1{n=4,min=-4,max=-4,last=-4};P2{n=4,min=-27,max=37,last=-27};P3{n=4,min=-31,max=33,last=-31};P4{n=0}]} D3{frames=100,reject=0,samples=400/400,ageMs=108,maxGapMs=132,ready=1,sync=1,N[P1{n=4,min=-2,max=14,last=-2};P2{n=4,min=-44,max=36,last=-44};P3{n=4,min=-38,max=42,last=-38};P4{n=0}]} D4{frames=100,reject=0,samples=400/400,ageMs=124,maxGapMs=187,ready=1,sync=1,N[P1{n=4,min=-1,max=-1,last=-1};P2{n=4,min=-83,max=13,last=-83};P3{n=4,min=-66,max=14,last=-66};P4{n=0}]} D5{frames=100,reject=0,samples=400/400,ageMs=18,maxGapMs=145,ready=1,sync=1,N[P1{n=4,min=-1,max=-1,last=-1};P2{n=4,min=-52,max=44,last=-52};P3{n=4,min=-66,max=62,last=-66};P4{n=0}]} D6{frames=100,reject=0,samples=400/400,ageMs=76,maxGapMs=188,ready=1,sync=1,N[P1{n=4,min=-5,max=11,last=-5};P2{n=4,min=-74,max=86,last=6};P3{n=4,min=-66,max=62,last=-34};P4{n=0}]}
[2026-09-09T08:41:25.809Z][STDOUT] [WaveformDiag][WS] mode=delta clients=2 resync=0 maxBuffered=0 stateAgeMs=63 D1{on=1,ready=1,sync=1,startup=TEST_READY,attempts=1,streak=462,firstAgeMs=37959,readyAgeMs=37710,total=1848,delta=12,hist=1000,lastAgeMs=58,reset=0} D2{on=1,ready=1,sync=1,startup=TEST_READY,attempts=1,streak=450,firstAgeMs=37199,readyAgeMs=36959,total=1800,delta=12,hist=1000,lastAgeMs=58,reset=0} D3{on=1,ready=1,sync=1,startup=TEST_READY,attempts=1,streak=451,firstAgeMs=37269,readyAgeMs=36978,total=1828,delta=12,hist=1000,lastAgeMs=58,reset=0} D4{on=1,ready=1,sync=1,startup=TEST_READY,attempts=1,streak=441,firstAgeMs=36660,readyAgeMs=36389,total=1764,delta=12,hist=1000,lastAgeMs=58,reset=0} D5{on=1,ready=1,sync=1,startup=TEST_READY,attempts=1,streak=450,firstAgeMs=37184,readyAgeMs=36973,total=1800,delta=12,hist=1000,lastAgeMs=59,reset=0} D6{on=1,ready=1,sync=1,startup=TEST_READY,attempts=1,streak=450,firstAgeMs=37201,readyAgeMs=36972,total=1800,delta=12,hist=1000,lastAgeMs=59,reset=0}
[2026-09-09T08:41:26.131Z][RENDERER/1] file:///D:/%E4%B8%8A%E4%BD%8D%E6%9C%BA%E7%95%8C%E9%9D%A2%E5%8E%9F%E5%9E%8B%E7%89%88/flame-detector-bench-desktop/dist/assets/index-A9TaTnGI.js:264 [WaveformDiag][UI] kind=delta wireAgeMs=75 payloadAgeMs=75 D1{on=1,total=1864,delta=16,lastAgeMs=72,reset=0} D2{on=1,total=1816,delta=16,lastAgeMs=72,reset=0} D3{on=1,total=1844,delta=16,lastAgeMs=71,reset=0} D4{on=1,total=1780,delta=16,lastAgeMs=72,reset=0} D5{on=1,total=1816,delta=16,lastAgeMs=73,reset=0} D6{on=1,total=1816,delta=16,lastAgeMs=73,reset=0}
[2026-09-09T08:41:26.726Z][STDOUT] [噪声窗口][每秒] at=1788943286726/2026-09-09T08:41:26.726Z D1{frames=112,reject=0,samples=448/448,ageMs=118,maxGapMs=142,ready=1,sync=1,N[P1{n=4,min=0,max=0,last=0};P2{n=4,min=-58,max=86,last=54};P3{n=4,min=-61,max=67,last=19};P4{n=0}]} D2{frames=112,reject=0,samples=448/448,ageMs=118,maxGapMs=174,ready=1,sync=1,N[P1{n=4,min=-5,max=11,last=11};P2{n=4,min=-34,max=14,last=14};P3{n=4,min=-22,max=10,last=10};P4{n=0}]} D3{frames=112,reject=0,samples=448/448,ageMs=118,maxGapMs=132,ready=1,sync=1,N[P1{n=4,min=-1,max=-1,last=-1};P2{n=4,min=-5,max=75,last=11};P3{n=4,min=-14,max=82,last=18};P4{n=0}]} D4{frames=112,reject=0,samples=448/448,ageMs=77,maxGapMs=187,ready=1,sync=1,N[P1{n=4,min=-1,max=-1,last=-1};P2{n=4,min=-59,max=53,last=-27};P3{n=4,min=-59,max=53,last=-59};P4{n=0}]} D5{frames=112,reject=0,samples=448/448,ageMs=90,maxGapMs=145,ready=1,sync=1,N[P1{n=4,min=-1,max=-1,last=-1};P2{n=4,min=-94,max=18,last=18};P3{n=4,min=-90,max=22,last=6};P4{n=0}]} D6{frames=112,reject=0,samples=448/448,ageMs=91,maxGapMs=188,ready=1,sync=1,N[P1{n=4,min=-5,max=11,last=-5};P2{n=4,min=-81,max=63,last=-81};P3{n=4,min=-90,max=38,last=-90};P4{n=0}]}
[2026-09-09T08:41:26.872Z][STDOUT] [WaveformDiag][WS] mode=delta clients=2 resync=0 maxBuffered=0 stateAgeMs=58 D1{on=1,ready=1,sync=1,startup=TEST_READY,attempts=1,streak=479,firstAgeMs=39022,readyAgeMs=38773,total=1916,delta=12,hist=1000,lastAgeMs=55,reset=0} D2{on=1,ready=1,sync=1,startup=TEST_READY,attempts=1,streak=467,firstAgeMs=38262,readyAgeMs=38022,total=1868,delta=12,hist=1000,lastAgeMs=55,reset=0} D3{on=1,ready=1,sync=1,startup=TEST_READY,attempts=1,streak=468,firstAgeMs=38332,readyAgeMs=38041,total=1896,delta=12,hist=1000,lastAgeMs=54,reset=0} D4{on=1,ready=1,sync=1,startup=TEST_READY,attempts=1,streak=458,firstAgeMs=37723,readyAgeMs=37452,total=1832,delta=8,hist=1000,lastAgeMs=55,reset=0} D5{on=1,ready=1,sync=1,startup=TEST_READY,attempts=1,streak=468,firstAgeMs=38247,readyAgeMs=38036,total=1872,delta=12,hist=1000,lastAgeMs=1,reset=0} D6{on=1,ready=1,sync=1,startup=TEST_READY,attempts=1,streak=467,firstAgeMs=38264,readyAgeMs=38035,total=1868,delta=8,hist=1000,lastAgeMs=55,reset=0}
[2026-09-09T08:41:27.076Z][RENDERER/1] file:///D:/%E4%B8%8A%E4%BD%8D%E6%9C%BA%E7%95%8C%E9%9D%A2%E5%8E%9F%E5%9E%8B%E7%89%88/flame-detector-bench-desktop/dist/assets/index-A9TaTnGI.js:264 [WaveformDiag][UI] kind=delta wireAgeMs=20 payloadAgeMs=20 D1{on=1,total=1932,delta=16,lastAgeMs=16,reset=0} D2{on=1,total=1884,delta=16,lastAgeMs=16,reset=0} D3{on=1,total=1912,delta=16,lastAgeMs=15,reset=0} D4{on=1,total=1848,delta=16,lastAgeMs=16,reset=0} D5{on=1,total=1884,delta=12,lastAgeMs=15,reset=0} D6{on=1,total=1888,delta=20,lastAgeMs=0,reset=0}
[2026-09-09T08:41:27.661Z][STDOUT] [噪声窗口][每秒] at=1788943287660/2026-09-09T08:41:27.660Z D1{frames=122,reject=0,samples=488/488,ageMs=104,maxGapMs=142,ready=1,sync=1,N[P1{n=4,min=0,max=0,last=0};P2{n=4,min=-5,max=59,last=-5};P3{n=4,min=8,max=88,last=8};P4{n=0}]} D2{frames=122,reject=0,samples=488/488,ageMs=104,maxGapMs=174,ready=1,sync=1,N[P1{n=4,min=-5,max=11,last=-5};P2{n=4,min=-59,max=5,last=-11};P3{n=4,min=-62,max=18,last=-14};P4{n=0}]} D3{frames=122,reject=0,samples=488/488,ageMs=103,maxGapMs=133,ready=1,sync=1,N[P1{n=4,min=-1,max=15,last=-1};P2{n=4,min=-64,max=64,last=64};P3{n=4,min=-88,max=56,last=56};P4{n=0}]} D4{frames=122,reject=0,samples=488/488,ageMs=73,maxGapMs=187,ready=1,sync=1,N[P1{n=4,min=-1,max=-1,last=-1};P2{n=4,min=-22,max=42,last=26};P3{n=4,min=-23,max=41,last=25};P4{n=0}]} D5{frames=122,reject=0,samples=488/488,ageMs=87,maxGapMs=145,ready=1,sync=1,N[P1{n=4,min=-1,max=-1,last=-1};P2{n=4,min=-55,max=73,last=-39};P3{n=4,min=-83,max=61,last=-35};P4{n=0}]} D6{frames=122,reject=0,samples=488/488,ageMs=87,maxGapMs=188,ready=1,sync=1,N[P1{n=4,min=-5,max=11,last=-5};P2{n=4,min=-107,max=21,last=-107};P3{n=4,min=-84,max=28,last=-84};P4{n=0}]}
[2026-09-09T08:41:27.907Z][STDOUT] [WaveformDiag][WS] mode=delta clients=2 resync=0 maxBuffered=0 stateAgeMs=2 D1{on=1,ready=1,sync=1,startup=TEST_READY,attempts=1,streak=495,firstAgeMs=40057,readyAgeMs=39808,total=1980,delta=8,hist=1000,lastAgeMs=92,reset=0} D2{on=1,ready=1,sync=1,startup=TEST_READY,attempts=1,streak=483,firstAgeMs=39297,readyAgeMs=39057,total=1932,delta=8,hist=1000,lastAgeMs=92,reset=0} D3{on=1,ready=1,sync=1,startup=TEST_READY,attempts=1,streak=484,firstAgeMs=39367,readyAgeMs=39076,total=1960,delta=8,hist=1000,lastAgeMs=92,reset=0} D4{on=1,ready=1,sync=1,startup=TEST_READY,attempts=1,streak=474,firstAgeMs=38758,readyAgeMs=38487,total=1896,delta=8,hist=1000,lastAgeMs=92,reset=0} D5{on=1,ready=1,sync=1,startup=TEST_READY,attempts=1,streak=484,firstAgeMs=39282,readyAgeMs=39071,total=1936,delta=12,hist=1000,lastAgeMs=72,reset=0} D6{on=1,ready=1,sync=1,startup=TEST_READY,attempts=1,streak=484,firstAgeMs=39299,readyAgeMs=39070,total=1936,delta=12,hist=1000,lastAgeMs=72,reset=0}
[2026-09-09T08:41:28.112Z][RENDERER/1] file:///D:/%E4%B8%8A%E4%BD%8D%E6%9C%BA%E7%95%8C%E9%9D%A2%E5%8E%9F%E5%9E%8B%E7%89%88/flame-detector-bench-desktop/dist/assets/index-A9TaTnGI.js:264 [WaveformDiag][UI] kind=delta wireAgeMs=26 payloadAgeMs=26 D1{on=1,total=2000,delta=20,lastAgeMs=14,reset=0} D2{on=1,total=1952,delta=20,lastAgeMs=14,reset=0} D3{on=1,total=1980,delta=20,lastAgeMs=7,reset=0} D4{on=1,total=1916,delta=20,lastAgeMs=14,reset=0} D5{on=1,total=1952,delta=16,lastAgeMs=15,reset=0} D6{on=1,total=1952,delta=16,lastAgeMs=15,reset=0}
[2026-09-09T08:41:28.691Z][STDOUT] [噪声窗口][每秒] at=1788943288690/2026-09-09T08:41:28.690Z D1{frames=133,reject=0,samples=532/532,ageMs=79,maxGapMs=142,ready=1,sync=1,N[P1{n=4,min=0,max=0,last=0};P2{n=4,min=-62,max=2,last=-14};P3{n=4,min=-35,max=-3,last=-19};P4{n=0}]} D2{frames=133,reject=0,samples=532/532,ageMs=79,maxGapMs=174,ready=1,sync=1,N[P1{n=4,min=-5,max=11,last=-5};P2{n=4,min=-55,max=25,last=25};P3{n=4,min=-26,max=6,last=6};P4{n=0}]} D3{frames=133,reject=0,samples=532/532,ageMs=78,maxGapMs=133,ready=1,sync=1,N[P1{n=4,min=-1,max=-1,last=-1};P2{n=4,min=-91,max=21,last=-91};P3{n=4,min=-84,max=28,last=-84};P4{n=0}]} D4{frames=133,reject=0,samples=532/532,ageMs=102,maxGapMs=187,ready=1,sync=1,N[P1{n=4,min=-1,max=-1,last=-1};P2{n=4,min=-64,max=0,last=-16};P3{n=4,min=-33,max=-1,last=-1};P4{n=0}]} D5{frames=133,reject=0,samples=532/532,ageMs=78,maxGapMs=145,ready=1,sync=1,N[P1{n=4,min=-1,max=15,last=-1};P2{n=4,min=-82,max=-2,last=-82};P3{n=4,min=-77,max=3,last=-77};P4{n=0}]} D6{frames=133,reject=0,samples=532/532,ageMs=78,maxGapMs=188,ready=1,sync=1,N[P1{n=4,min=-5,max=11,last=11};P2{n=4,min=-55,max=-7,last=-7};P3{n=4,min=-15,max=17,last=17};P4{n=0}]}
[2026-09-09T08:41:28.973Z][STDOUT] [WaveformDiag][WS] mode=delta clients=2 resync=0 maxBuffered=0 stateAgeMs=3 D1{on=1,ready=1,sync=1,startup=TEST_READY,attempts=1,streak=512,firstAgeMs=41123,readyAgeMs=40874,total=2048,delta=8,hist=1000,lastAgeMs=92,reset=0} D2{on=1,ready=1,sync=1,startup=TEST_READY,attempts=1,streak=500,firstAgeMs=40363,readyAgeMs=40123,total=2000,delta=8,hist=1000,lastAgeMs=92,reset=0} D3{on=1,ready=1,sync=1,startup=TEST_READY,attempts=1,streak=501,firstAgeMs=40433,readyAgeMs=40142,total=2028,delta=8,hist=1000,lastAgeMs=92,reset=0} D4{on=1,ready=1,sync=1,startup=TEST_READY,attempts=1,streak=491,firstAgeMs=39824,readyAgeMs=39553,total=1964,delta=8,hist=1000,lastAgeMs=92,reset=0} D5{on=1,ready=1,sync=1,startup=TEST_READY,attempts=1,streak=500,firstAgeMs=40348,readyAgeMs=40137,total=2000,delta=8,hist=1000,lastAgeMs=93,reset=0} D6{on=1,ready=1,sync=1,startup=TEST_READY,attempts=1,streak=500,firstAgeMs=40365,readyAgeMs=40136,total=2000,delta=8,hist=1000,lastAgeMs=93,reset=0}
[2026-09-09T08:41:29.263Z][RENDERER/1] file:///D:/%E4%B8%8A%E4%BD%8D%E6%9C%BA%E7%95%8C%E9%9D%A2%E5%8E%9F%E5%9E%8B%E7%89%88/flame-detector-bench-desktop/dist/assets/index-A9TaTnGI.js:264 [WaveformDiag][UI] kind=delta wireAgeMs=24 payloadAgeMs=24 D1{on=1,total=2068,delta=20,lastAgeMs=20,reset=0} D2{on=1,total=2020,delta=20,lastAgeMs=20,reset=0} D3{on=1,total=2048,delta=20,lastAgeMs=15,reset=0} D4{on=1,total=1984,delta=20,lastAgeMs=21,reset=0} D5{on=1,total=2020,delta=20,lastAgeMs=21,reset=0} D6{on=1,total=2020,delta=20,lastAgeMs=21,reset=0}
[2026-09-09T08:41:29.673Z][STDOUT] [噪声窗口][每秒] at=1788943289672/2026-09-09T08:41:29.672Z D1{frames=143,reject=0,samples=572/572,ageMs=104,maxGapMs=142,ready=1,sync=1,N[P1{n=4,min=0,max=0,last=0};P2{n=4,min=-88,max=-24,last=-88};P3{n=4,min=-93,max=-45,last=-93};P4{n=0}]} D2{frames=143,reject=0,samples=572/572,ageMs=104,maxGapMs=174,ready=1,sync=1,N[P1{n=4,min=-5,max=11,last=11};P2{n=4,min=-50,max=30,last=14};P3{n=4,min=-6,max=58,last=42};P4{n=0}]} D3{frames=143,reject=0,samples=572/572,ageMs=104,maxGapMs=133,ready=1,sync=1,N[P1{n=4,min=-1,max=-1,last=-1};P2{n=4,min=-70,max=26,last=26};P3{n=4,min=-64,max=16,last=16};P4{n=0}]} D4{frames=143,reject=0,samples=572/572,ageMs=85,maxGapMs=187,ready=1,sync=1,N[P1{n=4,min=-1,max=-1,last=-1};P2{n=4,min=-29,max=35,last=-29};P3{n=4,min=-45,max=19,last=-13};P4{n=0}]} D5{frames=143,reject=0,samples=572/572,ageMs=94,maxGapMs=189,ready=1,sync=1,N[P1{n=4,min=-2,max=-2,last=-2};P2{n=4,min=-78,max=66,last=-14};P3{n=4,min=-88,max=88,last=-24};P4{n=0}]} D6{frames=143,reject=0,samples=572/572,ageMs=94,maxGapMs=188,ready=1,sync=1,N[P1{n=4,min=-5,max=11,last=-5};P2{n=4,min=-83,max=-3,last=-19};P3{n=4,min=-75,max=5,last=5};P4{n=0}]}
[2026-09-09T08:41:30.042Z][STDOUT] [WaveformDiag][WS] mode=delta clients=2 resync=0 maxBuffered=0 stateAgeMs=98 D1{on=1,ready=1,sync=1,startup=TEST_READY,attempts=1,streak=529,firstAgeMs=42192,readyAgeMs=41943,total=2116,delta=8,hist=1000,lastAgeMs=95,reset=0} D2{on=1,ready=1,sync=1,startup=TEST_READY,attempts=1,streak=517,firstAgeMs=41432,readyAgeMs=41192,total=2068,delta=8,hist=1000,lastAgeMs=94,reset=0} D3{on=1,ready=1,sync=1,startup=TEST_READY,attempts=1,streak=518,firstAgeMs=41502,readyAgeMs=41211,total=2096,delta=12,hist=1000,lastAgeMs=94,reset=0} D4{on=1,ready=1,sync=1,startup=TEST_READY,attempts=1,streak=508,firstAgeMs=40893,readyAgeMs=40622,total=2032,delta=8,hist=1000,lastAgeMs=95,reset=0} D5{on=1,ready=1,sync=1,startup=TEST_READY,attempts=1,streak=517,firstAgeMs=41417,readyAgeMs=41206,total=2068,delta=8,hist=1000,lastAgeMs=95,reset=0} D6{on=1,ready=1,sync=1,startup=TEST_READY,attempts=1,streak=517,firstAgeMs=41434,readyAgeMs=41205,total=2068,delta=8,hist=1000,lastAgeMs=95,reset=0}
[2026-09-09T08:41:30.246Z][RENDERER/1] file:///D:/%E4%B8%8A%E4%BD%8D%E6%9C%BA%E7%95%8C%E9%9D%A2%E5%8E%9F%E5%9E%8B%E7%89%88/flame-detector-bench-desktop/dist/assets/index-A9TaTnGI.js:264 [WaveformDiag][UI] kind=delta wireAgeMs=9 payloadAgeMs=9 D1{on=1,total=2136,delta=20,lastAgeMs=6,reset=0} D2{on=1,total=2088,delta=20,lastAgeMs=6,reset=0} D3{on=1,total=2116,delta=20,lastAgeMs=5,reset=0} D4{on=1,total=2052,delta=20,lastAgeMs=5,reset=0} D5{on=1,total=2088,delta=20,lastAgeMs=5,reset=0} D6{on=1,total=2088,delta=20,lastAgeMs=5,reset=0}
[2026-09-09T08:41:30.638Z][STDOUT] [噪声窗口][每秒] at=1788943290637/2026-09-09T08:41:30.637Z D1{frames=153,reject=0,samples=612/612,ageMs=100,maxGapMs=175,ready=1,sync=1,N[P1{n=4,min=0,max=16,last=0};P2{n=4,min=-133,max=27,last=27};P3{n=4,min=-105,max=23,last=23};P4{n=0}]} D2{frames=153,reject=0,samples=612/612,ageMs=100,maxGapMs=174,ready=1,sync=1,N[P1{n=4,min=-4,max=-4,last=-4};P2{n=4,min=-94,max=82,last=-30};P3{n=4,min=-82,max=94,last=-50};P4{n=0}]} D3{frames=153,reject=0,samples=612/612,ageMs=95,maxGapMs=133,ready=1,sync=1,N[P1{n=4,min=-1,max=-1,last=-1};P2{n=4,min=-66,max=62,last=-34};P3{n=4,min=-44,max=84,last=-12};P4{n=0}]} D4{frames=153,reject=0,samples=612/612,ageMs=100,maxGapMs=187,ready=1,sync=1,N[P1{n=4,min=-1,max=-1,last=-1};P2{n=4,min=-40,max=88,last=-8};P3{n=4,min=-25,max=55,last=-25};P4{n=0}]} D5{frames=153,reject=0,samples=612/612,ageMs=99,maxGapMs=189,ready=1,sync=1,N[P1{n=4,min=-2,max=-2,last=-2};P2{n=4,min=-27,max=21,last=21};P3{n=4,min=-37,max=43,last=27};P4{n=0}]} D6{frames=153,reject=0,samples=612/612,ageMs=99,maxGapMs=188,ready=1,sync=1,N[P1{n=4,min=-5,max=11,last=-5};P2{n=4,min=-63,max=17,last=1};P3{n=4,min=-71,max=41,last=9};P4{n=0}]}
[2026-09-09T08:41:31.115Z][STDOUT] [WaveformDiag][WS] mode=delta clients=2 resync=0 maxBuffered=0 stateAgeMs=105 D1{on=1,ready=1,sync=1,startup=TEST_READY,attempts=1,streak=546,firstAgeMs=43265,readyAgeMs=43016,total=2184,delta=16,hist=1000,lastAgeMs=101,reset=0} D2{on=1,ready=1,sync=1,startup=TEST_READY,attempts=1,streak=534,firstAgeMs=42505,readyAgeMs=42265,total=2136,delta=16,hist=1000,lastAgeMs=101,reset=0} D3{on=1,ready=1,sync=1,startup=TEST_READY,attempts=1,streak=535,firstAgeMs=42575,readyAgeMs=42284,total=2164,delta=16,hist=1000,lastAgeMs=101,reset=0} D4{on=1,ready=1,sync=1,startup=TEST_READY,attempts=1,streak=525,firstAgeMs=41966,readyAgeMs=41695,total=2100,delta=16,hist=1000,lastAgeMs=101,reset=0} D5{on=1,ready=1,sync=1,startup=TEST_READY,attempts=1,streak=534,firstAgeMs=42490,readyAgeMs=42279,total=2136,delta=16,hist=1000,lastAgeMs=102,reset=0} D6{on=1,ready=1,sync=1,startup=TEST_READY,attempts=1,streak=534,firstAgeMs=42507,readyAgeMs=42278,total=2136,delta=12,hist=1000,lastAgeMs=102,reset=0}
[2026-09-09T08:41:31.320Z][RENDERER/1] file:///D:/%E4%B8%8A%E4%BD%8D%E6%9C%BA%E7%95%8C%E9%9D%A2%E5%8E%9F%E5%9E%8B%E7%89%88/flame-detector-bench-desktop/dist/assets/index-A9TaTnGI.js:264 [WaveformDiag][UI] kind=delta wireAgeMs=12 payloadAgeMs=12 D1{on=1,total=2204,delta=20,lastAgeMs=7,reset=0} D2{on=1,total=2156,delta=20,lastAgeMs=8,reset=0} D3{on=1,total=2184,delta=20,lastAgeMs=9,reset=0} D4{on=1,total=2120,delta=20,lastAgeMs=8,reset=0} D5{on=1,total=2156,delta=20,lastAgeMs=8,reset=0} D6{on=1,total=2156,delta=20,lastAgeMs=8,reset=0}
[2026-09-09T08:41:31.710Z][STDOUT] [噪声窗口][每秒] at=1788943291710/2026-09-09T08:41:31.710Z D1{frames=164,reject=0,samples=656/656,ageMs=97,maxGapMs=175,ready=1,sync=1,N[P1{n=4,min=0,max=0,last=0};P2{n=4,min=-66,max=46,last=30};P3{n=4,min=-6,max=42,last=10};P4{n=0}]} D2{frames=164,reject=0,samples=656/656,ageMs=97,maxGapMs=174,ready=1,sync=1,N[P1{n=4,min=-4,max=-4,last=-4};P2{n=4,min=-59,max=37,last=-27};P3{n=4,min=-63,max=33,last=17};P4{n=0}]} D3{frames=164,reject=0,samples=656/656,ageMs=97,maxGapMs=165,ready=1,sync=1,N[P1{n=4,min=-1,max=15,last=15};P2{n=4,min=-62,max=34,last=2};P3{n=4,min=-55,max=25,last=-39};P4{n=0}]} D4{frames=164,reject=0,samples=656/656,ageMs=96,maxGapMs=187,ready=1,sync=1,N[P1{n=4,min=-1,max=-1,last=-1};P2{n=4,min=-116,max=44,last=-20};P3{n=4,min=-84,max=60,last=-4};P4{n=0}]} D5{frames=164,reject=0,samples=656/656,ageMs=96,maxGapMs=189,ready=1,sync=1,N[P1{n=4,min=-2,max=-2,last=-2};P2{n=4,min=-39,max=25,last=-39};P3{n=4,min=-49,max=15,last=-49};P4{n=0}]} D6{frames=164,reject=0,samples=656/656,ageMs=96,maxGapMs=188,ready=1,sync=1,N[P1{n=4,min=-5,max=11,last=-5};P2{n=4,min=-28,max=36,last=4};P3{n=4,min=-20,max=28,last=-4};P4{n=0}]}
[2026-09-09T08:41:32.217Z][STDOUT] [WaveformDiag][WS] mode=delta clients=2 resync=0 maxBuffered=0 stateAgeMs=118 D1{on=1,ready=1,sync=1,startup=TEST_READY,attempts=1,streak=564,firstAgeMs=44366,readyAgeMs=44117,total=2256,delta=12,hist=1000,lastAgeMs=112,reset=0} D2{on=1,ready=1,sync=1,startup=TEST_READY,attempts=1,streak=552,firstAgeMs=43606,readyAgeMs=43366,total=2208,delta=12,hist=1000,lastAgeMs=113,reset=0} D3{on=1,ready=1,sync=1,startup=TEST_READY,attempts=1,streak=553,firstAgeMs=43676,readyAgeMs=43385,total=2236,delta=12,hist=1000,lastAgeMs=112,reset=0} D4{on=1,ready=1,sync=1,startup=TEST_READY,attempts=1,streak=543,firstAgeMs=43067,readyAgeMs=42796,total=2172,delta=12,hist=1000,lastAgeMs=113,reset=0} D5{on=1,ready=1,sync=1,startup=TEST_READY,attempts=1,streak=552,firstAgeMs=43591,readyAgeMs=43380,total=2208,delta=12,hist=1000,lastAgeMs=111,reset=0} D6{on=1,ready=1,sync=1,startup=TEST_READY,attempts=1,streak=552,firstAgeMs=43608,readyAgeMs=43379,total=2208,delta=12,hist=1000,lastAgeMs=112,reset=0}
[2026-09-09T08:41:32.535Z][RENDERER/1] file:///D:/%E4%B8%8A%E4%BD%8D%E6%9C%BA%E7%95%8C%E9%9D%A2%E5%8E%9F%E5%9E%8B%E7%89%88/flame-detector-bench-desktop/dist/assets/index-A9TaTnGI.js:264 [WaveformDiag][UI] kind=delta wireAgeMs=28 payloadAgeMs=28 D1{on=1,total=2268,delta=12,lastAgeMs=127,reset=0} D2{on=1,total=2220,delta=12,lastAgeMs=127,reset=0} D3{on=1,total=2248,delta=12,lastAgeMs=127,reset=0} D4{on=1,total=2188,delta=16,lastAgeMs=119,reset=0} D5{on=1,total=2224,delta=16,lastAgeMs=128,reset=0} D6{on=1,total=2224,delta=16,lastAgeMs=127,reset=0}
[2026-09-09T08:41:32.731Z][STDOUT] [噪声窗口][每秒] at=1788943292731/2026-09-09T08:41:32.731Z D1{frames=174,reject=0,samples=696/696,ageMs=118,maxGapMs=177,ready=1,sync=1,N[P1{n=4,min=-1,max=15,last=-1};P2{n=4,min=-32,max=64,last=-32};P3{n=4,min=-20,max=76,last=-20};P4{n=0}]} D2{frames=174,reject=0,samples=696/696,ageMs=118,maxGapMs=177,ready=1,sync=1,N[P1{n=4,min=-5,max=11,last=11};P2{n=4,min=-40,max=40,last=40};P3{n=4,min=-28,max=52,last=52};P4{n=0}]} D3{frames=174,reject=0,samples=696/696,ageMs=117,maxGapMs=178,ready=1,sync=1,N[P1{n=4,min=-1,max=-1,last=-1};P2{n=4,min=-27,max=37,last=-27};P3{n=4,min=-37,max=59,last=-37};P4{n=0}]} D4{frames=174,reject=0,samples=696/696,ageMs=119,maxGapMs=187,ready=1,sync=1,N[P1{n=4,min=-1,max=-1,last=-1};P2{n=4,min=-50,max=46,last=46};P3{n=4,min=-34,max=46,last=46};P4{n=0}]} D5{frames=174,reject=0,samples=696/696,ageMs=123,maxGapMs=189,ready=1,sync=1,N[P1{n=4,min=-2,max=-2,last=-2};P2{n=4,min=-102,max=42,last=42};P3{n=4,min=-79,max=49,last=17};P4{n=0}]} D6{frames=174,reject=0,samples=696/696,ageMs=119,maxGapMs=188,ready=1,sync=1,N[P1{n=4,min=-5,max=11,last=-5};P2{n=4,min=-57,max=39,last=39};P3{n=4,min=-65,max=47,last=47};P4{n=0}]}
[2026-09-09T08:41:33.218Z][STDOUT] [WaveformDiag][WS] mode=delta clients=2 resync=0 maxBuffered=0 stateAgeMs=117 D1{on=1,ready=1,sync=1,startup=TEST_READY,attempts=1,streak=580,firstAgeMs=45368,readyAgeMs=45119,total=2320,delta=12,hist=1000,lastAgeMs=117,reset=0} D2{on=1,ready=1,sync=1,startup=TEST_READY,attempts=1,streak=568,firstAgeMs=44608,readyAgeMs=44368,total=2272,delta=12,hist=1000,lastAgeMs=113,reset=0} D3{on=1,ready=1,sync=1,startup=TEST_READY,attempts=1,streak=569,firstAgeMs=44678,readyAgeMs=44387,total=2300,delta=12,hist=1000,lastAgeMs=112,reset=0} D4{on=1,ready=1,sync=1,startup=TEST_READY,attempts=1,streak=559,firstAgeMs=44069,readyAgeMs=43798,total=2236,delta=12,hist=1000,lastAgeMs=112,reset=0} D5{on=1,ready=1,sync=1,startup=TEST_READY,attempts=1,streak=568,firstAgeMs=44593,readyAgeMs=44382,total=2272,delta=12,hist=1000,lastAgeMs=112,reset=0} D6{on=1,ready=1,sync=1,startup=TEST_READY,attempts=1,streak=568,firstAgeMs=44610,readyAgeMs=44381,total=2272,delta=12,hist=1000,lastAgeMs=112,reset=0}
[2026-09-09T08:41:33.640Z][STDOUT] [噪声窗口][每秒] at=1788943293640/2026-09-09T08:41:33.640Z D1{frames=183,reject=0,samples=732/732,ageMs=97,maxGapMs=177,ready=1,sync=1,N[P1{n=4,min=0,max=0,last=0};P2{n=4,min=-77,max=-13,last=-61};P3{n=4,min=-97,max=-17,last=-49};P4{n=0}]} D2{frames=183,reject=0,samples=732/732,ageMs=108,maxGapMs=177,ready=1,sync=1,N[P1{n=4,min=-5,max=11,last=-5};P2{n=4,min=-54,max=58,last=-22};P3{n=4,min=-42,max=70,last=-26};P4{n=0}]} D3{frames=183,reject=0,samples=732/732,ageMs=97,maxGapMs=178,ready=1,sync=1,N[P1{n=4,min=-1,max=-1,last=-1};P2{n=4,min=-24,max=24,last=-8};P3{n=4,min=-17,max=15,last=-17};P4{n=0}]} D4{frames=183,reject=0,samples=732/732,ageMs=107,maxGapMs=187,ready=1,sync=1,N[P1{n=4,min=-1,max=-1,last=-1};P2{n=4,min=-96,max=48,last=-16};P3{n=4,min=-112,max=64,last=0};P4{n=0}]} D5{frames=183,reject=0,samples=732/732,ageMs=108,maxGapMs=189,ready=1,sync=1,N[P1{n=4,min=-2,max=14,last=14};P2{n=4,min=-66,max=-18,last=-50};P3{n=4,min=-60,max=-12,last=-44};P4{n=0}]} D6{frames=183,reject=0,samples=732/732,ageMs=106,maxGapMs=188,ready=1,sync=1,N[P1{n=4,min=-5,max=11,last=-5};P2{n=4,min=-118,max=58,last=58};P3{n=4,min=-126,max=66,last=66};P4{n=0}]}
[2026-09-09T08:41:33.745Z][RENDERER/1] file:///D:/%E4%B8%8A%E4%BD%8D%E6%9C%BA%E7%95%8C%E9%9D%A2%E5%8E%9F%E5%9E%8B%E7%89%88/flame-detector-bench-desktop/dist/assets/index-A9TaTnGI.js:264 [WaveformDiag][UI] kind=delta wireAgeMs=17 payloadAgeMs=17 D1{on=1,total=2348,delta=16,lastAgeMs=114,reset=0} D2{on=1,total=2300,delta=16,lastAgeMs=125,reset=0} D3{on=1,total=2328,delta=16,lastAgeMs=114,reset=0} D4{on=1,total=2264,delta=12,lastAgeMs=124,reset=0} D5{on=1,total=2300,delta=12,lastAgeMs=125,reset=0} D6{on=1,total=2300,delta=12,lastAgeMs=123,reset=0}
[2026-09-09T08:41:34.319Z][STDOUT] [WaveformDiag][WS] mode=delta clients=2 resync=0 maxBuffered=0 stateAgeMs=102 D1{on=1,ready=1,sync=1,startup=TEST_READY,attempts=1,streak=598,firstAgeMs=46469,readyAgeMs=46220,total=2392,delta=12,hist=1000,lastAgeMs=93,reset=0} D2{on=1,ready=1,sync=1,startup=TEST_READY,attempts=1,streak=586,firstAgeMs=45709,readyAgeMs=45469,total=2344,delta=12,hist=1000,lastAgeMs=96,reset=0} D3{on=1,ready=1,sync=1,startup=TEST_READY,attempts=1,streak=586,firstAgeMs=45779,readyAgeMs=45488,total=2368,delta=8,hist=1000,lastAgeMs=96,reset=0} D4{on=1,ready=1,sync=1,startup=TEST_READY,attempts=1,streak=577,firstAgeMs=45170,readyAgeMs=44899,total=2308,delta=12,hist=1000,lastAgeMs=97,reset=0} D5{on=1,ready=1,sync=1,startup=TEST_READY,attempts=1,streak=586,firstAgeMs=45694,readyAgeMs=45483,total=2344,delta=12,hist=1000,lastAgeMs=97,reset=0} D6{on=1,ready=1,sync=1,startup=TEST_READY,attempts=1,streak=586,firstAgeMs=45711,readyAgeMs=45482,total=2344,delta=12,hist=1000,lastAgeMs=98,reset=0}
[2026-09-09T08:41:34.642Z][STDOUT] [噪声窗口][每秒] at=1788943294642/2026-09-09T08:41:34.642Z D1{frames=192,reject=0,samples=768/768,ageMs=102,maxGapMs=178,ready=1,sync=1,N[P1{n=4,min=0,max=0,last=0};P2{n=4,min=-27,max=85,last=-27};P3{n=4,min=-15,max=81,last=-15};P4{n=0}]} D2{frames=192,reject=0,samples=768/768,ageMs=103,maxGapMs=177,ready=1,sync=1,N[P1{n=4,min=-5,max=11,last=11};P2{n=4,min=-69,max=-5,last=-69};P3{n=4,min=-56,max=24,last=-56};P4{n=0}]} D3{frames=192,reject=0,samples=768/768,ageMs=102,maxGapMs=178,ready=1,sync=1,N[P1{n=4,min=-1,max=-1,last=-1};P2{n=4,min=11,max=59,last=59};P3{n=4,min=34,max=50,last=50};P4{n=0}]} D4{frames=192,reject=0,samples=768/768,ageMs=103,maxGapMs=187,ready=1,sync=1,N[P1{n=4,min=-1,max=-1,last=-1};P2{n=4,min=-77,max=67,last=67};P3{n=4,min=-92,max=68,last=68};P4{n=0}]} D5{frames=192,reject=0,samples=768/768,ageMs=104,maxGapMs=189,ready=1,sync=1,N[P1{n=4,min=-1,max=-1,last=-1};P2{n=4,min=-80,max=16,last=-80};P3{n=4,min=-58,max=22,last=-58};P4{n=0}]} D6{frames=192,reject=0,samples=768/768,ageMs=20,maxGapMs=197,ready=1,sync=1,N[P1{n=4,min=-5,max=11,last=-5};P2{n=4,min=-84,max=-20,last=-84};P3{n=4,min=-91,max=5,last=-91};P4{n=0}]}
[2026-09-09T08:41:34.852Z][RENDERER/1] file:///D:/%E4%B8%8A%E4%BD%8D%E6%9C%BA%E7%95%8C%E9%9D%A2%E5%8E%9F%E5%9E%8B%E7%89%88/flame-detector-bench-desktop/dist/assets/index-A9TaTnGI.js:264 [WaveformDiag][UI] kind=delta wireAgeMs=9 payloadAgeMs=9 D1{on=1,total=2420,delta=16,lastAgeMs=100,reset=0} D2{on=1,total=2372,delta=16,lastAgeMs=101,reset=0} D3{on=1,total=2396,delta=12,lastAgeMs=108,reset=0} D4{on=1,total=2336,delta=16,lastAgeMs=107,reset=0} D5{on=1,total=2372,delta=16,lastAgeMs=107,reset=0} D6{on=1,total=2372,delta=16,lastAgeMs=106,reset=0}
[2026-09-09T08:41:35.443Z][STDOUT] [WaveformDiag][WS] mode=delta clients=2 resync=0 maxBuffered=0 stateAgeMs=3 D1{on=1,ready=1,sync=1,startup=TEST_READY,attempts=1,streak=616,firstAgeMs=47592,readyAgeMs=47343,total=2464,delta=16,hist=1000,lastAgeMs=93,reset=0} D2{on=1,ready=1,sync=1,startup=TEST_READY,attempts=1,streak=604,firstAgeMs=46832,readyAgeMs=46592,total=2416,delta=16,hist=1000,lastAgeMs=99,reset=0} D3{on=1,ready=1,sync=1,startup=TEST_READY,attempts=1,streak=604,firstAgeMs=46902,readyAgeMs=46611,total=2440,delta=12,hist=1000,lastAgeMs=99,reset=0} D4{on=1,ready=1,sync=1,startup=TEST_READY,attempts=1,streak=595,firstAgeMs=46293,readyAgeMs=46022,total=2380,delta=16,hist=1000,lastAgeMs=100,reset=0} D5{on=1,ready=1,sync=1,startup=TEST_READY,attempts=1,streak=604,firstAgeMs=46817,readyAgeMs=46606,total=2416,delta=16,hist=1000,lastAgeMs=100,reset=0} D6{on=1,ready=1,sync=1,startup=TEST_READY,attempts=1,streak=604,firstAgeMs=46834,readyAgeMs=46605,total=2416,delta=16,hist=1000,lastAgeMs=101,reset=0}
[2026-09-09T08:41:35.671Z][STDOUT] [噪声窗口][每秒] at=1788943295671/2026-09-09T08:41:35.671Z D1{frames=202,reject=0,samples=808/808,ageMs=107,maxGapMs=178,ready=1,sync=1,N[P1{n=4,min=0,max=0,last=0};P2{n=4,min=-74,max=70,last=-10};P3{n=4,min=-77,max=67,last=-45};P4{n=0}]} D2{frames=202,reject=0,samples=808/808,ageMs=107,maxGapMs=177,ready=1,sync=1,N[P1{n=4,min=-5,max=11,last=-5};P2{n=4,min=-82,max=14,last=14};P3{n=4,min=-37,max=27,last=-5};P4{n=0}]} D3{frames=202,reject=0,samples=808/808,ageMs=106,maxGapMs=178,ready=1,sync=1,N[P1{n=4,min=-1,max=-1,last=-1};P2{n=4,min=-35,max=45,last=-3};P3{n=4,min=-60,max=52,last=-60};P4{n=0}]} D4{frames=202,reject=0,samples=808/808,ageMs=108,maxGapMs=187,ready=1,sync=1,N[P1{n=4,min=-1,max=15,last=-1};P2{n=4,min=-43,max=53,last=-11};P3{n=4,min=-43,max=53,last=-27};P4{n=0}]} D5{frames=202,reject=0,samples=808/808,ageMs=106,maxGapMs=189,ready=1,sync=1,N[P1{n=4,min=-2,max=-2,last=-2};P2{n=4,min=-47,max=49,last=33};P3{n=4,min=-56,max=72,last=24};P4{n=0}]} D6{frames=202,reject=0,samples=808/808,ageMs=106,maxGapMs=197,ready=1,sync=1,N[P1{n=4,min=-5,max=11,last=-5};P2{n=4,min=-34,max=30,last=-18};P3{n=4,min=-41,max=23,last=-41};P4{n=0}]}
[2026-09-09T08:41:36.014Z][RENDERER/1] file:///D:/%E4%B8%8A%E4%BD%8D%E6%9C%BA%E7%95%8C%E9%9D%A2%E5%8E%9F%E5%9E%8B%E7%89%88/flame-detector-bench-desktop/dist/assets/index-A9TaTnGI.js:264 [WaveformDiag][UI] kind=delta wireAgeMs=12 payloadAgeMs=12 D1{on=1,total=2492,delta=16,lastAgeMs=111,reset=0} D2{on=1,total=2444,delta=16,lastAgeMs=112,reset=0} D3{on=1,total=2472,delta=16,lastAgeMs=111,reset=0} D4{on=1,total=2408,delta=16,lastAgeMs=112,reset=0} D5{on=1,total=2444,delta=16,lastAgeMs=113,reset=0} D6{on=1,total=2444,delta=16,lastAgeMs=155,reset=0}
[2026-09-09T08:41:36.623Z][STDOUT] [WaveformDiag][WS] mode=delta clients=2 resync=0 maxBuffered=0 stateAgeMs=3 D1{on=1,ready=1,sync=1,startup=TEST_READY,attempts=1,streak=634,firstAgeMs=48773,readyAgeMs=48524,total=2536,delta=12,hist=1000,lastAgeMs=100,reset=0} D2{on=1,ready=1,sync=1,startup=TEST_READY,attempts=1,streak=624,firstAgeMs=48013,readyAgeMs=47773,total=2496,delta=20,hist=1000,lastAgeMs=23,reset=0} D3{on=1,ready=1,sync=1,startup=TEST_READY,attempts=1,streak=623,firstAgeMs=48083,readyAgeMs=47792,total=2516,delta=12,hist=1000,lastAgeMs=99,reset=0} D4{on=1,ready=1,sync=1,startup=TEST_READY,attempts=1,streak=615,firstAgeMs=47474,readyAgeMs=47203,total=2460,delta=20,hist=1000,lastAgeMs=24,reset=0} D5{on=1,ready=1,sync=1,startup=TEST_READY,attempts=1,streak=623,firstAgeMs=47998,readyAgeMs=47787,total=2492,delta=16,hist=1000,lastAgeMs=101,reset=0} D6{on=1,ready=1,sync=1,startup=TEST_READY,attempts=1,streak=623,firstAgeMs=48015,readyAgeMs=47786,total=2492,delta=16,hist=1000,lastAgeMs=100,reset=0}
[2026-09-09T08:41:36.726Z][STDOUT] [噪声窗口][每秒] at=1788943296726/2026-09-09T08:41:36.726Z D1{frames=212,reject=0,samples=848/848,ageMs=99,maxGapMs=188,ready=1,sync=1,N[P1{n=4,min=0,max=0,last=0};P2{n=4,min=-23,max=41,last=9};P3{n=4,min=-42,max=54,last=-42};P4{n=0}]} D2{frames=212,reject=0,samples=848/848,ageMs=126,maxGapMs=186,ready=1,sync=1,N[P1{n=4,min=-5,max=11,last=-5};P2{n=4,min=0,max=96,last=0};P3{n=4,min=-34,max=94,last=-34};P4{n=0}]} D3{frames=212,reject=0,samples=848/848,ageMs=98,maxGapMs=188,ready=1,sync=1,N[P1{n=4,min=-1,max=-1,last=-1};P2{n=4,min=-63,max=-31,last=-63};P3{n=4,min=-40,max=-8,last=-40};P4{n=0}]} D4{frames=212,reject=0,samples=848/848,ageMs=127,maxGapMs=187,ready=1,sync=1,N[P1{n=4,min=0,max=0,last=0};P2{n=4,min=-88,max=-24,last=-24};P3{n=4,min=-88,max=8,last=8};P4{n=0}]} D5{frames=212,reject=0,samples=848/848,ageMs=98,maxGapMs=189,ready=1,sync=1,N[P1{n=4,min=-2,max=-2,last=-2};P2{n=4,min=-28,max=68,last=36};P3{n=4,min=-20,max=60,last=60};P4{n=0}]} D6{frames=212,reject=0,samples=848/848,ageMs=98,maxGapMs=225,ready=1,sync=1,N[P1{n=4,min=-5,max=-5,last=-5};P2{n=4,min=-64,max=-16,last=-32};P3{n=4,min=-54,max=-22,last=-54};P4{n=0}]}
[2026-09-09T08:41:37.153Z][RENDERER/1] file:///D:/%E4%B8%8A%E4%BD%8D%E6%9C%BA%E7%95%8C%E9%9D%A2%E5%8E%9F%E5%9E%8B%E7%89%88/flame-detector-bench-desktop/dist/assets/index-A9TaTnGI.js:264 [WaveformDiag][UI] kind=delta wireAgeMs=12 payloadAgeMs=12 D1{on=1,total=2564,delta=12,lastAgeMs=110,reset=0} D2{on=1,total=2516,delta=12,lastAgeMs=111,reset=0} D3{on=1,total=2544,delta=12,lastAgeMs=110,reset=0} D4{on=1,total=2480,delta=12,lastAgeMs=109,reset=0} D5{on=1,total=2520,delta=16,lastAgeMs=104,reset=0} D6{on=1,total=2520,delta=16,lastAgeMs=104,reset=0}
[2026-09-09T08:41:37.666Z][STDOUT] [噪声窗口][每秒] at=1788943297666/2026-09-09T08:41:37.666Z D1{frames=221,reject=0,samples=884/884,ageMs=104,maxGapMs=188,ready=1,sync=1,N[P1{n=4,min=0,max=0,last=0};P2{n=4,min=-85,max=-21,last=-37};P3{n=4,min=-56,max=8,last=-40};P4{n=0}]} D2{frames=221,reject=0,samples=884/884,ageMs=104,maxGapMs=186,ready=1,sync=1,N[P1{n=4,min=-5,max=11,last=11};P2{n=4,min=-30,max=2,last=2};P3{n=4,min=-17,max=-1,last=-17};P4{n=0}]} D3{frames=221,reject=0,samples=884/884,ageMs=103,maxGapMs=188,ready=1,sync=1,N[P1{n=4,min=-1,max=-1,last=-1};P2{n=4,min=-13,max=35,last=35};P3{n=4,min=-54,max=42,last=10};P4{n=0}]} D4{frames=221,reject=0,samples=884/884,ageMs=22,maxGapMs=187,ready=1,sync=1,N[P1{n=4,min=-1,max=15,last=15};P2{n=4,min=9,max=41,last=41};P3{n=4,min=9,max=41,last=41};P4{n=0}]} D5{frames=221,reject=0,samples=884/884,ageMs=103,maxGapMs=189,ready=1,sync=1,N[P1{n=4,min=-2,max=14,last=-2};P2{n=4,min=-44,max=4,last=-44};P3{n=4,min=-50,max=46,last=-50};P4{n=0}]} D6{frames=221,reject=0,samples=884/884,ageMs=103,maxGapMs=225,ready=1,sync=1,N[P1{n=4,min=-5,max=-5,last=-5};P2{n=4,min=-29,max=3,last=-29};P3{n=4,min=-52,max=12,last=-36};P4{n=0}]}
[2026-09-09T08:41:37.776Z][STDOUT] [WaveformDiag][WS] mode=delta clients=2 resync=0 maxBuffered=0 stateAgeMs=3 D1{on=1,ready=1,sync=1,startup=TEST_READY,attempts=1,streak=653,firstAgeMs=49926,readyAgeMs=49677,total=2612,delta=16,hist=1000,lastAgeMs=103,reset=0} D2{on=1,ready=1,sync=1,startup=TEST_READY,attempts=1,streak=641,firstAgeMs=49166,readyAgeMs=48926,total=2564,delta=16,hist=1000,lastAgeMs=104,reset=0} D3{on=1,ready=1,sync=1,startup=TEST_READY,attempts=1,streak=642,firstAgeMs=49236,readyAgeMs=48945,total=2592,delta=16,hist=1000,lastAgeMs=103,reset=0} D4{on=1,ready=1,sync=1,startup=TEST_READY,attempts=1,streak=632,firstAgeMs=48627,readyAgeMs=48356,total=2528,delta=16,hist=1000,lastAgeMs=101,reset=0} D5{on=1,ready=1,sync=1,startup=TEST_READY,attempts=1,streak=641,firstAgeMs=49151,readyAgeMs=48940,total=2564,delta=12,hist=1000,lastAgeMs=100,reset=0} D6{on=1,ready=1,sync=1,startup=TEST_READY,attempts=1,streak=641,firstAgeMs=49168,readyAgeMs=48939,total=2564,delta=12,hist=1000,lastAgeMs=102,reset=0}
[2026-09-09T08:41:38.408Z][RENDERER/1] file:///D:/%E4%B8%8A%E4%BD%8D%E6%9C%BA%E7%95%8C%E9%9D%A2%E5%8E%9F%E5%9E%8B%E7%89%88/flame-detector-bench-desktop/dist/assets/index-A9TaTnGI.js:264 [WaveformDiag][UI] kind=delta wireAgeMs=13 payloadAgeMs=13 D1{on=1,total=2644,delta=20,lastAgeMs=7,reset=0} D2{on=1,total=2596,delta=20,lastAgeMs=7,reset=0} D3{on=1,total=2624,delta=20,lastAgeMs=7,reset=0} D4{on=1,total=2560,delta=16,lastAgeMs=8,reset=0} D5{on=1,total=2600,delta=20,lastAgeMs=8,reset=0} D6{on=1,total=2596,delta=16,lastAgeMs=8,reset=0}
[2026-09-09T08:41:38.739Z][STDOUT] [噪声窗口][每秒] at=1788943298738/2026-09-09T08:41:38.738Z D1{frames=229,reject=0,samples=916/916,ageMs=107,maxGapMs=220,ready=1,sync=1,N[P1{n=4,min=0,max=0,last=0};P2{n=4,min=-146,max=78,last=78};P3{n=4,min=-149,max=59,last=59};P4{n=0}]} D2{frames=229,reject=0,samples=916/916,ageMs=108,maxGapMs=218,ready=1,sync=1,N[P1{n=4,min=-5,max=11,last=-5};P2{n=4,min=-45,max=19,last=-45};P3{n=4,min=-31,max=1,last=-31};P4{n=0}]} D3{frames=229,reject=0,samples=916/916,ageMs=110,maxGapMs=216,ready=1,sync=1,N[P1{n=4,min=-1,max=-1,last=-1};P2{n=4,min=-59,max=69,last=69};P3{n=4,min=-52,max=60,last=60};P4{n=0}]} D4{frames=229,reject=0,samples=916/916,ageMs=109,maxGapMs=219,ready=1,sync=1,N[P1{n=4,min=0,max=0,last=0};P2{n=4,min=-53,max=27,last=-53};P3{n=4,min=-37,max=43,last=-37};P4{n=0}]} D5{frames=229,reject=0,samples=916/916,ageMs=109,maxGapMs=216,ready=1,sync=1,N[P1{n=4,min=-2,max=14,last=-2};P2{n=4,min=-27,max=85,last=-27};P3{n=4,min=-34,max=94,last=-34};P4{n=0}]} D6{frames=229,reject=0,samples=916/916,ageMs=110,maxGapMs=262,ready=1,sync=1,N[P1{n=4,min=-5,max=-5,last=-5};P2{n=4,min=-77,max=3,last=-77};P3{n=4,min=-99,max=13,last=-67};P4{n=0}]}
[2026-09-09T08:41:38.748Z][STDOUT] [噪声窗口] 结束 batch=field-waveform-1788943219240-14 reason=INTERFERENCE_STAGE_STARTED plcOpenAt=1788943268616/2026-09-09T08:41:08.616Z captureStartAt=1788943278635/2026-09-09T08:41:18.635Z captureEndAt=1788943298748/2026-09-09T08:41:38.748Z durationMs=20113
[2026-09-09T08:41:38.752Z][STDOUT] [噪声窗口][D1] frames=229,reject=0,samples=916/916,rawSamples=916/916,firstFrameAt=1788943278633/2026-09-09T08:41:18.633Z,lastFrameAt=1788943298631/2026-09-09T08:41:38.631Z,ageMs=117,maxGapMs=220,ready=1,sync=1 N[P1{n=916,min=-1,max=16,last=0,fluct=8.5,abs=16};P2{n=916,min=-265,max=134,last=78,fluct=199.5,abs=265};P3{n=916,min=-220,max=158,last=59,fluct=189,abs=220};P4{n=0}] R[P1{n=916,min=-32767,max=-32751,last=-32767,fluct=8,abs=32767};P2{n=916,min=-47,max=337,last=209,fluct=192,abs=337};P3{n=916,min=-95,max=305,last=129,fluct=200,abs=305};P4{n=0}]
[2026-09-09T08:41:38.753Z][STDOUT] [噪声窗口][D2] frames=229,reject=0,samples=916/916,rawSamples=916/916,firstFrameAt=1788943278633/2026-09-09T08:41:18.633Z,lastFrameAt=1788943298630/2026-09-09T08:41:38.630Z,ageMs=118,maxGapMs=218,ready=1,sync=1 N[P1{n=916,min=-5,max=12,last=-5,fluct=8.5,abs=12};P2{n=916,min=-219,max=152,last=-45,fluct=185.5,abs=219};P3{n=916,min=-204,max=127,last=-31,fluct=165.5,abs=204};P4{n=0}] R[P1{n=916,min=-32767,max=-32751,last=-32767,fluct=8,abs=32767};P2{n=916,min=97,max=417,last=177,fluct=160,abs=417};P3{n=916,min=-79,max=241,last=33,fluct=160,abs=241};P4{n=0}]
[2026-09-09T08:41:38.755Z][STDOUT] [噪声窗口][D3] frames=229,reject=0,samples=916/916,rawSamples=916/916,firstFrameAt=1788943278634/2026-09-09T08:41:18.634Z,lastFrameAt=1788943298628/2026-09-09T08:41:38.628Z,ageMs=120,maxGapMs=216,ready=1,sync=1 N[P1{n=916,min=-5,max=15,last=-1,fluct=10,abs=15};P2{n=916,min=-251,max=130,last=69,fluct=190.5,abs=251};P3{n=916,min=-260,max=121,last=60,fluct=190.5,abs=260};P4{n=0}] R[P1{n=916,min=-32767,max=-32751,last=-32767,fluct=8,abs=32767};P2{n=916,min=-255,max=81,last=-31,fluct=168,abs=255};P3{n=916,min=-239,max=81,last=-31,fluct=160,abs=239};P4{n=0}]
[2026-09-09T08:41:38.757Z][STDOUT] [噪声窗口][D4] frames=229,reject=0,samples=916/916,rawSamples=916/916,firstFrameAt=1788943278657/2026-09-09T08:41:18.657Z,lastFrameAt=1788943298629/2026-09-09T08:41:38.629Z,ageMs=119,maxGapMs=219,ready=1,sync=1 N[P1{n=916,min=-1,max=16,last=0,fluct=8.5,abs=16};P2{n=916,min=-217,max=152,last=-53,fluct=184.5,abs=217};P3{n=916,min=-207,max=141,last=-37,fluct=174,abs=207};P4{n=0}] R[P1{n=916,min=-32767,max=-32751,last=-32767,fluct=8,abs=32767};P2{n=916,min=-271,max=81,last=-127,fluct=176,abs=271};P3{n=916,min=-175,max=193,last=-15,fluct=184,abs=193};P4{n=0}]
[2026-09-09T08:41:38.758Z][STDOUT] [噪声窗口][D5] frames=229,reject=0,samples=916/916,rawSamples=916/916,firstFrameAt=1788943278656/2026-09-09T08:41:18.656Z,lastFrameAt=1788943298629/2026-09-09T08:41:38.629Z,ageMs=119,maxGapMs=216,ready=1,sync=1 N[P1{n=916,min=-2,max=15,last=-2,fluct=8.5,abs=15};P2{n=916,min=-248,max=148,last=-27,fluct=198,abs=248};P3{n=916,min=-258,max=149,last=-34,fluct=203.5,abs=258};P4{n=0}] R[P1{n=916,min=-32767,max=-32751,last=-32767,fluct=8,abs=32767};P2{n=916,min=-31,max=305,last=113,fluct=168,abs=305};P3{n=916,min=-143,max=209,last=1,fluct=176,abs=209};P4{n=0}]
[2026-09-09T08:41:38.759Z][STDOUT] [噪声窗口][D6] frames=229,reject=0,samples=916/916,rawSamples=916/916,firstFrameAt=1788943278635/2026-09-09T08:41:18.635Z,lastFrameAt=1788943298628/2026-09-09T08:41:38.628Z,ageMs=120,maxGapMs=262,ready=1,sync=1 N[P1{n=916,min=-6,max=11,last=-5,fluct=8.5,abs=11};P2{n=916,min=-232,max=140,last=-77,fluct=186,abs=232};P3{n=916,min=-224,max=124,last=-67,fluct=174,abs=224};P4{n=0}] R[P1{n=916,min=-32767,max=-32751,last=-32767,fluct=8,abs=32767};P2{n=916,min=129,max=433,last=193,fluct=152,abs=433};P3{n=916,min=145,max=497,last=241,fluct=176,abs=497};P4{n=0}]
[2026-09-09T08:41:38.876Z][STDOUT] [WaveformDiag][WS] mode=delta clients=2 resync=0 maxBuffered=0 stateAgeMs=5 D1{on=1,ready=1,sync=1,startup=TEST_READY,attempts=1,streak=670,firstAgeMs=51026,readyAgeMs=50777,total=0,delta=0,hist=0,lastAgeMs=130,reset=1} D2{on=1,ready=1,sync=1,startup=TEST_READY,attempts=1,streak=658,firstAgeMs=50266,readyAgeMs=50026,total=0,delta=0,hist=0,lastAgeMs=129,reset=1} D3{on=1,ready=1,sync=1,startup=TEST_READY,attempts=1,streak=659,firstAgeMs=50336,readyAgeMs=50045,total=0,delta=0,hist=0,lastAgeMs=129,reset=1} D4{on=1,ready=1,sync=1,startup=TEST_READY,attempts=1,streak=649,firstAgeMs=49727,readyAgeMs=49456,total=0,delta=0,hist=0,lastAgeMs=130,reset=1} D5{on=1,ready=1,sync=1,startup=TEST_READY,attempts=1,streak=659,firstAgeMs=50251,readyAgeMs=50040,total=4,delta=4,hist=4,lastAgeMs=104,reset=1} D6{on=1,ready=1,sync=1,startup=TEST_READY,attempts=1,streak=659,firstAgeMs=50268,readyAgeMs=50039,total=4,delta=4,hist=4,lastAgeMs=104,reset=1}
[2026-09-09T08:41:39.484Z][RENDERER/1] file:///D:/%E4%B8%8A%E4%BD%8D%E6%9C%BA%E7%95%8C%E9%9D%A2%E5%8E%9F%E5%9E%8B%E7%89%88/flame-detector-bench-desktop/dist/assets/index-A9TaTnGI.js:264 [WaveformDiag][UI] kind=delta wireAgeMs=11 payloadAgeMs=11 D1{on=1,total=24,delta=16,lastAgeMs=286,reset=0} D2{on=1,total=24,delta=16,lastAgeMs=287,reset=0} D3{on=1,total=20,delta=12,lastAgeMs=286,reset=0} D4{on=1,total=24,delta=16,lastAgeMs=287,reset=0} D5{on=1,total=24,delta=12,lastAgeMs=286,reset=0} D6{on=1,total=24,delta=12,lastAgeMs=286,reset=0}
[2026-09-09T08:41:39.924Z][STDOUT] [WaveformDiag][WS] mode=delta clients=2 resync=0 maxBuffered=0 stateAgeMs=4 D1{on=1,ready=1,sync=1,startup=TEST_READY,attempts=1,streak=687,firstAgeMs=52073,readyAgeMs=51824,total=68,delta=8,hist=68,lastAgeMs=114,reset=0} D2{on=1,ready=1,sync=1,startup=TEST_READY,attempts=1,streak=675,firstAgeMs=51313,readyAgeMs=51073,total=68,delta=8,hist=68,lastAgeMs=114,reset=0} D3{on=1,ready=1,sync=1,startup=TEST_READY,attempts=1,streak=676,firstAgeMs=51383,readyAgeMs=51092,total=68,delta=12,hist=68,lastAgeMs=114,reset=0} D4{on=1,ready=1,sync=1,startup=TEST_READY,attempts=1,streak=666,firstAgeMs=50774,readyAgeMs=50503,total=68,delta=8,hist=68,lastAgeMs=114,reset=0} D5{on=1,ready=1,sync=1,startup=TEST_READY,attempts=1,streak=675,firstAgeMs=51298,readyAgeMs=51087,total=68,delta=8,hist=68,lastAgeMs=114,reset=0} D6{on=1,ready=1,sync=1,startup=TEST_READY,attempts=1,streak=675,firstAgeMs=51315,readyAgeMs=51086,total=68,delta=8,hist=68,lastAgeMs=140,reset=0}
[2026-09-09T08:41:40.738Z][RENDERER/1] file:///D:/%E4%B8%8A%E4%BD%8D%E6%9C%BA%E7%95%8C%E9%9D%A2%E5%8E%9F%E5%9E%8B%E7%89%88/flame-detector-bench-desktop/dist/assets/index-A9TaTnGI.js:264 [WaveformDiag][UI] kind=delta wireAgeMs=122 payloadAgeMs=122 D1{on=1,total=112,delta=24,lastAgeMs=117,reset=0} D2{on=1,total=112,delta=24,lastAgeMs=117,reset=0} D3{on=1,total=112,delta=24,lastAgeMs=117,reset=0} D4{on=1,total=112,delta=24,lastAgeMs=145,reset=0} D5{on=1,total=116,delta=28,lastAgeMs=117,reset=0} D6{on=1,total=116,delta=28,lastAgeMs=118,reset=0}
[2026-09-09T08:41:41.066Z][STDOUT] [WaveformDiag][WS] mode=delta clients=2 resync=0 maxBuffered=0 stateAgeMs=5 D1{on=1,ready=1,sync=1,startup=TEST_READY,attempts=1,streak=705,firstAgeMs=53216,readyAgeMs=52967,total=140,delta=12,hist=140,lastAgeMs=109,reset=0} D2{on=1,ready=1,sync=1,startup=TEST_READY,attempts=1,streak=693,firstAgeMs=52456,readyAgeMs=52216,total=140,delta=12,hist=140,lastAgeMs=109,reset=0} D3{on=1,ready=1,sync=1,startup=TEST_READY,attempts=1,streak=694,firstAgeMs=52526,readyAgeMs=52235,total=140,delta=12,hist=140,lastAgeMs=109,reset=0} D4{on=1,ready=1,sync=1,startup=TEST_READY,attempts=1,streak=684,firstAgeMs=51917,readyAgeMs=51646,total=140,delta=12,hist=140,lastAgeMs=109,reset=0} D5{on=1,ready=1,sync=1,startup=TEST_READY,attempts=1,streak=694,firstAgeMs=52441,readyAgeMs=52230,total=144,delta=16,hist=144,lastAgeMs=109,reset=0} D6{on=1,ready=1,sync=1,startup=TEST_READY,attempts=1,streak=694,firstAgeMs=52458,readyAgeMs=52229,total=144,delta=16,hist=144,lastAgeMs=109,reset=0}
[2026-09-09T08:41:41.928Z][RENDERER/1] file:///D:/%E4%B8%8A%E4%BD%8D%E6%9C%BA%E7%95%8C%E9%9D%A2%E5%8E%9F%E5%9E%8B%E7%89%88/flame-detector-bench-desktop/dist/assets/index-A9TaTnGI.js:264 [WaveformDiag][UI] kind=delta wireAgeMs=4 payloadAgeMs=4 D1{on=1,total=180,delta=8,lastAgeMs=122,reset=0} D2{on=1,total=180,delta=12,lastAgeMs=122,reset=0} D3{on=1,total=180,delta=12,lastAgeMs=122,reset=0} D4{on=1,total=180,delta=12,lastAgeMs=123,reset=0} D5{on=1,total=184,delta=12,lastAgeMs=123,reset=0} D6{on=1,total=184,delta=12,lastAgeMs=124,reset=0}
[2026-09-09T08:41:42.150Z][STDOUT] [WaveformDiag][WS] mode=delta clients=2 resync=0 maxBuffered=0 stateAgeMs=5 D1{on=1,ready=1,sync=1,startup=TEST_READY,attempts=1,streak=721,firstAgeMs=54300,readyAgeMs=54051,total=204,delta=16,hist=204,lastAgeMs=220,reset=0} D2{on=1,ready=1,sync=1,startup=TEST_READY,attempts=1,streak=709,firstAgeMs=53540,readyAgeMs=53300,total=204,delta=16,hist=204,lastAgeMs=220,reset=0} D3{on=1,ready=1,sync=1,startup=TEST_READY,attempts=1,streak=710,firstAgeMs=53610,readyAgeMs=53319,total=204,delta=16,hist=204,lastAgeMs=219,reset=0} D4{on=1,ready=1,sync=1,startup=TEST_READY,attempts=1,streak=700,firstAgeMs=53001,readyAgeMs=52730,total=204,delta=16,hist=204,lastAgeMs=220,reset=0} D5{on=1,ready=1,sync=1,startup=TEST_READY,attempts=1,streak=709,firstAgeMs=53525,readyAgeMs=53314,total=204,delta=12,hist=204,lastAgeMs=219,reset=0} D6{on=1,ready=1,sync=1,startup=TEST_READY,attempts=1,streak=709,firstAgeMs=53542,readyAgeMs=53313,total=204,delta=12,hist=204,lastAgeMs=219,reset=0}
[2026-09-09T08:41:42.929Z][RENDERER/1] file:///D:/%E4%B8%8A%E4%BD%8D%E6%9C%BA%E7%95%8C%E9%9D%A2%E5%8E%9F%E5%9E%8B%E7%89%88/flame-detector-bench-desktop/dist/assets/index-A9TaTnGI.js:264 [WaveformDiag][UI] kind=delta wireAgeMs=12 payloadAgeMs=12 D1{on=1,total=248,delta=16,lastAgeMs=210,reset=0} D2{on=1,total=248,delta=16,lastAgeMs=210,reset=0} D3{on=1,total=248,delta=16,lastAgeMs=210,reset=0} D4{on=1,total=252,delta=20,lastAgeMs=122,reset=0} D5{on=1,total=248,delta=12,lastAgeMs=209,reset=0} D6{on=1,total=248,delta=12,lastAgeMs=209,reset=0}
[2026-09-09T08:41:43.345Z][STDOUT] [WaveformDiag][WS] mode=delta clients=2 resync=0 maxBuffered=0 stateAgeMs=6 D1{on=1,ready=1,sync=1,startup=TEST_READY,attempts=1,streak=742,firstAgeMs=55495,readyAgeMs=55246,total=288,delta=20,hist=288,lastAgeMs=102,reset=0} D2{on=1,ready=1,sync=1,startup=TEST_READY,attempts=1,streak=730,firstAgeMs=54735,readyAgeMs=54495,total=288,delta=20,hist=288,lastAgeMs=102,reset=0} D3{on=1,ready=1,sync=1,startup=TEST_READY,attempts=1,streak=731,firstAgeMs=54805,readyAgeMs=54514,total=288,delta=20,hist=288,lastAgeMs=102,reset=0} D4{on=1,ready=1,sync=1,startup=TEST_READY,attempts=1,streak=721,firstAgeMs=54196,readyAgeMs=53925,total=288,delta=20,hist=288,lastAgeMs=102,reset=0} D5{on=1,ready=1,sync=1,startup=TEST_READY,attempts=1,streak=730,firstAgeMs=54720,readyAgeMs=54509,total=288,delta=20,hist=288,lastAgeMs=103,reset=0} D6{on=1,ready=1,sync=1,startup=TEST_READY,attempts=1,streak=730,firstAgeMs=54737,readyAgeMs=54508,total=288,delta=20,hist=288,lastAgeMs=103,reset=0}
[2026-09-09T08:41:43.908Z][RENDERER/1] file:///D:/%E4%B8%8A%E4%BD%8D%E6%9C%BA%E7%95%8C%E9%9D%A2%E5%8E%9F%E5%9E%8B%E7%89%88/flame-detector-bench-desktop/dist/assets/index-A9TaTnGI.js:264 [WaveformDiag][UI] kind=delta wireAgeMs=5 payloadAgeMs=5 D1{on=1,total=316,delta=20,lastAgeMs=198,reset=0} D2{on=1,total=316,delta=20,lastAgeMs=198,reset=0} D3{on=1,total=316,delta=20,lastAgeMs=198,reset=0} D4{on=1,total=316,delta=20,lastAgeMs=197,reset=0} D5{on=1,total=320,delta=24,lastAgeMs=197,reset=0} D6{on=1,total=320,delta=24,lastAgeMs=197,reset=0}
[2026-09-09T08:41:44.380Z][STDOUT] [WaveformDiag][WS] mode=delta clients=2 resync=0 maxBuffered=0 stateAgeMs=120 D1{on=1,ready=1,sync=1,startup=TEST_READY,attempts=1,streak=753,firstAgeMs=56530,readyAgeMs=56281,total=332,delta=0,hist=332,lastAgeMs=468,reset=0} D2{on=1,ready=1,sync=1,startup=TEST_READY,attempts=1,streak=742,firstAgeMs=55770,readyAgeMs=55530,total=336,delta=4,hist=336,lastAgeMs=238,reset=0} D3{on=1,ready=1,sync=1,startup=TEST_READY,attempts=1,streak=742,firstAgeMs=55840,readyAgeMs=55549,total=332,delta=4,hist=332,lastAgeMs=238,reset=0} D4{on=1,ready=1,sync=1,startup=TEST_READY,attempts=1,streak=733,firstAgeMs=55231,readyAgeMs=54960,total=336,delta=4,hist=336,lastAgeMs=238,reset=0} D5{on=1,ready=1,sync=1,startup=TEST_READY,attempts=1,streak=743,firstAgeMs=55755,readyAgeMs=55544,total=340,delta=8,hist=340,lastAgeMs=238,reset=0} D6{on=1,ready=1,sync=1,startup=TEST_READY,attempts=1,streak=743,firstAgeMs=55772,readyAgeMs=55543,total=340,delta=8,hist=340,lastAgeMs=238,reset=0}
[2026-09-09T08:41:45.170Z][RENDERER/1] file:///D:/%E4%B8%8A%E4%BD%8D%E6%9C%BA%E7%95%8C%E9%9D%A2%E5%8E%9F%E5%9E%8B%E7%89%88/flame-detector-bench-desktop/dist/assets/index-A9TaTnGI.js:264 [WaveformDiag][UI] kind=delta wireAgeMs=33 payloadAgeMs=33 D1{on=1,total=332,delta=0,lastAgeMs=1154,reset=0} D2{on=1,total=336,delta=0,lastAgeMs=924,reset=0} D3{on=1,total=332,delta=0,lastAgeMs=924,reset=0} D4{on=1,total=336,delta=0,lastAgeMs=924,reset=0} D5{on=1,total=340,delta=0,lastAgeMs=924,reset=0} D6{on=1,total=340,delta=0,lastAgeMs=924,reset=0}
[2026-09-09T08:41:45.635Z][STDOUT] [WaveformDiag][WS] mode=delta clients=2 resync=0 maxBuffered=0 stateAgeMs=6 D1{on=1,ready=1,sync=1,startup=TEST_READY,attempts=1,streak=753,firstAgeMs=57785,readyAgeMs=57536,total=332,delta=0,hist=332,lastAgeMs=1723,reset=0} D2{on=1,ready=1,sync=1,startup=TEST_READY,attempts=1,streak=742,firstAgeMs=57025,readyAgeMs=56785,total=336,delta=0,hist=336,lastAgeMs=1493,reset=0} D3{on=1,ready=1,sync=1,startup=TEST_READY,attempts=1,streak=742,firstAgeMs=57095,readyAgeMs=56804,total=332,delta=0,hist=332,lastAgeMs=1493,reset=0} D4{on=1,ready=1,sync=1,startup=TEST_READY,attempts=1,streak=733,firstAgeMs=56486,readyAgeMs=56215,total=336,delta=0,hist=336,lastAgeMs=1493,reset=0} D5{on=1,ready=1,sync=1,startup=TEST_READY,attempts=1,streak=743,firstAgeMs=57010,readyAgeMs=56799,total=340,delta=0,hist=340,lastAgeMs=1493,reset=0} D6{on=1,ready=1,sync=1,startup=TEST_READY,attempts=1,streak=743,firstAgeMs=57027,readyAgeMs=56798,total=340,delta=0,hist=340,lastAgeMs=1493,reset=0}
[2026-09-09T08:41:46.390Z][RENDERER/1] file:///D:/%E4%B8%8A%E4%BD%8D%E6%9C%BA%E7%95%8C%E9%9D%A2%E5%8E%9F%E5%9E%8B%E7%89%88/flame-detector-bench-desktop/dist/assets/index-A9TaTnGI.js:264 [WaveformDiag][UI] kind=delta wireAgeMs=213 payloadAgeMs=213 D1{on=1,total=0,delta=0,lastAgeMs=2282,reset=0} D2{on=1,total=0,delta=0,lastAgeMs=2052,reset=0} D3{on=1,total=0,delta=0,lastAgeMs=2052,reset=0} D4{on=1,total=0,delta=0,lastAgeMs=2052,reset=0} D5{on=1,total=0,delta=0,lastAgeMs=2052,reset=0} D6{on=1,total=0,delta=0,lastAgeMs=2052,reset=0}
[2026-09-09T08:41:46.719Z][STDOUT] [WaveformDiag][WS] mode=delta clients=2 resync=0 maxBuffered=2863950 stateAgeMs=5 D1{on=1,ready=1,sync=1,startup=TEST_READY,attempts=1,streak=753,firstAgeMs=58869,readyAgeMs=58620,total=0,delta=0,hist=0,lastAgeMs=2807,reset=0} D2{on=1,ready=1,sync=1,startup=TEST_READY,attempts=1,streak=742,firstAgeMs=58109,readyAgeMs=57869,total=0,delta=0,hist=0,lastAgeMs=2577,reset=0} D3{on=1,ready=1,sync=1,startup=TEST_READY,attempts=1,streak=742,firstAgeMs=58179,readyAgeMs=57888,total=0,delta=0,hist=0,lastAgeMs=2577,reset=0} D4{on=1,ready=1,sync=1,startup=TEST_READY,attempts=1,streak=733,firstAgeMs=57570,readyAgeMs=57299,total=0,delta=0,hist=0,lastAgeMs=2577,reset=0} D5{on=1,ready=1,sync=1,startup=TEST_READY,attempts=1,streak=743,firstAgeMs=58094,readyAgeMs=57883,total=0,delta=0,hist=0,lastAgeMs=2577,reset=0} D6{on=1,ready=1,sync=1,startup=TEST_READY,attempts=1,streak=743,firstAgeMs=58111,readyAgeMs=57882,total=0,delta=0,hist=0,lastAgeMs=2577,reset=0}
[2026-09-09T08:41:47.884Z][RENDERER/1] file:///D:/%E4%B8%8A%E4%BD%8D%E6%9C%BA%E7%95%8C%E9%9D%A2%E5%8E%9F%E5%9E%8B%E7%89%88/flame-detector-bench-desktop/dist/assets/index-A9TaTnGI.js:264 [WaveformDiag][UI] kind=delta wireAgeMs=39 payloadAgeMs=39 D1{on=1,total=0,delta=0,lastAgeMs=3780,reset=0} D2{on=1,total=0,delta=0,lastAgeMs=3550,reset=0} D3{on=1,total=0,delta=0,lastAgeMs=3550,reset=0} D4{on=1,total=0,delta=0,lastAgeMs=3550,reset=0} D5{on=1,total=0,delta=0,lastAgeMs=3550,reset=0} D6{on=1,total=0,delta=0,lastAgeMs=3550,reset=0}
[2026-09-09T08:41:48.100Z][STDOUT] [WaveformDiag][WS] mode=delta clients=2 resync=0 maxBuffered=0 stateAgeMs=5 D1{on=1,ready=1,sync=1,startup=TEST_READY,attempts=1,streak=753,firstAgeMs=60250,readyAgeMs=60001,total=0,delta=0,hist=0,lastAgeMs=4188,reset=0} D2{on=1,ready=1,sync=1,startup=TEST_READY,attempts=1,streak=742,firstAgeMs=59490,readyAgeMs=59250,total=0,delta=0,hist=0,lastAgeMs=3958,reset=0} D3{on=1,ready=1,sync=1,startup=TEST_READY,attempts=1,streak=742,firstAgeMs=59560,readyAgeMs=59269,total=0,delta=0,hist=0,lastAgeMs=3958,reset=0} D4{on=1,ready=1,sync=1,startup=TEST_READY,attempts=1,streak=733,firstAgeMs=58951,readyAgeMs=58680,total=0,delta=0,hist=0,lastAgeMs=3958,reset=0} D5{on=1,ready=1,sync=1,startup=TEST_READY,attempts=1,streak=743,firstAgeMs=59475,readyAgeMs=59264,total=0,delta=0,hist=0,lastAgeMs=3958,reset=0} D6{on=1,ready=1,sync=1,startup=TEST_READY,attempts=1,streak=743,firstAgeMs=59492,readyAgeMs=59263,total=0,delta=0,hist=0,lastAgeMs=3958,reset=0}
[2026-09-09T08:41:49.157Z][RENDERER/1] file:///D:/%E4%B8%8A%E4%BD%8D%E6%9C%BA%E7%95%8C%E9%9D%A2%E5%8E%9F%E5%9E%8B%E7%89%88/flame-detector-bench-desktop/dist/assets/index-A9TaTnGI.js:264 [WaveformDiag][UI] kind=delta wireAgeMs=46 payloadAgeMs=46 D1{on=1,total=0,delta=0,lastAgeMs=5083,reset=0} D2{on=1,total=0,delta=0,lastAgeMs=4853,reset=0} D3{on=1,total=0,delta=0,lastAgeMs=4853,reset=0} D4{on=1,total=0,delta=0,lastAgeMs=4853,reset=0} D5{on=1,total=0,delta=0,lastAgeMs=4853,reset=0} D6{on=1,total=0,delta=0,lastAgeMs=4853,reset=0}
[2026-09-09T08:41:49.295Z][STDOUT] [WaveformDiag][WS] mode=delta clients=2 resync=0 maxBuffered=0 stateAgeMs=4 D1{on=1,ready=1,sync=1,startup=TEST_READY,attempts=1,streak=753,firstAgeMs=61445,readyAgeMs=61196,total=0,delta=0,hist=0,lastAgeMs=5383,reset=0} D2{on=1,ready=1,sync=1,startup=TEST_READY,attempts=1,streak=742,firstAgeMs=60685,readyAgeMs=60445,total=0,delta=0,hist=0,lastAgeMs=5153,reset=0} D3{on=1,ready=1,sync=1,startup=TEST_READY,attempts=1,streak=742,firstAgeMs=60755,readyAgeMs=60464,total=0,delta=0,hist=0,lastAgeMs=5153,reset=0} D4{on=1,ready=1,sync=1,startup=TEST_READY,attempts=1,streak=733,firstAgeMs=60146,readyAgeMs=59875,total=0,delta=0,hist=0,lastAgeMs=5153,reset=0} D5{on=1,ready=1,sync=1,startup=TEST_READY,attempts=1,streak=743,firstAgeMs=60670,readyAgeMs=60459,total=0,delta=0,hist=0,lastAgeMs=5153,reset=0} D6{on=1,ready=1,sync=1,startup=TEST_READY,attempts=1,streak=743,firstAgeMs=60687,readyAgeMs=60458,total=0,delta=0,hist=0,lastAgeMs=5153,reset=0}
[2026-09-09T08:41:50.375Z][RENDERER/1] file:///D:/%E4%B8%8A%E4%BD%8D%E6%9C%BA%E7%95%8C%E9%9D%A2%E5%8E%9F%E5%9E%8B%E7%89%88/flame-detector-bench-desktop/dist/assets/index-A9TaTnGI.js:264 [WaveformDiag][UI] kind=delta wireAgeMs=13 payloadAgeMs=13 D1{on=1,total=0,delta=0,lastAgeMs=6370,reset=0} D2{on=1,total=0,delta=0,lastAgeMs=6140,reset=0} D3{on=1,total=0,delta=0,lastAgeMs=6140,reset=0} D4{on=1,total=0,delta=0,lastAgeMs=6140,reset=0} D5{on=1,total=0,delta=0,lastAgeMs=6140,reset=0} D6{on=1,total=0,delta=0,lastAgeMs=6140,reset=0}
[2026-09-09T08:41:50.587Z][STDOUT] [WaveformDiag][WS] mode=delta clients=2 resync=0 maxBuffered=0 stateAgeMs=4 D1{on=1,ready=1,sync=1,startup=TEST_READY,attempts=1,streak=753,firstAgeMs=62737,readyAgeMs=62488,total=0,delta=0,hist=0,lastAgeMs=6675,reset=0} D2{on=1,ready=1,sync=1,startup=TEST_READY,attempts=1,streak=742,firstAgeMs=61977,readyAgeMs=61737,total=0,delta=0,hist=0,lastAgeMs=6445,reset=0} D3{on=1,ready=1,sync=1,startup=TEST_READY,attempts=1,streak=742,firstAgeMs=62047,readyAgeMs=61756,total=0,delta=0,hist=0,lastAgeMs=6445,reset=0} D4{on=1,ready=1,sync=1,startup=TEST_READY,attempts=1,streak=733,firstAgeMs=61438,readyAgeMs=61167,total=0,delta=0,hist=0,lastAgeMs=6445,reset=0} D5{on=1,ready=1,sync=1,startup=TEST_READY,attempts=1,streak=743,firstAgeMs=61962,readyAgeMs=61751,total=0,delta=0,hist=0,lastAgeMs=6445,reset=0} D6{on=1,ready=1,sync=1,startup=TEST_READY,attempts=1,streak=743,firstAgeMs=61979,readyAgeMs=61750,total=0,delta=0,hist=0,lastAgeMs=6445,reset=0}
[2026-09-09T08:41:51.459Z][RENDERER/1] file:///D:/%E4%B8%8A%E4%BD%8D%E6%9C%BA%E7%95%8C%E9%9D%A2%E5%8E%9F%E5%9E%8B%E7%89%88/flame-detector-bench-desktop/dist/assets/index-A9TaTnGI.js:264 [WaveformDiag][UI] kind=delta wireAgeMs=11 payloadAgeMs=11 D1{on=1,total=0,delta=0,lastAgeMs=7448,reset=0} D2{on=1,total=0,delta=0,lastAgeMs=7218,reset=0} D3{on=1,total=0,delta=0,lastAgeMs=7218,reset=0} D4{on=1,total=0,delta=0,lastAgeMs=7218,reset=0} D5{on=1,total=0,delta=0,lastAgeMs=7218,reset=0} D6{on=1,total=0,delta=0,lastAgeMs=7218,reset=0}
[2026-09-09T08:41:51.681Z][STDOUT] [WaveformDiag][WS] mode=delta clients=2 resync=0 maxBuffered=0 stateAgeMs=5 D1{on=1,ready=1,sync=1,startup=TEST_READY,attempts=1,streak=753,firstAgeMs=63831,readyAgeMs=63582,total=0,delta=0,hist=0,lastAgeMs=7769,reset=0} D2{on=1,ready=1,sync=1,startup=TEST_READY,attempts=1,streak=742,firstAgeMs=63071,readyAgeMs=62831,total=0,delta=0,hist=0,lastAgeMs=7539,reset=0} D3{on=1,ready=1,sync=1,startup=TEST_READY,attempts=1,streak=742,firstAgeMs=63141,readyAgeMs=62850,total=0,delta=0,hist=0,lastAgeMs=7539,reset=0} D4{on=1,ready=1,sync=1,startup=TEST_READY,attempts=1,streak=733,firstAgeMs=62532,readyAgeMs=62261,total=0,delta=0,hist=0,lastAgeMs=7539,reset=0} D5{on=1,ready=1,sync=1,startup=TEST_READY,attempts=1,streak=743,firstAgeMs=63056,readyAgeMs=62845,total=0,delta=0,hist=0,lastAgeMs=7539,reset=0} D6{on=1,ready=1,sync=1,startup=TEST_READY,attempts=1,streak=743,firstAgeMs=63073,readyAgeMs=62844,total=0,delta=0,hist=0,lastAgeMs=7539,reset=0}
[2026-09-09T08:41:52.899Z][STDOUT] [WaveformDiag][WS] mode=delta clients=2 resync=0 maxBuffered=0 stateAgeMs=5 D1{on=1,ready=1,sync=1,startup=TEST_READY,attempts=1,streak=753,firstAgeMs=65049,readyAgeMs=64800,total=0,delta=0,hist=0,lastAgeMs=8987,reset=0} D2{on=1,ready=1,sync=1,startup=TEST_READY,attempts=1,streak=742,firstAgeMs=64289,readyAgeMs=64049,total=0,delta=0,hist=0,lastAgeMs=8757,reset=0} D3{on=1,ready=1,sync=1,startup=TEST_READY,attempts=1,streak=742,firstAgeMs=64359,readyAgeMs=64068,total=0,delta=0,hist=0,lastAgeMs=8757,reset=0} D4{on=1,ready=1,sync=1,startup=TEST_READY,attempts=1,streak=733,firstAgeMs=63750,readyAgeMs=63479,total=0,delta=0,hist=0,lastAgeMs=8757,reset=0} D5{on=1,ready=1,sync=1,startup=TEST_READY,attempts=1,streak=743,firstAgeMs=64274,readyAgeMs=64063,total=0,delta=0,hist=0,lastAgeMs=8757,reset=0} D6{on=1,ready=1,sync=1,startup=TEST_READY,attempts=1,streak=743,firstAgeMs=64291,readyAgeMs=64062,total=0,delta=0,hist=0,lastAgeMs=8757,reset=0}
[2026-09-09T08:41:52.900Z][RENDERER/1] file:///D:/%E4%B8%8A%E4%BD%8D%E6%9C%BA%E7%95%8C%E9%9D%A2%E5%8E%9F%E5%9E%8B%E7%89%88/flame-detector-bench-desktop/dist/assets/index-A9TaTnGI.js:264 [WaveformDiag][UI] kind=delta wireAgeMs=37 payloadAgeMs=37 D1{on=1,total=0,delta=0,lastAgeMs=8665,reset=0} D2{on=1,total=0,delta=0,lastAgeMs=8435,reset=0} D3{on=1,total=0,delta=0,lastAgeMs=8435,reset=0} D4{on=1,total=0,delta=0,lastAgeMs=8435,reset=0} D5{on=1,total=0,delta=0,lastAgeMs=8435,reset=0} D6{on=1,total=0,delta=0,lastAgeMs=8435,reset=0}
[2026-09-09T08:41:53.883Z][RENDERER/1] file:///D:/%E4%B8%8A%E4%BD%8D%E6%9C%BA%E7%95%8C%E9%9D%A2%E5%8E%9F%E5%9E%8B%E7%89%88/flame-detector-bench-desktop/dist/assets/index-A9TaTnGI.js:264 [WaveformDiag][UI] kind=delta wireAgeMs=34 payloadAgeMs=34 D1{on=1,total=0,delta=0,lastAgeMs=9874,reset=0} D2{on=1,total=0,delta=0,lastAgeMs=9644,reset=0} D3{on=1,total=0,delta=0,lastAgeMs=9644,reset=0} D4{on=1,total=0,delta=0,lastAgeMs=9644,reset=0} D5{on=1,total=0,delta=0,lastAgeMs=9644,reset=0} D6{on=1,total=0,delta=0,lastAgeMs=9644,reset=0}
[2026-09-09T08:41:54.080Z][STDOUT] [WaveformDiag][WS] mode=delta clients=2 resync=0 maxBuffered=0 stateAgeMs=5 D1{on=0,ready=0,sync=0,startup=DISCONNECTED,attempts=0,streak=0,firstAgeMs=-1,readyAgeMs=-1,total=0,delta=0,hist=0,lastAgeMs=6,reset=0} D2{on=1,ready=1,sync=1,startup=TEST_READY,attempts=1,streak=742,firstAgeMs=65470,readyAgeMs=65230,total=0,delta=0,hist=0,lastAgeMs=9938,reset=0} D3{on=1,ready=1,sync=1,startup=TEST_READY,attempts=1,streak=742,firstAgeMs=65540,readyAgeMs=65249,total=0,delta=0,hist=0,lastAgeMs=9938,reset=0} D4{on=1,ready=1,sync=1,startup=TEST_READY,attempts=1,streak=733,firstAgeMs=64931,readyAgeMs=64660,total=0,delta=0,hist=0,lastAgeMs=9938,reset=0} D5{on=1,ready=1,sync=1,startup=TEST_READY,attempts=1,streak=743,firstAgeMs=65455,readyAgeMs=65244,total=0,delta=0,hist=0,lastAgeMs=9938,reset=0} D6{on=1,ready=1,sync=1,startup=TEST_READY,attempts=1,streak=743,firstAgeMs=65472,readyAgeMs=65243,total=0,delta=0,hist=0,lastAgeMs=9938,reset=0}
[2026-09-09T08:41:54.081Z][STDOUT] [FlameService] 设备 1 发送波形模式切换请求 (模式 1, 持续重试第 1 次)
[2026-09-09T08:41:54.083Z][STDOUT] [FlameService] 设备 1 波形模式切换已确认，继续等待波形数据
[2026-09-09T08:41:54.084Z][STDOUT] [FlameService] 设备 1 发送模式切换指令已确认
[2026-09-09T08:41:54.345Z][STDOUT] [FlameService] 设备 4 发送波形模式切换请求 (模式 1, 持续重试第 1 次)
[2026-09-09T08:41:54.346Z][STDOUT] [FlameService] 设备 4 波形模式切换已确认，继续等待波形数据
[2026-09-09T08:41:54.354Z][STDOUT] [FlameService] 设备 4 发送模式切换指令已确认
[2026-09-09T08:41:54.360Z][STDOUT] [FlameService] 设备 3 发送波形模式切换请求 (模式 1, 持续重试第 1 次)
[2026-09-09T08:41:54.370Z][STDOUT] [FlameService] 设备 3 波形模式切换已确认，继续等待波形数据
[2026-09-09T08:41:54.371Z][STDOUT] [FlameService] 设备 3 发送模式切换指令已确认
[2026-09-09T08:41:54.377Z][STDOUT] [FlameService] 设备 2 发送波形模式切换请求 (模式 1, 持续重试第 1 次)
[2026-09-09T08:41:54.378Z][STDOUT] [FlameService] 设备 2 波形模式切换已确认，继续等待波形数据
[2026-09-09T08:41:54.379Z][STDOUT] [FlameService] 设备 2 发送模式切换指令已确认
[2026-09-09T08:41:54.385Z][STDOUT] [FlameService] 设备 5 发送波形模式切换请求 (模式 1, 持续重试第 1 次)
[2026-09-09T08:41:54.387Z][STDOUT] [FlameService] 设备 5 波形模式切换已确认，继续等待波形数据
[2026-09-09T08:41:54.388Z][STDOUT] [FlameService] 设备 5 发送模式切换指令已确认
[2026-09-09T08:41:54.394Z][STDOUT] [FlameService] 设备 6 发送波形模式切换请求 (模式 1, 持续重试第 1 次)
[2026-09-09T08:41:54.395Z][STDOUT] [FlameService] 设备 6 波形模式切换已确认，继续等待波形数据
[2026-09-09T08:41:54.396Z][STDOUT] [FlameService] 设备 6 发送模式切换指令已确认
[2026-09-09T08:41:55.103Z][STDOUT] [WaveformDiag][WS] mode=delta clients=2 resync=0 maxBuffered=0 stateAgeMs=5 D1{on=0,ready=0,sync=0,startup=MODE_SWITCH_OK,attempts=1,streak=0,firstAgeMs=-1,readyAgeMs=-1,total=0,delta=0,hist=0,lastAgeMs=1019,reset=0} D2{on=0,ready=0,sync=0,startup=MODE_SWITCH_OK,attempts=1,streak=0,firstAgeMs=-1,readyAgeMs=-1,total=0,delta=0,hist=0,lastAgeMs=724,reset=0} D3{on=0,ready=0,sync=0,startup=MODE_SWITCH_OK,attempts=1,streak=0,firstAgeMs=-1,readyAgeMs=-1,total=0,delta=0,hist=0,lastAgeMs=732,reset=0} D4{on=0,ready=0,sync=0,startup=MODE_SWITCH_OK,attempts=1,streak=0,firstAgeMs=-1,readyAgeMs=-1,total=0,delta=0,hist=0,lastAgeMs=749,reset=0} D5{on=0,ready=0,sync=0,startup=MODE_SWITCH_OK,attempts=1,streak=0,firstAgeMs=-1,readyAgeMs=-1,total=0,delta=0,hist=0,lastAgeMs=715,reset=0} D6{on=0,ready=0,sync=0,startup=MODE_SWITCH_OK,attempts=1,streak=0,firstAgeMs=-1,readyAgeMs=-1,total=0,delta=0,hist=0,lastAgeMs=707,reset=0}
[2026-09-09T08:41:55.106Z][RENDERER/1] file:///D:/%E4%B8%8A%E4%BD%8D%E6%9C%BA%E7%95%8C%E9%9D%A2%E5%8E%9F%E5%9E%8B%E7%89%88/flame-detector-bench-desktop/dist/assets/index-A9TaTnGI.js:264 [WaveformDiag][UI] kind=delta wireAgeMs=252 payloadAgeMs=252 D1{on=0,total=0,delta=0,lastAgeMs=822,reset=0} D2{on=0,total=0,delta=0,lastAgeMs=527,reset=0} D3{on=0,total=0,delta=0,lastAgeMs=535,reset=0} D4{on=0,total=0,delta=0,lastAgeMs=552,reset=0} D5{on=0,total=0,delta=0,lastAgeMs=518,reset=0} D6{on=0,total=0,delta=0,lastAgeMs=510,reset=0}
[2026-09-09T08:41:56.127Z][RENDERER/1] file:///D:/%E4%B8%8A%E4%BD%8D%E6%9C%BA%E7%95%8C%E9%9D%A2%E5%8E%9F%E5%9E%8B%E7%89%88/flame-detector-bench-desktop/dist/assets/index-A9TaTnGI.js:264 [WaveformDiag][UI] kind=delta wireAgeMs=6 payloadAgeMs=6 D1{on=0,total=0,delta=0,lastAgeMs=1834,reset=0} D2{on=0,total=0,delta=0,lastAgeMs=1539,reset=0} D3{on=0,total=0,delta=0,lastAgeMs=1547,reset=0} D4{on=0,total=0,delta=0,lastAgeMs=1564,reset=0} D5{on=0,total=0,delta=0,lastAgeMs=1530,reset=0} D6{on=0,total=0,delta=0,lastAgeMs=1522,reset=0}
[2026-09-09T08:41:56.342Z][STDOUT] [WaveformDiag][WS] mode=delta clients=2 resync=0 maxBuffered=0 stateAgeMs=5 D1{on=0,ready=0,sync=0,startup=MODE_SWITCH_OK,attempts=1,streak=0,firstAgeMs=-1,readyAgeMs=-1,total=0,delta=0,hist=0,lastAgeMs=2258,reset=0} D2{on=0,ready=0,sync=0,startup=MODE_SWITCH_OK,attempts=1,streak=0,firstAgeMs=-1,readyAgeMs=-1,total=0,delta=0,hist=0,lastAgeMs=1963,reset=0} D3{on=0,ready=0,sync=0,startup=MODE_SWITCH_OK,attempts=1,streak=0,firstAgeMs=-1,readyAgeMs=-1,total=0,delta=0,hist=0,lastAgeMs=1971,reset=0} D4{on=0,ready=0,sync=0,startup=MODE_SWITCH_OK,attempts=1,streak=0,firstAgeMs=-1,readyAgeMs=-1,total=0,delta=0,hist=0,lastAgeMs=1988,reset=0} D5{on=0,ready=0,sync=0,startup=MODE_SWITCH_OK,attempts=1,streak=0,firstAgeMs=-1,readyAgeMs=-1,total=0,delta=0,hist=0,lastAgeMs=1954,reset=0} D6{on=0,ready=0,sync=0,startup=MODE_SWITCH_OK,attempts=1,streak=0,firstAgeMs=-1,readyAgeMs=-1,total=0,delta=0,hist=0,lastAgeMs=1946,reset=0}
[2026-09-09T08:41:57.305Z][RENDERER/1] file:///D:/%E4%B8%8A%E4%BD%8D%E6%9C%BA%E7%95%8C%E9%9D%A2%E5%8E%9F%E5%9E%8B%E7%89%88/flame-detector-bench-desktop/dist/assets/index-A9TaTnGI.js:264 [WaveformDiag][UI] kind=delta wireAgeMs=4 payloadAgeMs=4 D1{on=0,total=0,delta=0,lastAgeMs=3022,reset=0} D2{on=0,total=0,delta=0,lastAgeMs=2727,reset=0} D3{on=0,total=0,delta=0,lastAgeMs=2735,reset=0} D4{on=0,total=0,delta=0,lastAgeMs=2752,reset=0} D5{on=0,total=0,delta=0,lastAgeMs=2718,reset=0} D6{on=0,total=0,delta=0,lastAgeMs=2710,reset=0}
[2026-09-09T08:41:57.551Z][STDOUT] [WaveformDiag][WS] mode=delta clients=2 resync=0 maxBuffered=0 stateAgeMs=5 D1{on=0,ready=0,sync=0,startup=MODE_SWITCH_OK,attempts=1,streak=0,firstAgeMs=-1,readyAgeMs=-1,total=0,delta=0,hist=0,lastAgeMs=3467,reset=0} D2{on=0,ready=0,sync=0,startup=MODE_SWITCH_OK,attempts=1,streak=0,firstAgeMs=-1,readyAgeMs=-1,total=0,delta=0,hist=0,lastAgeMs=3172,reset=0} D3{on=0,ready=0,sync=0,startup=MODE_SWITCH_OK,attempts=1,streak=0,firstAgeMs=-1,readyAgeMs=-1,total=0,delta=0,hist=0,lastAgeMs=3180,reset=0} D4{on=0,ready=0,sync=0,startup=MODE_SWITCH_OK,attempts=1,streak=0,firstAgeMs=-1,readyAgeMs=-1,total=0,delta=0,hist=0,lastAgeMs=3197,reset=0} D5{on=0,ready=0,sync=0,startup=MODE_SWITCH_OK,attempts=1,streak=0,firstAgeMs=-1,readyAgeMs=-1,total=0,delta=0,hist=0,lastAgeMs=3163,reset=0} D6{on=0,ready=0,sync=0,startup=MODE_SWITCH_OK,attempts=1,streak=0,firstAgeMs=-1,readyAgeMs=-1,total=0,delta=0,hist=0,lastAgeMs=3155,reset=0}
[2026-09-09T08:41:58.560Z][STDOUT] [WaveformDiag][WS] mode=delta clients=2 resync=0 maxBuffered=0 stateAgeMs=5 D1{on=0,ready=0,sync=0,startup=MODE_SWITCH_OK,attempts=1,streak=0,firstAgeMs=-1,readyAgeMs=-1,total=0,delta=0,hist=0,lastAgeMs=4476,reset=0} D2{on=0,ready=0,sync=0,startup=MODE_SWITCH_OK,attempts=1,streak=0,firstAgeMs=-1,readyAgeMs=-1,total=0,delta=0,hist=0,lastAgeMs=4181,reset=0} D3{on=0,ready=0,sync=0,startup=MODE_SWITCH_OK,attempts=1,streak=0,firstAgeMs=-1,readyAgeMs=-1,total=0,delta=0,hist=0,lastAgeMs=4189,reset=0} D4{on=0,ready=0,sync=0,startup=MODE_SWITCH_OK,attempts=1,streak=0,firstAgeMs=-1,readyAgeMs=-1,total=0,delta=0,hist=0,lastAgeMs=4206,reset=0} D5{on=0,ready=0,sync=0,startup=MODE_SWITCH_OK,attempts=1,streak=0,firstAgeMs=-1,readyAgeMs=-1,total=0,delta=0,hist=0,lastAgeMs=4172,reset=0} D6{on=0,ready=0,sync=0,startup=MODE_SWITCH_OK,attempts=1,streak=0,firstAgeMs=-1,readyAgeMs=-1,total=0,delta=0,hist=0,lastAgeMs=4164,reset=0}
[2026-09-09T08:41:58.571Z][RENDERER/1] file:///D:/%E4%B8%8A%E4%BD%8D%E6%9C%BA%E7%95%8C%E9%9D%A2%E5%8E%9F%E5%9E%8B%E7%89%88/flame-detector-bench-desktop/dist/assets/index-A9TaTnGI.js:264 [WaveformDiag][UI] kind=delta wireAgeMs=15 payloadAgeMs=15 D1{on=0,total=0,delta=0,lastAgeMs=4486,reset=0} D2{on=0,total=0,delta=0,lastAgeMs=4191,reset=0} D3{on=0,total=0,delta=0,lastAgeMs=4199,reset=0} D4{on=0,total=0,delta=0,lastAgeMs=4216,reset=0} D5{on=0,total=0,delta=0,lastAgeMs=4182,reset=0} D6{on=0,total=0,delta=0,lastAgeMs=4174,reset=0}
[2026-09-09T08:41:59.565Z][STDOUT] [WaveformDiag][WS] mode=delta clients=2 resync=0 maxBuffered=0 stateAgeMs=7 D1{on=0,ready=0,sync=0,startup=MODE_SWITCH_OK,attempts=1,streak=0,firstAgeMs=-1,readyAgeMs=-1,total=0,delta=0,hist=0,lastAgeMs=5481,reset=0} D2{on=0,ready=0,sync=0,startup=MODE_SWITCH_OK,attempts=1,streak=0,firstAgeMs=-1,readyAgeMs=-1,total=0,delta=0,hist=0,lastAgeMs=5186,reset=0} D3{on=0,ready=0,sync=0,startup=MODE_SWITCH_OK,attempts=1,streak=0,firstAgeMs=-1,readyAgeMs=-1,total=0,delta=0,hist=0,lastAgeMs=5194,reset=0} D4{on=0,ready=0,sync=0,startup=MODE_SWITCH_OK,attempts=1,streak=0,firstAgeMs=-1,readyAgeMs=-1,total=0,delta=0,hist=0,lastAgeMs=5211,reset=0} D5{on=0,ready=0,sync=0,startup=MODE_SWITCH_OK,attempts=1,streak=0,firstAgeMs=-1,readyAgeMs=-1,total=0,delta=0,hist=0,lastAgeMs=5177,reset=0} D6{on=0,ready=0,sync=0,startup=MODE_SWITCH_OK,attempts=1,streak=0,firstAgeMs=-1,readyAgeMs=-1,total=0,delta=0,hist=0,lastAgeMs=5169,reset=0}
[2026-09-09T08:41:59.571Z][RENDERER/1] file:///D:/%E4%B8%8A%E4%BD%8D%E6%9C%BA%E7%95%8C%E9%9D%A2%E5%8E%9F%E5%9E%8B%E7%89%88/flame-detector-bench-desktop/dist/assets/index-A9TaTnGI.js:264 [WaveformDiag][UI] kind=delta wireAgeMs=13 payloadAgeMs=13 D1{on=0,total=0,delta=0,lastAgeMs=5487,reset=0} D2{on=0,total=0,delta=0,lastAgeMs=5192,reset=0} D3{on=0,total=0,delta=0,lastAgeMs=5200,reset=0} D4{on=0,total=0,delta=0,lastAgeMs=5217,reset=0} D5{on=0,total=0,delta=0,lastAgeMs=5183,reset=0} D6{on=0,total=0,delta=0,lastAgeMs=5175,reset=0}
[2026-09-09T08:42:00.807Z][STDOUT] [WaveformDiag][WS] mode=delta clients=2 resync=0 maxBuffered=0 stateAgeMs=4 D1{on=0,ready=0,sync=0,startup=MODE_SWITCH_OK,attempts=1,streak=0,firstAgeMs=-1,readyAgeMs=-1,total=0,delta=0,hist=0,lastAgeMs=6723,reset=0} D2{on=0,ready=0,sync=0,startup=MODE_SWITCH_OK,attempts=1,streak=0,firstAgeMs=-1,readyAgeMs=-1,total=0,delta=0,hist=0,lastAgeMs=6428,reset=0} D3{on=0,ready=0,sync=0,startup=MODE_SWITCH_OK,attempts=1,streak=0,firstAgeMs=-1,readyAgeMs=-1,total=0,delta=0,hist=0,lastAgeMs=6436,reset=0} D4{on=0,ready=0,sync=0,startup=MODE_SWITCH_OK,attempts=1,streak=0,firstAgeMs=-1,readyAgeMs=-1,total=0,delta=0,hist=0,lastAgeMs=6453,reset=0} D5{on=0,ready=0,sync=0,startup=MODE_SWITCH_OK,attempts=1,streak=0,firstAgeMs=-1,readyAgeMs=-1,total=0,delta=0,hist=0,lastAgeMs=6419,reset=0} D6{on=0,ready=0,sync=0,startup=MODE_SWITCH_OK,attempts=1,streak=0,firstAgeMs=-1,readyAgeMs=-1,total=0,delta=0,hist=0,lastAgeMs=6411,reset=0}
[2026-09-09T08:42:01.009Z][RENDERER/1] file:///D:/%E4%B8%8A%E4%BD%8D%E6%9C%BA%E7%95%8C%E9%9D%A2%E5%8E%9F%E5%9E%8B%E7%89%88/flame-detector-bench-desktop/dist/assets/index-A9TaTnGI.js:264 [WaveformDiag][UI] kind=delta wireAgeMs=27 payloadAgeMs=27 D1{on=0,total=0,delta=0,lastAgeMs=6746,reset=0} D2{on=0,total=0,delta=0,lastAgeMs=6451,reset=0} D3{on=0,total=0,delta=0,lastAgeMs=6459,reset=0} D4{on=0,total=0,delta=0,lastAgeMs=6476,reset=0} D5{on=0,total=0,delta=0,lastAgeMs=6442,reset=0} D6{on=0,total=0,delta=0,lastAgeMs=6434,reset=0}
[2026-09-09T08:42:02.260Z][STDOUT] [WaveformDiag][WS] mode=delta clients=2 resync=0 maxBuffered=0 stateAgeMs=5 D1{on=0,ready=0,sync=0,startup=MODE_SWITCH_OK,attempts=1,streak=0,firstAgeMs=-1,readyAgeMs=-1,total=0,delta=0,hist=0,lastAgeMs=8176,reset=0} D2{on=0,ready=0,sync=0,startup=MODE_SWITCH_OK,attempts=1,streak=0,firstAgeMs=-1,readyAgeMs=-1,total=0,delta=0,hist=0,lastAgeMs=7881,reset=0} D3{on=0,ready=0,sync=0,startup=MODE_SWITCH_OK,attempts=1,streak=0,firstAgeMs=-1,readyAgeMs=-1,total=0,delta=0,hist=0,lastAgeMs=7889,reset=0} D4{on=0,ready=0,sync=0,startup=MODE_SWITCH_OK,attempts=1,streak=0,firstAgeMs=-1,readyAgeMs=-1,total=0,delta=0,hist=0,lastAgeMs=7906,reset=0} D5{on=0,ready=0,sync=0,startup=MODE_SWITCH_OK,attempts=1,streak=0,firstAgeMs=-1,readyAgeMs=-1,total=0,delta=0,hist=0,lastAgeMs=7872,reset=0} D6{on=0,ready=0,sync=0,startup=MODE_SWITCH_OK,attempts=1,streak=0,firstAgeMs=-1,readyAgeMs=-1,total=0,delta=0,hist=0,lastAgeMs=7864,reset=0}
[2026-09-09T08:42:02.477Z][RENDERER/1] file:///D:/%E4%B8%8A%E4%BD%8D%E6%9C%BA%E7%95%8C%E9%9D%A2%E5%8E%9F%E5%9E%8B%E7%89%88/flame-detector-bench-desktop/dist/assets/index-A9TaTnGI.js:264 [WaveformDiag][UI] kind=delta wireAgeMs=21 payloadAgeMs=21 D1{on=0,total=0,delta=0,lastAgeMs=8192,reset=0} D2{on=0,total=0,delta=0,lastAgeMs=7897,reset=0} D3{on=0,total=0,delta=0,lastAgeMs=7905,reset=0} D4{on=0,total=0,delta=0,lastAgeMs=7922,reset=0} D5{on=0,total=0,delta=0,lastAgeMs=7888,reset=0} D6{on=0,total=0,delta=0,lastAgeMs=7880,reset=0}
[2026-09-09T08:42:03.484Z][STDOUT] [WaveformDiag][WS] mode=delta clients=2 resync=0 maxBuffered=0 stateAgeMs=6 D1{on=0,ready=0,sync=0,startup=MODE_SWITCH_OK,attempts=1,streak=0,firstAgeMs=-1,readyAgeMs=-1,total=0,delta=0,hist=0,lastAgeMs=9400,reset=0} D2{on=0,ready=0,sync=0,startup=MODE_SWITCH_OK,attempts=1,streak=0,firstAgeMs=-1,readyAgeMs=-1,total=0,delta=0,hist=0,lastAgeMs=9105,reset=0} D3{on=0,ready=0,sync=0,startup=MODE_SWITCH_OK,attempts=1,streak=0,firstAgeMs=-1,readyAgeMs=-1,total=0,delta=0,hist=0,lastAgeMs=9113,reset=0} D4{on=0,ready=0,sync=0,startup=MODE_SWITCH_OK,attempts=1,streak=0,firstAgeMs=-1,readyAgeMs=-1,total=0,delta=0,hist=0,lastAgeMs=9130,reset=0} D5{on=0,ready=0,sync=0,startup=MODE_SWITCH_OK,attempts=1,streak=0,firstAgeMs=-1,readyAgeMs=-1,total=0,delta=0,hist=0,lastAgeMs=9096,reset=0} D6{on=0,ready=0,sync=0,startup=MODE_SWITCH_OK,attempts=1,streak=0,firstAgeMs=-1,readyAgeMs=-1,total=0,delta=0,hist=0,lastAgeMs=9088,reset=0}
[2026-09-09T08:42:03.690Z][RENDERER/1] file:///D:/%E4%B8%8A%E4%BD%8D%E6%9C%BA%E7%95%8C%E9%9D%A2%E5%8E%9F%E5%9E%8B%E7%89%88/flame-detector-bench-desktop/dist/assets/index-A9TaTnGI.js:264 [WaveformDiag][UI] kind=delta wireAgeMs=24 payloadAgeMs=24 D1{on=0,total=0,delta=0,lastAgeMs=9418,reset=0} D2{on=0,total=0,delta=0,lastAgeMs=9123,reset=0} D3{on=0,total=0,delta=0,lastAgeMs=9131,reset=0} D4{on=0,total=0,delta=0,lastAgeMs=9148,reset=0} D5{on=0,total=0,delta=0,lastAgeMs=9114,reset=0} D6{on=0,total=0,delta=0,lastAgeMs=9106,reset=0}
[2026-09-09T08:42:04.253Z][STDOUT] [FlameService] 设备 1 发送波形模式切换请求 (模式 1, 持续重试第 1 次)
[2026-09-09T08:42:04.263Z][STDOUT] [FlameService] 设备 1 波形模式切换已确认，继续等待波形数据
[2026-09-09T08:42:04.265Z][STDOUT] [FlameService] 设备 1 发送模式切换指令已确认
[2026-09-09T08:42:04.400Z][STDOUT] [FlameService] 设备 4 发送波形模式切换请求 (模式 1, 持续重试第 1 次)
[2026-09-09T08:42:04.406Z][STDOUT] [FlameService] 设备 4 波形模式切换已确认，继续等待波形数据
[2026-09-09T08:42:04.407Z][STDOUT] [FlameService] 设备 4 发送模式切换指令已确认
[2026-09-09T08:42:04.413Z][STDOUT] [FlameService] 设备 3 发送波形模式切换请求 (模式 1, 持续重试第 1 次)
[2026-09-09T08:42:04.415Z][STDOUT] [FlameService] 设备 3 波形模式切换已确认，继续等待波形数据
[2026-09-09T08:42:04.420Z][STDOUT] [FlameService] 设备 3 发送模式切换指令已确认
[2026-09-09T08:42:04.434Z][STDOUT] [FlameService] 设备 2 发送波形模式切换请求 (模式 1, 持续重试第 1 次)
[2026-09-09T08:42:04.436Z][STDOUT] [FlameService] 设备 2 波形模式切换已确认，继续等待波形数据
[2026-09-09T08:42:04.437Z][STDOUT] [FlameService] 设备 2 发送模式切换指令已确认
[2026-09-09T08:42:04.443Z][STDOUT] [FlameService] 设备 5 发送波形模式切换请求 (模式 1, 持续重试第 1 次)
[2026-09-09T08:42:04.444Z][STDOUT] [FlameService] 设备 5 波形模式切换已确认，继续等待波形数据
[2026-09-09T08:42:04.445Z][STDOUT] [FlameService] 设备 5 发送模式切换指令已确认
[2026-09-09T08:42:04.452Z][STDOUT] [FlameService] 设备 6 发送波形模式切换请求 (模式 1, 持续重试第 1 次)
[2026-09-09T08:42:04.455Z][STDOUT] [FlameService] 设备 6 波形模式切换已确认，继续等待波形数据
[2026-09-09T08:42:04.456Z][STDOUT] [FlameService] 设备 6 发送模式切换指令已确认
[2026-09-09T08:42:04.807Z][STDOUT] [WaveformDiag][WS] mode=delta clients=2 resync=0 maxBuffered=0 stateAgeMs=228 D1{on=0,ready=0,sync=0,startup=MODE_SWITCH_OK,attempts=1,streak=0,firstAgeMs=-1,readyAgeMs=-1,total=0,delta=0,hist=0,lastAgeMs=542,reset=0} D2{on=0,ready=0,sync=0,startup=MODE_SWITCH_OK,attempts=1,streak=0,firstAgeMs=-1,readyAgeMs=-1,total=0,delta=0,hist=0,lastAgeMs=371,reset=0} D3{on=0,ready=0,sync=0,startup=MODE_SWITCH_OK,attempts=1,streak=0,firstAgeMs=-1,readyAgeMs=-1,total=0,delta=0,hist=0,lastAgeMs=387,reset=0} D4{on=0,ready=0,sync=0,startup=MODE_SWITCH_OK,attempts=1,streak=0,firstAgeMs=-1,readyAgeMs=-1,total=0,delta=0,hist=0,lastAgeMs=400,reset=0} D5{on=0,ready=0,sync=0,startup=MODE_SWITCH_OK,attempts=1,streak=0,firstAgeMs=-1,readyAgeMs=-1,total=0,delta=0,hist=0,lastAgeMs=362,reset=0} D6{on=0,ready=0,sync=0,startup=MODE_SWITCH_OK,attempts=1,streak=0,firstAgeMs=-1,readyAgeMs=-1,total=0,delta=0,hist=0,lastAgeMs=351,reset=0}
[2026-09-09T08:42:05.152Z][RENDERER/1] file:///D:/%E4%B8%8A%E4%BD%8D%E6%9C%BA%E7%95%8C%E9%9D%A2%E5%8E%9F%E5%9E%8B%E7%89%88/flame-detector-bench-desktop/dist/assets/index-A9TaTnGI.js:264 [WaveformDiag][UI] kind=delta wireAgeMs=250 payloadAgeMs=250 D1{on=0,total=0,delta=0,lastAgeMs=564,reset=0} D2{on=0,total=0,delta=0,lastAgeMs=393,reset=0} D3{on=0,total=0,delta=0,lastAgeMs=409,reset=0} D4{on=0,total=0,delta=0,lastAgeMs=422,reset=0} D5{on=0,total=0,delta=0,lastAgeMs=384,reset=0} D6{on=0,total=0,delta=0,lastAgeMs=373,reset=0}
[2026-09-09T08:42:06.171Z][STDOUT] [WaveformDiag][WS] mode=delta clients=2 resync=0 maxBuffered=0 stateAgeMs=6 D1{on=0,ready=0,sync=0,startup=MODE_SWITCH_OK,attempts=1,streak=0,firstAgeMs=-1,readyAgeMs=-1,total=0,delta=0,hist=0,lastAgeMs=1906,reset=0} D2{on=0,ready=0,sync=0,startup=MODE_SWITCH_OK,attempts=1,streak=0,firstAgeMs=-1,readyAgeMs=-1,total=0,delta=0,hist=0,lastAgeMs=1735,reset=0} D3{on=0,ready=0,sync=0,startup=MODE_SWITCH_OK,attempts=1,streak=0,firstAgeMs=-1,readyAgeMs=-1,total=0,delta=0,hist=0,lastAgeMs=1751,reset=0} D4{on=0,ready=0,sync=0,startup=MODE_SWITCH_OK,attempts=1,streak=0,firstAgeMs=-1,readyAgeMs=-1,total=0,delta=0,hist=0,lastAgeMs=1764,reset=0} D5{on=0,ready=0,sync=0,startup=MODE_SWITCH_OK,attempts=1,streak=0,firstAgeMs=-1,readyAgeMs=-1,total=0,delta=0,hist=0,lastAgeMs=1726,reset=0} D6{on=0,ready=0,sync=0,startup=MODE_SWITCH_OK,attempts=1,streak=0,firstAgeMs=-1,readyAgeMs=-1,total=0,delta=0,hist=0,lastAgeMs=1715,reset=0}
[2026-09-09T08:42:06.384Z][RENDERER/1] file:///D:/%E4%B8%8A%E4%BD%8D%E6%9C%BA%E7%95%8C%E9%9D%A2%E5%8E%9F%E5%9E%8B%E7%89%88/flame-detector-bench-desktop/dist/assets/index-A9TaTnGI.js:264 [WaveformDiag][UI] kind=delta wireAgeMs=10 payloadAgeMs=10 D1{on=0,total=0,delta=0,lastAgeMs=1910,reset=0} D2{on=0,total=0,delta=0,lastAgeMs=1739,reset=0} D3{on=0,total=0,delta=0,lastAgeMs=1755,reset=0} D4{on=0,total=0,delta=0,lastAgeMs=1768,reset=0} D5{on=0,total=0,delta=0,lastAgeMs=1730,reset=0} D6{on=0,total=0,delta=0,lastAgeMs=1719,reset=0}
[2026-09-09T08:42:07.282Z][STDOUT] [WaveformDiag][WS] mode=delta clients=2 resync=0 maxBuffered=0 stateAgeMs=4 D1{on=0,ready=0,sync=0,startup=MODE_SWITCH_OK,attempts=1,streak=0,firstAgeMs=-1,readyAgeMs=-1,total=0,delta=0,hist=0,lastAgeMs=3017,reset=0} D2{on=0,ready=0,sync=0,startup=MODE_SWITCH_OK,attempts=1,streak=0,firstAgeMs=-1,readyAgeMs=-1,total=0,delta=0,hist=0,lastAgeMs=2846,reset=0} D3{on=0,ready=0,sync=0,startup=MODE_SWITCH_OK,attempts=1,streak=0,firstAgeMs=-1,readyAgeMs=-1,total=0,delta=0,hist=0,lastAgeMs=2862,reset=0} D4{on=0,ready=0,sync=0,startup=MODE_SWITCH_OK,attempts=1,streak=0,firstAgeMs=-1,readyAgeMs=-1,total=0,delta=0,hist=0,lastAgeMs=2875,reset=0} D5{on=0,ready=0,sync=0,startup=MODE_SWITCH_OK,attempts=1,streak=0,firstAgeMs=-1,readyAgeMs=-1,total=0,delta=0,hist=0,lastAgeMs=2837,reset=0} D6{on=0,ready=0,sync=0,startup=MODE_SWITCH_OK,attempts=1,streak=0,firstAgeMs=-1,readyAgeMs=-1,total=0,delta=0,hist=0,lastAgeMs=2826,reset=0}
[2026-09-09T08:42:07.378Z][RENDERER/1] file:///D:/%E4%B8%8A%E4%BD%8D%E6%9C%BA%E7%95%8C%E9%9D%A2%E5%8E%9F%E5%9E%8B%E7%89%88/flame-detector-bench-desktop/dist/assets/index-A9TaTnGI.js:264 [WaveformDiag][UI] kind=delta wireAgeMs=5 payloadAgeMs=5 D1{on=0,total=0,delta=0,lastAgeMs=3018,reset=0} D2{on=0,total=0,delta=0,lastAgeMs=2847,reset=0} D3{on=0,total=0,delta=0,lastAgeMs=2863,reset=0} D4{on=0,total=0,delta=0,lastAgeMs=2876,reset=0} D5{on=0,total=0,delta=0,lastAgeMs=2838,reset=0} D6{on=0,total=0,delta=0,lastAgeMs=2827,reset=0}
[2026-09-09T08:42:08.450Z][STDOUT] [WaveformDiag][WS] mode=delta clients=2 resync=0 maxBuffered=0 stateAgeMs=9 D1{on=0,ready=0,sync=0,startup=MODE_SWITCH_OK,attempts=1,streak=0,firstAgeMs=-1,readyAgeMs=-1,total=0,delta=0,hist=0,lastAgeMs=4185,reset=0} D2{on=0,ready=0,sync=0,startup=MODE_SWITCH_OK,attempts=1,streak=0,firstAgeMs=-1,readyAgeMs=-1,total=0,delta=0,hist=0,lastAgeMs=4014,reset=0} D3{on=0,ready=0,sync=0,startup=MODE_SWITCH_OK,attempts=1,streak=0,firstAgeMs=-1,readyAgeMs=-1,total=0,delta=0,hist=0,lastAgeMs=4030,reset=0} D4{on=0,ready=0,sync=0,startup=MODE_SWITCH_OK,attempts=1,streak=0,firstAgeMs=-1,readyAgeMs=-1,total=0,delta=0,hist=0,lastAgeMs=4043,reset=0} D5{on=0,ready=0,sync=0,startup=MODE_SWITCH_OK,attempts=1,streak=0,firstAgeMs=-1,readyAgeMs=-1,total=0,delta=0,hist=0,lastAgeMs=4005,reset=0} D6{on=0,ready=0,sync=0,startup=MODE_SWITCH_OK,attempts=1,streak=0,firstAgeMs=-1,readyAgeMs=-1,total=0,delta=0,hist=0,lastAgeMs=3994,reset=0}
[2026-09-09T08:42:08.577Z][RENDERER/1] file:///D:/%E4%B8%8A%E4%BD%8D%E6%9C%BA%E7%95%8C%E9%9D%A2%E5%8E%9F%E5%9E%8B%E7%89%88/flame-detector-bench-desktop/dist/assets/index-A9TaTnGI.js:264 [WaveformDiag][UI] kind=delta wireAgeMs=31 payloadAgeMs=31 D1{on=0,total=0,delta=0,lastAgeMs=4207,reset=0} D2{on=0,total=0,delta=0,lastAgeMs=4036,reset=0} D3{on=0,total=0,delta=0,lastAgeMs=4052,reset=0} D4{on=0,total=0,delta=0,lastAgeMs=4065,reset=0} D5{on=0,total=0,delta=0,lastAgeMs=4027,reset=0} D6{on=0,total=0,delta=0,lastAgeMs=4016,reset=0}
[2026-09-09T08:42:09.576Z][STDOUT] [WaveformDiag][WS] mode=delta clients=2 resync=0 maxBuffered=0 stateAgeMs=6 D1{on=0,ready=0,sync=0,startup=MODE_SWITCH_OK,attempts=1,streak=0,firstAgeMs=-1,readyAgeMs=-1,total=0,delta=0,hist=0,lastAgeMs=5311,reset=0} D2{on=0,ready=0,sync=0,startup=MODE_SWITCH_OK,attempts=1,streak=0,firstAgeMs=-1,readyAgeMs=-1,total=0,delta=0,hist=0,lastAgeMs=5140,reset=0} D3{on=0,ready=0,sync=0,startup=MODE_SWITCH_OK,attempts=1,streak=0,firstAgeMs=-1,readyAgeMs=-1,total=0,delta=0,hist=0,lastAgeMs=5156,reset=0} D4{on=0,ready=0,sync=0,startup=MODE_SWITCH_OK,attempts=1,streak=0,firstAgeMs=-1,readyAgeMs=-1,total=0,delta=0,hist=0,lastAgeMs=5169,reset=0} D5{on=0,ready=0,sync=0,startup=MODE_SWITCH_OK,attempts=1,streak=0,firstAgeMs=-1,readyAgeMs=-1,total=0,delta=0,hist=0,lastAgeMs=5131,reset=0} D6{on=0,ready=0,sync=0,startup=MODE_SWITCH_OK,attempts=1,streak=0,firstAgeMs=-1,readyAgeMs=-1,total=0,delta=0,hist=0,lastAgeMs=5120,reset=0}
[2026-09-09T08:42:09.579Z][STDOUT] [DetectorDiag] D1 RX FRAME mode=custom hex=5AA50180417C017C0180417C017C0180417C017C0180317C117CEB
[2026-09-09T08:42:09.580Z][STDOUT] [DetectorDiag] D1 PARSE P1=-32767 P2=31793 P3=31761 P4=-
[2026-09-09T08:42:09.581Z][STDOUT] [DetectorDiag] D1 RX FRAME mode=custom hex=5AA50180417C017C0180217C017C0180317C117C0180417C117CDB
[2026-09-09T08:42:09.581Z][STDOUT] [DetectorDiag] D1 PARSE P1=-32767 P2=31809 P3=31761 P4=-
[2026-09-09T08:42:09.582Z][STDOUT] [DetectorDiag] D1 RX FRAME mode=custom hex=5AA50180317C017C0180317C017C0180417C017C0180417C017CCB
[2026-09-09T08:42:09.582Z][STDOUT] [DetectorDiag] D1 PARSE P1=-32767 P2=31809 P3=31745 P4=-
[2026-09-09T08:42:09.582Z][STDOUT] [DetectorDiag] D1 RX FRAME mode=custom hex=5AA50180317C117C0180317C017C0180317C117C0180417C017CDB
[2026-09-09T08:42:09.583Z][STDOUT] [DetectorDiag] D1 PARSE P1=-32767 P2=31809 P3=31745 P4=-
[2026-09-09T08:42:09.583Z][STDOUT] [DetectorDiag] D4 RX FRAME mode=custom hex=5AA50180A17A017C0180A17AF17B0180917AD17B0180B17AF17B10
[2026-09-09T08:42:09.584Z][STDOUT] [DetectorDiag] D4 PARSE P1=-32767 P2=31409 P3=31729 P4=-
[2026-09-09T08:42:09.585Z][STDOUT] [DetectorDiag] D4 RX FRAME mode=custom hex=5AA50180A17AE17B0180B17AE17B0180A17AE17B0180B17AF17B0F
[2026-09-09T08:42:09.585Z][STDOUT] [DetectorDiag] D4 PARSE P1=-32767 P2=31409 P3=31729 P4=-
[2026-09-09T08:42:09.585Z][STDOUT] [DetectorDiag] D4 RX FRAME mode=custom hex=5AA50180B17AF17B1180A17AF17B0180B17AE17B0180B17AF17B4F
[2026-09-09T08:42:09.587Z][STDOUT] [DetectorDiag] D4 PARSE P1=-32767 P2=31409 P3=31729 P4=-
[2026-09-09T08:42:09.588Z][STDOUT] [DetectorDiag] D5 RX FRAME mode=custom hex=5AA50180317C017C0180317CF17B0180417CF17B0180317C017C99
[2026-09-09T08:42:09.589Z][STDOUT] [DetectorDiag] D5 PARSE P1=-32767 P2=31793 P3=31745 P4=-
[2026-09-09T08:42:09.590Z][STDOUT] [DetectorDiag] D5 RX FRAME mode=custom hex=5AA50180417C017C0180417CF17B0180317CF17B0180317CF17B98
[2026-09-09T08:42:09.590Z][STDOUT] [DetectorDiag] D5 PARSE P1=-32767 P2=31793 P3=31729 P4=-
[2026-09-09T08:42:09.591Z][STDOUT] [DetectorDiag] D3 RX FRAME mode=custom hex=5AA50180517BF17A0180417BF17A0180317BE17A0180317BF17A7F
[2026-09-09T08:42:09.591Z][STDOUT] [DetectorDiag] D3 PARSE P1=-32767 P2=31537 P3=31473 P4=-
[2026-09-09T08:42:09.592Z][STDOUT] [DetectorDiag] D3 RX FRAME mode=custom hex=5AA50180417BF17A0180217BF17A0180417BF17A0180617BF17A9F
[2026-09-09T08:42:09.592Z][STDOUT] [DetectorDiag] D3 PARSE P1=-32767 P2=31585 P3=31473 P4=-
[2026-09-09T08:42:09.593Z][STDOUT] [DetectorDiag] D2 RX FRAME mode=custom hex=5AA50180317D517C0180117D517C0180217D617C1180117D517CBF
[2026-09-09T08:42:09.593Z][STDOUT] [DetectorDiag] D2 PARSE P1=-32751 P2=32017 P3=31825 P4=-
[2026-09-09T08:42:09.594Z][STDOUT] [DetectorDiag] D2 RX FRAME mode=custom hex=5AA51180317D517C0180317D517C0180117D517C0180317D517CDF
[2026-09-09T08:42:09.594Z][STDOUT] [DetectorDiag] D2 PARSE P1=-32767 P2=32049 P3=31825 P4=-
[2026-09-09T08:42:09.594Z][STDOUT] [DetectorDiag] D6 RX FRAME mode=custom hex=5AA51180117E217E1180117E117E0180117E217E0180117E117EBB
[2026-09-09T08:42:09.595Z][STDOUT] [DetectorDiag] D6 PARSE P1=-32767 P2=32273 P3=32273 P4=-
[2026-09-09T08:42:09.823Z][RENDERER/1] file:///D:/%E4%B8%8A%E4%BD%8D%E6%9C%BA%E7%95%8C%E9%9D%A2%E5%8E%9F%E5%9E%8B%E7%89%88/flame-detector-bench-desktop/dist/assets/index-A9TaTnGI.js:264 [WaveformDiag][UI] kind=delta wireAgeMs=8 payloadAgeMs=8 D1{on=0,total=0,delta=0,lastAgeMs=5313,reset=0} D2{on=0,total=0,delta=0,lastAgeMs=5142,reset=0} D3{on=0,total=0,delta=0,lastAgeMs=5158,reset=0} D4{on=0,total=0,delta=0,lastAgeMs=5171,reset=0} D5{on=0,total=0,delta=0,lastAgeMs=5133,reset=0} D6{on=0,total=0,delta=0,lastAgeMs=5122,reset=0}
[2026-09-09T08:42:09.825Z][STDOUT] [DetectorDiag] D1 RX FRAME mode=custom hex=5AA50180517C217C0180417C017C0180417C117C0180317C217C3B
[2026-09-09T08:42:09.827Z][STDOUT] [DetectorDiag] D1 PARSE P1=-32767 P2=31793 P3=31777 P4=-
[2026-09-09T08:42:09.829Z][STDOUT] [DetectorDiag] D6 RX FRAME mode=custom hex=5AA51180017E117E0180117E217E1180117E217E1180117E217ECB
[2026-09-09T08:42:09.829Z][STDOUT] [DetectorDiag] D6 PARSE P1=-32751 P2=32273 P3=32289 P4=-
[2026-09-09T08:42:09.830Z][STDOUT] [DetectorDiag] D6 RX FRAME mode=custom hex=5AA51180017E317E1180F17D217E0180117E317E0180117E217ECA
[2026-09-09T08:42:09.830Z][STDOUT] [DetectorDiag] D6 PARSE P1=-32767 P2=32273 P3=32289 P4=-
[2026-09-09T08:42:09.830Z][STDOUT] [DetectorDiag] D6 RX FRAME mode=custom hex=5AA50180117E217E0180117E117E0180217E117E1180117E217EBB
[2026-09-09T08:42:09.831Z][STDOUT] [DetectorDiag] D6 PARSE P1=-32751 P2=32273 P3=32289 P4=-
[2026-09-09T08:42:09.831Z][STDOUT] [DetectorDiag] D6 RX FRAME mode=custom hex=5AA50180217E117E0180117E217E0180217E217E1180017E117EBB
[2026-09-09T08:42:09.831Z][STDOUT] [DetectorDiag] D6 PARSE P1=-32751 P2=32257 P3=32273 P4=-
[2026-09-09T08:42:09.832Z][STDOUT] [DetectorDiag] D5 RX FRAME mode=custom hex=5AA50180317CF17B0180417CF17B0180317CE17B0180217CF17B57
[2026-09-09T08:42:09.833Z][STDOUT] [DetectorDiag] D5 PARSE P1=-32767 P2=31777 P3=31729 P4=-
[2026-09-09T08:42:09.833Z][STDOUT] [DetectorDiag] D5 RX FRAME mode=custom hex=5AA50180217C017C0180317CF17B0180417C017C1180317CF17B99
[2026-09-09T08:42:09.833Z][STDOUT] [DetectorDiag] D5 PARSE P1=-32751 P2=31793 P3=31729 P4=-
[2026-09-09T08:42:09.834Z][STDOUT] [DetectorDiag] D5 RX FRAME mode=custom hex=5AA50180317CD17B0180217CF17B0180417C117C0180317CF17B68
[2026-09-09T08:42:09.834Z][STDOUT] [DetectorDiag] D5 PARSE P1=-32767 P2=31793 P3=31729 P4=-
[2026-09-09T08:42:09.836Z][STDOUT] [DetectorDiag] D3 RX FRAME mode=custom hex=5AA50180417BF17A0180317BD17A0180417BE17A0180317BF17A4F
[2026-09-09T08:42:09.840Z][STDOUT] [DetectorDiag] D3 PARSE P1=-32767 P2=31537 P3=31473 P4=-
[2026-09-09T08:42:09.841Z][STDOUT] [DetectorDiag] D3 RX FRAME mode=custom hex=5AA50180317BE17A0180417BD17A0180317BE17A0180317BF17A2F
[2026-09-09T08:42:09.841Z][STDOUT] [DetectorDiag] D3 PARSE P1=-32767 P2=31537 P3=31473 P4=-
[2026-09-09T08:42:09.842Z][STDOUT] [DetectorDiag] D3 RX FRAME mode=custom hex=5AA50180417BF17A0180317BF17A1180217BD17A0180417BE17A4F
[2026-09-09T08:42:09.842Z][STDOUT] [DetectorDiag] D3 PARSE P1=-32767 P2=31553 P3=31457 P4=-
[2026-09-09T08:42:09.843Z][STDOUT] [DetectorDiag] D2 RX FRAME mode=custom hex=5AA51180217D517C1180317D417C0180117D517C0180117D617CBF
[2026-09-09T08:42:09.844Z][STDOUT] [DetectorDiag] D2 PARSE P1=-32767 P2=32017 P3=31841 P4=-
[2026-09-09T08:42:09.855Z][STDOUT] [DetectorDiag] D2 RX FRAME mode=custom hex=5AA51180217D517C1180117D617C0180317D517C0180117D517CCF
[2026-09-09T08:42:09.856Z][STDOUT] [DetectorDiag] D2 PARSE P1=-32767 P2=32017 P3=31825 P4=-
[2026-09-09T08:42:09.856Z][STDOUT] [DetectorDiag] D2 RX FRAME mode=custom hex=5AA50180217D517C1180217D517C0180217D517C0180117D617CBF
[2026-09-09T08:42:09.857Z][STDOUT] [DetectorDiag] D2 PARSE P1=-32767 P2=32017 P3=31841 P4=-
[2026-09-09T08:42:09.858Z][STDOUT] [DetectorDiag] D4 RX FRAME mode=custom hex=5AA50180A17AF17B0180B17AE17B0180A17AE17B0180A17AE17BFF
[2026-09-09T08:42:09.858Z][STDOUT] [DetectorDiag] D4 PARSE P1=-32767 P2=31393 P3=31713 P4=-
[2026-09-09T08:42:09.858Z][STDOUT] [DetectorDiag] D4 RX FRAME mode=custom hex=5AA50180B17AE17B0180A17AE17B0180B17AF17B0180B17AE17B1F
[2026-09-09T08:42:09.859Z][STDOUT] [DetectorDiag] D4 PARSE P1=-32767 P2=31409 P3=31713 P4=-
[2026-09-09T08:42:10.697Z][STDOUT] [WaveformDiag][WS] mode=delta clients=2 resync=0 maxBuffered=0 stateAgeMs=4 D1{on=1,ready=1,sync=1,startup=TEST_READY,attempts=1,streak=17,firstAgeMs=1116,readyAgeMs=869,total=68,delta=16,hist=68,lastAgeMs=359,reset=0} D2{on=1,ready=1,sync=1,startup=TEST_READY,attempts=1,streak=14,firstAgeMs=1104,readyAgeMs=840,total=56,delta=16,hist=56,lastAgeMs=359,reset=0} D3{on=1,ready=1,sync=1,startup=TEST_READY,attempts=1,streak=14,firstAgeMs=1105,readyAgeMs=855,total=56,delta=12,hist=56,lastAgeMs=358,reset=0} D4{on=1,ready=1,sync=1,startup=TEST_READY,attempts=1,streak=15,firstAgeMs=1113,readyAgeMs=838,total=60,delta=16,hist=60,lastAgeMs=359,reset=0} D5{on=1,ready=1,sync=1,startup=TEST_READY,attempts=1,streak=14,firstAgeMs=1107,readyAgeMs=862,total=56,delta=12,hist=56,lastAgeMs=359,reset=0} D6{on=1,ready=1,sync=1,startup=TEST_READY,attempts=1,streak=13,firstAgeMs=1102,readyAgeMs=865,total=52,delta=16,hist=52,lastAgeMs=359,reset=0}
[2026-09-09T08:42:10.936Z][RENDERER/1] file:///D:/%E4%B8%8A%E4%BD%8D%E6%9C%BA%E7%95%8C%E9%9D%A2%E5%8E%9F%E5%9E%8B%E7%89%88/flame-detector-bench-desktop/dist/assets/index-A9TaTnGI.js:264 [WaveformDiag][UI] kind=delta wireAgeMs=31 payloadAgeMs=31 D1{on=1,total=68,delta=16,lastAgeMs=386,reset=0} D2{on=1,total=56,delta=16,lastAgeMs=386,reset=0} D3{on=1,total=56,delta=12,lastAgeMs=385,reset=0} D4{on=1,total=60,delta=16,lastAgeMs=386,reset=0} D5{on=1,total=56,delta=12,lastAgeMs=386,reset=0} D6{on=1,total=52,delta=16,lastAgeMs=386,reset=0}
[2026-09-09T08:42:11.767Z][STDOUT] [WaveformDiag][WS] mode=delta clients=2 resync=0 maxBuffered=3086455 stateAgeMs=5 D1{on=1,ready=1,sync=1,startup=TEST_READY,attempts=1,streak=33,firstAgeMs=2186,readyAgeMs=1939,total=132,delta=4,hist=132,lastAgeMs=387,reset=0} D2{on=1,ready=1,sync=1,startup=TEST_READY,attempts=1,streak=31,firstAgeMs=2174,readyAgeMs=1910,total=124,delta=8,hist=124,lastAgeMs=387,reset=0} D3{on=1,ready=1,sync=1,startup=TEST_READY,attempts=1,streak=31,firstAgeMs=2175,readyAgeMs=1925,total=124,delta=8,hist=124,lastAgeMs=387,reset=0} D4{on=1,ready=1,sync=1,startup=TEST_READY,attempts=1,streak=31,firstAgeMs=2183,readyAgeMs=1908,total=124,delta=4,hist=124,lastAgeMs=387,reset=0} D5{on=1,ready=1,sync=1,startup=TEST_READY,attempts=1,streak=31,firstAgeMs=2177,readyAgeMs=1932,total=124,delta=8,hist=124,lastAgeMs=387,reset=0} D6{on=1,ready=1,sync=1,startup=TEST_READY,attempts=1,streak=30,firstAgeMs=2172,readyAgeMs=1935,total=120,delta=8,hist=120,lastAgeMs=388,reset=0}
[2026-09-09T08:42:11.781Z][RENDERER/1] file:///D:/%E4%B8%8A%E4%BD%8D%E6%9C%BA%E7%95%8C%E9%9D%A2%E5%8E%9F%E5%9E%8B%E7%89%88/flame-detector-bench-desktop/dist/assets/index-A9TaTnGI.js:264 [WaveformDiag][UI] kind=delta wireAgeMs=18 payloadAgeMs=18 D1{on=1,total=132,delta=4,lastAgeMs=400,reset=0} D2{on=1,total=124,delta=8,lastAgeMs=400,reset=0} D3{on=1,total=124,delta=8,lastAgeMs=400,reset=0} D4{on=1,total=124,delta=4,lastAgeMs=400,reset=0} D5{on=1,total=124,delta=8,lastAgeMs=400,reset=0} D6{on=1,total=120,delta=8,lastAgeMs=401,reset=0}
[2026-09-09T08:42:12.826Z][STDOUT] [WaveformDiag][WS] mode=delta clients=2 resync=0 maxBuffered=0 stateAgeMs=5 D1{on=1,ready=1,sync=1,startup=TEST_READY,attempts=1,streak=53,firstAgeMs=3245,readyAgeMs=2998,total=212,delta=24,hist=212,lastAgeMs=220,reset=0} D2{on=1,ready=1,sync=1,startup=TEST_READY,attempts=1,streak=50,firstAgeMs=3233,readyAgeMs=2969,total=200,delta=24,hist=200,lastAgeMs=221,reset=0} D3{on=1,ready=1,sync=1,startup=TEST_READY,attempts=1,streak=50,firstAgeMs=3234,readyAgeMs=2984,total=200,delta=20,hist=200,lastAgeMs=220,reset=0} D4{on=1,ready=1,sync=1,startup=TEST_READY,attempts=1,streak=51,firstAgeMs=3242,readyAgeMs=2967,total=204,delta=24,hist=204,lastAgeMs=221,reset=0} D5{on=1,ready=1,sync=1,startup=TEST_READY,attempts=1,streak=50,firstAgeMs=3236,readyAgeMs=2991,total=200,delta=20,hist=200,lastAgeMs=220,reset=0} D6{on=1,ready=1,sync=1,startup=TEST_READY,attempts=1,streak=49,firstAgeMs=3231,readyAgeMs=2994,total=196,delta=20,hist=196,lastAgeMs=220,reset=0}
[2026-09-09T08:42:13.066Z][RENDERER/1] file:///D:/%E4%B8%8A%E4%BD%8D%E6%9C%BA%E7%95%8C%E9%9D%A2%E5%8E%9F%E5%9E%8B%E7%89%88/flame-detector-bench-desktop/dist/assets/index-A9TaTnGI.js:264 [WaveformDiag][UI] kind=delta wireAgeMs=24 payloadAgeMs=24 D1{on=1,total=212,delta=24,lastAgeMs=239,reset=0} D2{on=1,total=200,delta=24,lastAgeMs=240,reset=0} D3{on=1,total=200,delta=20,lastAgeMs=239,reset=0} D4{on=1,total=204,delta=24,lastAgeMs=240,reset=0} D5{on=1,total=200,delta=20,lastAgeMs=239,reset=0} D6{on=1,total=196,delta=20,lastAgeMs=239,reset=0}
[2026-09-09T08:42:13.887Z][STDOUT] [WaveformDiag][WS] mode=delta clients=2 resync=0 maxBuffered=3179609 stateAgeMs=4 D1{on=1,ready=1,sync=1,startup=TEST_READY,attempts=1,streak=67,firstAgeMs=4306,readyAgeMs=4059,total=268,delta=4,hist=268,lastAgeMs=371,reset=0} D2{on=1,ready=1,sync=1,startup=TEST_READY,attempts=1,streak=65,firstAgeMs=4294,readyAgeMs=4030,total=260,delta=8,hist=260,lastAgeMs=371,reset=0} D3{on=1,ready=1,sync=1,startup=TEST_READY,attempts=1,streak=65,firstAgeMs=4295,readyAgeMs=4045,total=260,delta=8,hist=260,lastAgeMs=371,reset=0} D4{on=1,ready=1,sync=1,startup=TEST_READY,attempts=1,streak=66,firstAgeMs=4303,readyAgeMs=4028,total=264,delta=8,hist=264,lastAgeMs=371,reset=0} D5{on=1,ready=1,sync=1,startup=TEST_READY,attempts=1,streak=65,firstAgeMs=4297,readyAgeMs=4052,total=260,delta=4,hist=260,lastAgeMs=371,reset=0} D6{on=1,ready=1,sync=1,startup=TEST_READY,attempts=1,streak=64,firstAgeMs=4292,readyAgeMs=4055,total=256,delta=4,hist=256,lastAgeMs=371,reset=0}
[2026-09-09T08:42:14.143Z][RENDERER/1] file:///D:/%E4%B8%8A%E4%BD%8D%E6%9C%BA%E7%95%8C%E9%9D%A2%E5%8E%9F%E5%9E%8B%E7%89%88/flame-detector-bench-desktop/dist/assets/index-A9TaTnGI.js:264 [WaveformDiag][UI] kind=delta wireAgeMs=28 payloadAgeMs=28 D1{on=1,total=268,delta=4,lastAgeMs=395,reset=0} D2{on=1,total=260,delta=8,lastAgeMs=395,reset=0} D3{on=1,total=260,delta=8,lastAgeMs=395,reset=0} D4{on=1,total=264,delta=8,lastAgeMs=395,reset=0} D5{on=1,total=260,delta=4,lastAgeMs=395,reset=0} D6{on=1,total=256,delta=4,lastAgeMs=395,reset=0}
[2026-09-09T08:42:15.029Z][STDOUT] [WaveformDiag][WS] mode=delta clients=2 resync=0 maxBuffered=3227439 stateAgeMs=6 D1{on=1,ready=1,sync=1,startup=TEST_READY,attempts=1,streak=85,firstAgeMs=5448,readyAgeMs=5201,total=340,delta=4,hist=340,lastAgeMs=394,reset=0} D2{on=1,ready=1,sync=1,startup=TEST_READY,attempts=1,streak=83,firstAgeMs=5436,readyAgeMs=5172,total=332,delta=8,hist=332,lastAgeMs=394,reset=0} D3{on=1,ready=1,sync=1,startup=TEST_READY,attempts=1,streak=83,firstAgeMs=5437,readyAgeMs=5187,total=332,delta=8,hist=332,lastAgeMs=394,reset=0} D4{on=1,ready=1,sync=1,startup=TEST_READY,attempts=1,streak=83,firstAgeMs=5445,readyAgeMs=5170,total=332,delta=4,hist=332,lastAgeMs=394,reset=0} D5{on=1,ready=1,sync=1,startup=TEST_READY,attempts=1,streak=83,firstAgeMs=5439,readyAgeMs=5194,total=332,delta=8,hist=332,lastAgeMs=395,reset=0} D6{on=1,ready=1,sync=1,startup=TEST_READY,attempts=1,streak=82,firstAgeMs=5434,readyAgeMs=5197,total=328,delta=8,hist=328,lastAgeMs=395,reset=0}
[2026-09-09T08:42:15.031Z][RENDERER/1] file:///D:/%E4%B8%8A%E4%BD%8D%E6%9C%BA%E7%95%8C%E9%9D%A2%E5%8E%9F%E5%9E%8B%E7%89%88/flame-detector-bench-desktop/dist/assets/index-A9TaTnGI.js:264 [WaveformDiag][UI] kind=delta wireAgeMs=7 payloadAgeMs=7 D1{on=1,total=340,delta=4,lastAgeMs=395,reset=0} D2{on=1,total=332,delta=8,lastAgeMs=395,reset=0} D3{on=1,total=332,delta=8,lastAgeMs=395,reset=0} D4{on=1,total=332,delta=4,lastAgeMs=395,reset=0} D5{on=1,total=332,delta=8,lastAgeMs=396,reset=0} D6{on=1,total=328,delta=8,lastAgeMs=396,reset=0}
[2026-09-09T08:42:16.226Z][STDOUT] [WaveformDiag][WS] mode=delta clients=2 resync=0 maxBuffered=0 stateAgeMs=5 D1{on=1,ready=1,sync=1,startup=TEST_READY,attempts=1,streak=107,firstAgeMs=6645,readyAgeMs=6398,total=428,delta=20,hist=428,lastAgeMs=223,reset=0} D2{on=1,ready=1,sync=1,startup=TEST_READY,attempts=1,streak=104,firstAgeMs=6633,readyAgeMs=6369,total=416,delta=20,hist=416,lastAgeMs=223,reset=0} D3{on=1,ready=1,sync=1,startup=TEST_READY,attempts=1,streak=105,firstAgeMs=6634,readyAgeMs=6384,total=420,delta=24,hist=420,lastAgeMs=224,reset=0} D4{on=1,ready=1,sync=1,startup=TEST_READY,attempts=1,streak=105,firstAgeMs=6642,readyAgeMs=6367,total=420,delta=20,hist=420,lastAgeMs=223,reset=0} D5{on=1,ready=1,sync=1,startup=TEST_READY,attempts=1,streak=105,firstAgeMs=6636,readyAgeMs=6391,total=420,delta=24,hist=420,lastAgeMs=224,reset=0} D6{on=1,ready=1,sync=1,startup=TEST_READY,attempts=1,streak=104,firstAgeMs=6631,readyAgeMs=6394,total=416,delta=24,hist=416,lastAgeMs=224,reset=0}
[2026-09-09T08:42:16.351Z][RENDERER/1] file:///D:/%E4%B8%8A%E4%BD%8D%E6%9C%BA%E7%95%8C%E9%9D%A2%E5%8E%9F%E5%9E%8B%E7%89%88/flame-detector-bench-desktop/dist/assets/index-A9TaTnGI.js:264 [WaveformDiag][UI] kind=delta wireAgeMs=16 payloadAgeMs=16 D1{on=1,total=428,delta=20,lastAgeMs=234,reset=0} D2{on=1,total=416,delta=20,lastAgeMs=234,reset=0} D3{on=1,total=420,delta=24,lastAgeMs=235,reset=0} D4{on=1,total=420,delta=20,lastAgeMs=234,reset=0} D5{on=1,total=420,delta=24,lastAgeMs=235,reset=0} D6{on=1,total=416,delta=24,lastAgeMs=235,reset=0}
[2026-09-09T08:42:17.370Z][STDOUT] [WaveformDiag][WS] mode=delta clients=2 resync=0 maxBuffered=0 stateAgeMs=6 D1{on=1,ready=1,sync=1,startup=TEST_READY,attempts=1,streak=125,firstAgeMs=7789,readyAgeMs=7542,total=500,delta=24,hist=500,lastAgeMs=230,reset=0} D2{on=1,ready=1,sync=1,startup=TEST_READY,attempts=1,streak=124,firstAgeMs=7777,readyAgeMs=7513,total=496,delta=32,hist=496,lastAgeMs=140,reset=0} D3{on=1,ready=1,sync=1,startup=TEST_READY,attempts=1,streak=123,firstAgeMs=7778,readyAgeMs=7528,total=492,delta=20,hist=492,lastAgeMs=227,reset=0} D4{on=1,ready=1,sync=1,startup=TEST_READY,attempts=1,streak=124,firstAgeMs=7786,readyAgeMs=7511,total=496,delta=28,hist=496,lastAgeMs=231,reset=0} D5{on=1,ready=1,sync=1,startup=TEST_READY,attempts=1,streak=123,firstAgeMs=7780,readyAgeMs=7535,total=492,delta=20,hist=492,lastAgeMs=228,reset=0} D6{on=1,ready=1,sync=1,startup=TEST_READY,attempts=1,streak=122,firstAgeMs=7775,readyAgeMs=7538,total=488,delta=20,hist=488,lastAgeMs=228,reset=0}
[2026-09-09T08:42:17.628Z][RENDERER/1] file:///D:/%E4%B8%8A%E4%BD%8D%E6%9C%BA%E7%95%8C%E9%9D%A2%E5%8E%9F%E5%9E%8B%E7%89%88/flame-detector-bench-desktop/dist/assets/index-A9TaTnGI.js:264 [WaveformDiag][UI] kind=delta wireAgeMs=22 payloadAgeMs=22 D1{on=1,total=500,delta=24,lastAgeMs=246,reset=0} D2{on=1,total=496,delta=32,lastAgeMs=156,reset=0} D3{on=1,total=492,delta=20,lastAgeMs=243,reset=0} D4{on=1,total=496,delta=28,lastAgeMs=247,reset=0} D5{on=1,total=492,delta=20,lastAgeMs=244,reset=0} D6{on=1,total=488,delta=20,lastAgeMs=244,reset=0}
[2026-09-09T08:42:18.391Z][STDOUT] [WaveformDiag][WS] mode=delta clients=2 resync=0 maxBuffered=0 stateAgeMs=5 D1{on=1,ready=1,sync=1,startup=TEST_READY,attempts=1,streak=137,firstAgeMs=8810,readyAgeMs=8563,total=548,delta=16,hist=548,lastAgeMs=507,reset=0} D2{on=1,ready=1,sync=1,startup=TEST_READY,attempts=1,streak=135,firstAgeMs=8798,readyAgeMs=8534,total=540,delta=20,hist=540,lastAgeMs=509,reset=0} D3{on=1,ready=1,sync=1,startup=TEST_READY,attempts=1,streak=135,firstAgeMs=8799,readyAgeMs=8549,total=540,delta=16,hist=540,lastAgeMs=506,reset=0} D4{on=1,ready=1,sync=1,startup=TEST_READY,attempts=1,streak=135,firstAgeMs=8807,readyAgeMs=8532,total=540,delta=16,hist=540,lastAgeMs=508,reset=0} D5{on=1,ready=1,sync=1,startup=TEST_READY,attempts=1,streak=135,firstAgeMs=8801,readyAgeMs=8556,total=540,delta=16,hist=540,lastAgeMs=507,reset=0} D6{on=1,ready=1,sync=1,startup=TEST_READY,attempts=1,streak=134,firstAgeMs=8796,readyAgeMs=8559,total=536,delta=16,hist=536,lastAgeMs=506,reset=0}
[2026-09-09T08:42:18.395Z][RENDERER/1] file:///D:/%E4%B8%8A%E4%BD%8D%E6%9C%BA%E7%95%8C%E9%9D%A2%E5%8E%9F%E5%9E%8B%E7%89%88/flame-detector-bench-desktop/dist/assets/index-A9TaTnGI.js:264 [WaveformDiag][UI] kind=delta wireAgeMs=9 payloadAgeMs=9 D1{on=1,total=548,delta=16,lastAgeMs=511,reset=0} D2{on=1,total=540,delta=20,lastAgeMs=513,reset=0} D3{on=1,total=540,delta=16,lastAgeMs=510,reset=0} D4{on=1,total=540,delta=16,lastAgeMs=512,reset=0} D5{on=1,total=540,delta=16,lastAgeMs=511,reset=0} D6{on=1,total=536,delta=16,lastAgeMs=510,reset=0}
[2026-09-09T08:42:19.558Z][STDOUT] [WaveformDiag][WS] mode=delta clients=2 resync=0 maxBuffered=0 stateAgeMs=6 D1{on=1,ready=1,sync=1,startup=TEST_READY,attempts=1,streak=160,firstAgeMs=9977,readyAgeMs=9730,total=640,delta=24,hist=640,lastAgeMs=247,reset=0} D2{on=1,ready=1,sync=1,startup=TEST_READY,attempts=1,streak=157,firstAgeMs=9965,readyAgeMs=9701,total=628,delta=24,hist=628,lastAgeMs=250,reset=0} D3{on=1,ready=1,sync=1,startup=TEST_READY,attempts=1,streak=158,firstAgeMs=9966,readyAgeMs=9716,total=632,delta=24,hist=632,lastAgeMs=247,reset=0} D4{on=1,ready=1,sync=1,startup=TEST_READY,attempts=1,streak=158,firstAgeMs=9974,readyAgeMs=9699,total=632,delta=24,hist=632,lastAgeMs=248,reset=0} D5{on=1,ready=1,sync=1,startup=TEST_READY,attempts=1,streak=158,firstAgeMs=9968,readyAgeMs=9723,total=632,delta=12,hist=632,lastAgeMs=246,reset=0} D6{on=1,ready=1,sync=1,startup=TEST_READY,attempts=1,streak=157,firstAgeMs=9963,readyAgeMs=9726,total=628,delta=12,hist=628,lastAgeMs=246,reset=0}
[2026-09-09T08:42:19.834Z][RENDERER/1] file:///D:/%E4%B8%8A%E4%BD%8D%E6%9C%BA%E7%95%8C%E9%9D%A2%E5%8E%9F%E5%9E%8B%E7%89%88/flame-detector-bench-desktop/dist/assets/index-A9TaTnGI.js:264 [WaveformDiag][UI] kind=delta wireAgeMs=26 payloadAgeMs=26 D1{on=1,total=640,delta=24,lastAgeMs=267,reset=0} D2{on=1,total=628,delta=24,lastAgeMs=270,reset=0} D3{on=1,total=632,delta=24,lastAgeMs=267,reset=0} D4{on=1,total=632,delta=24,lastAgeMs=268,reset=0} D5{on=1,total=632,delta=12,lastAgeMs=266,reset=0} D6{on=1,total=628,delta=12,lastAgeMs=266,reset=0}
[2026-09-09T08:42:20.612Z][STDOUT] [WaveformDiag][WS] mode=delta clients=2 resync=0 maxBuffered=0 stateAgeMs=6 D1{on=1,ready=1,sync=1,startup=TEST_READY,attempts=1,streak=173,firstAgeMs=11031,readyAgeMs=10784,total=692,delta=16,hist=692,lastAgeMs=518,reset=0} D2{on=1,ready=1,sync=1,startup=TEST_READY,attempts=1,streak=170,firstAgeMs=11019,readyAgeMs=10755,total=680,delta=16,hist=680,lastAgeMs=519,reset=0} D3{on=1,ready=1,sync=1,startup=TEST_READY,attempts=1,streak=170,firstAgeMs=11020,readyAgeMs=10770,total=680,delta=16,hist=680,lastAgeMs=520,reset=0} D4{on=1,ready=1,sync=1,startup=TEST_READY,attempts=1,streak=171,firstAgeMs=11028,readyAgeMs=10753,total=684,delta=16,hist=684,lastAgeMs=519,reset=0} D5{on=1,ready=1,sync=1,startup=TEST_READY,attempts=1,streak=170,firstAgeMs=11022,readyAgeMs=10777,total=680,delta=16,hist=680,lastAgeMs=520,reset=0} D6{on=1,ready=1,sync=1,startup=TEST_READY,attempts=1,streak=169,firstAgeMs=11017,readyAgeMs=10780,total=676,delta=16,hist=676,lastAgeMs=521,reset=0}
[2026-09-09T08:42:20.615Z][RENDERER/1] file:///D:/%E4%B8%8A%E4%BD%8D%E6%9C%BA%E7%95%8C%E9%9D%A2%E5%8E%9F%E5%9E%8B%E7%89%88/flame-detector-bench-desktop/dist/assets/index-A9TaTnGI.js:264 [WaveformDiag][UI] kind=delta wireAgeMs=8 payloadAgeMs=8 D1{on=1,total=692,delta=16,lastAgeMs=520,reset=0} D2{on=1,total=680,delta=16,lastAgeMs=521,reset=0} D3{on=1,total=680,delta=16,lastAgeMs=522,reset=0} D4{on=1,total=684,delta=16,lastAgeMs=521,reset=0} D5{on=1,total=680,delta=16,lastAgeMs=522,reset=0} D6{on=1,total=676,delta=16,lastAgeMs=523,reset=0}
[2026-09-09T08:42:21.803Z][STDOUT] [WaveformDiag][WS] mode=delta clients=2 resync=0 maxBuffered=0 stateAgeMs=5 D1{on=1,ready=1,sync=1,startup=TEST_READY,attempts=1,streak=196,firstAgeMs=12222,readyAgeMs=11975,total=784,delta=28,hist=784,lastAgeMs=283,reset=0} D2{on=1,ready=1,sync=1,startup=TEST_READY,attempts=1,streak=193,firstAgeMs=12210,readyAgeMs=11946,total=772,delta=24,hist=772,lastAgeMs=280,reset=0} D3{on=1,ready=1,sync=1,startup=TEST_READY,attempts=1,streak=193,firstAgeMs=12211,readyAgeMs=11961,total=772,delta=24,hist=772,lastAgeMs=281,reset=0} D4{on=1,ready=1,sync=1,startup=TEST_READY,attempts=1,streak=194,firstAgeMs=12219,readyAgeMs=11944,total=776,delta=28,hist=776,lastAgeMs=284,reset=0} D5{on=1,ready=1,sync=1,startup=TEST_READY,attempts=1,streak=193,firstAgeMs=12213,readyAgeMs=11968,total=772,delta=24,hist=772,lastAgeMs=282,reset=0} D6{on=1,ready=1,sync=1,startup=TEST_READY,attempts=1,streak=192,firstAgeMs=12208,readyAgeMs=11971,total=768,delta=24,hist=768,lastAgeMs=280,reset=0}
[2026-09-09T08:42:22.074Z][RENDERER/1] file:///D:/%E4%B8%8A%E4%BD%8D%E6%9C%BA%E7%95%8C%E9%9D%A2%E5%8E%9F%E5%9E%8B%E7%89%88/flame-detector-bench-desktop/dist/assets/index-A9TaTnGI.js:264 [WaveformDiag][UI] kind=delta wireAgeMs=20 payloadAgeMs=20 D1{on=1,total=784,delta=28,lastAgeMs=298,reset=0} D2{on=1,total=772,delta=24,lastAgeMs=295,reset=0} D3{on=1,total=772,delta=24,lastAgeMs=296,reset=0} D4{on=1,total=776,delta=28,lastAgeMs=299,reset=0} D5{on=1,total=772,delta=24,lastAgeMs=297,reset=0} D6{on=1,total=768,delta=24,lastAgeMs=295,reset=0}
[2026-09-09T08:42:22.910Z][STDOUT] [WaveformDiag][WS] mode=delta clients=2 resync=0 maxBuffered=0 stateAgeMs=6 D1{on=1,ready=1,sync=1,startup=TEST_READY,attempts=1,streak=213,firstAgeMs=13329,readyAgeMs=13082,total=852,delta=16,hist=852,lastAgeMs=269,reset=0} D2{on=1,ready=1,sync=1,startup=TEST_READY,attempts=1,streak=211,firstAgeMs=13317,readyAgeMs=13053,total=844,delta=20,hist=844,lastAgeMs=269,reset=0} D3{on=1,ready=1,sync=1,startup=TEST_READY,attempts=1,streak=211,firstAgeMs=13318,readyAgeMs=13068,total=844,delta=20,hist=844,lastAgeMs=271,reset=0} D4{on=1,ready=1,sync=1,startup=TEST_READY,attempts=1,streak=211,firstAgeMs=13326,readyAgeMs=13051,total=844,delta=8,hist=844,lastAgeMs=268,reset=0} D5{on=1,ready=1,sync=1,startup=TEST_READY,attempts=1,streak=211,firstAgeMs=13320,readyAgeMs=13075,total=844,delta=20,hist=844,lastAgeMs=272,reset=0} D6{on=1,ready=1,sync=1,startup=TEST_READY,attempts=1,streak=210,firstAgeMs=13315,readyAgeMs=13078,total=840,delta=20,hist=840,lastAgeMs=270,reset=0}
[2026-09-09T08:42:23.151Z][RENDERER/1] file:///D:/%E4%B8%8A%E4%BD%8D%E6%9C%BA%E7%95%8C%E9%9D%A2%E5%8E%9F%E5%9E%8B%E7%89%88/flame-detector-bench-desktop/dist/assets/index-A9TaTnGI.js:264 [WaveformDiag][UI] kind=delta wireAgeMs=18 payloadAgeMs=18 D1{on=1,total=852,delta=16,lastAgeMs=281,reset=0} D2{on=1,total=844,delta=20,lastAgeMs=281,reset=0} D3{on=1,total=844,delta=20,lastAgeMs=283,reset=0} D4{on=1,total=844,delta=8,lastAgeMs=280,reset=0} D5{on=1,total=844,delta=20,lastAgeMs=284,reset=0} D6{on=1,total=840,delta=20,lastAgeMs=282,reset=0}
[2026-09-09T08:42:23.968Z][STDOUT] [WaveformDiag][WS] mode=delta clients=2 resync=0 maxBuffered=0 stateAgeMs=6 D1{on=1,ready=1,sync=1,startup=TEST_READY,attempts=1,streak=226,firstAgeMs=14387,readyAgeMs=14140,total=904,delta=16,hist=904,lastAgeMs=538,reset=0} D2{on=1,ready=1,sync=1,startup=TEST_READY,attempts=1,streak=223,firstAgeMs=14375,readyAgeMs=14111,total=892,delta=16,hist=892,lastAgeMs=540,reset=0} D3{on=1,ready=1,sync=1,startup=TEST_READY,attempts=1,streak=224,firstAgeMs=14376,readyAgeMs=14126,total=896,delta=20,hist=896,lastAgeMs=540,reset=0} D4{on=1,ready=1,sync=1,startup=TEST_READY,attempts=1,streak=224,firstAgeMs=14384,readyAgeMs=14109,total=896,delta=16,hist=896,lastAgeMs=539,reset=0} D5{on=1,ready=1,sync=1,startup=TEST_READY,attempts=1,streak=224,firstAgeMs=14378,readyAgeMs=14133,total=896,delta=20,hist=896,lastAgeMs=541,reset=0} D6{on=1,ready=1,sync=1,startup=TEST_READY,attempts=1,streak=223,firstAgeMs=14373,readyAgeMs=14136,total=892,delta=20,hist=892,lastAgeMs=542,reset=0}
[2026-09-09T08:42:24.261Z][RENDERER/1] file:///D:/%E4%B8%8A%E4%BD%8D%E6%9C%BA%E7%95%8C%E9%9D%A2%E5%8E%9F%E5%9E%8B%E7%89%88/flame-detector-bench-desktop/dist/assets/index-A9TaTnGI.js:264 [WaveformDiag][UI] kind=delta wireAgeMs=11 payloadAgeMs=11 D1{on=1,total=904,delta=16,lastAgeMs=543,reset=0} D2{on=1,total=892,delta=16,lastAgeMs=545,reset=0} D3{on=1,total=896,delta=20,lastAgeMs=545,reset=0} D4{on=1,total=896,delta=16,lastAgeMs=544,reset=0} D5{on=1,total=896,delta=20,lastAgeMs=546,reset=0} D6{on=1,total=892,delta=20,lastAgeMs=547,reset=0}
[2026-09-09T08:42:25.096Z][STDOUT] [WaveformDiag][WS] mode=delta clients=2 resync=0 maxBuffered=0 stateAgeMs=6 D1{on=1,ready=1,sync=1,startup=TEST_READY,attempts=1,streak=244,firstAgeMs=15515,readyAgeMs=15268,total=976,delta=16,hist=976,lastAgeMs=539,reset=0} D2{on=1,ready=1,sync=1,startup=TEST_READY,attempts=1,streak=241,firstAgeMs=15503,readyAgeMs=15239,total=964,delta=16,hist=964,lastAgeMs=540,reset=0} D3{on=1,ready=1,sync=1,startup=TEST_READY,attempts=1,streak=242,firstAgeMs=15504,readyAgeMs=15254,total=968,delta=20,hist=968,lastAgeMs=541,reset=0} D4{on=1,ready=1,sync=1,startup=TEST_READY,attempts=1,streak=242,firstAgeMs=15512,readyAgeMs=15237,total=968,delta=16,hist=968,lastAgeMs=540,reset=0} D5{on=1,ready=1,sync=1,startup=TEST_READY,attempts=1,streak=242,firstAgeMs=15506,readyAgeMs=15261,total=968,delta=20,hist=968,lastAgeMs=543,reset=0} D6{on=1,ready=1,sync=1,startup=TEST_READY,attempts=1,streak=241,firstAgeMs=15501,readyAgeMs=15264,total=964,delta=20,hist=964,lastAgeMs=542,reset=0}
[2026-09-09T08:42:25.099Z][RENDERER/1] file:///D:/%E4%B8%8A%E4%BD%8D%E6%9C%BA%E7%95%8C%E9%9D%A2%E5%8E%9F%E5%9E%8B%E7%89%88/flame-detector-bench-desktop/dist/assets/index-A9TaTnGI.js:264 [WaveformDiag][UI] kind=delta wireAgeMs=7 payloadAgeMs=7 D1{on=1,total=976,delta=16,lastAgeMs=540,reset=0} D2{on=1,total=964,delta=16,lastAgeMs=541,reset=0} D3{on=1,total=968,delta=20,lastAgeMs=542,reset=0} D4{on=1,total=968,delta=16,lastAgeMs=541,reset=0} D5{on=1,total=968,delta=20,lastAgeMs=544,reset=0} D6{on=1,total=964,delta=20,lastAgeMs=543,reset=0}
[2026-09-09T08:42:26.199Z][STDOUT] [WaveformDiag][WS] mode=delta clients=2 resync=0 maxBuffered=0 stateAgeMs=7 D1{on=1,ready=1,sync=1,startup=TEST_READY,attempts=1,streak=262,firstAgeMs=16618,readyAgeMs=16371,total=1048,delta=16,hist=1000,lastAgeMs=510,reset=0} D2{on=1,ready=1,sync=1,startup=TEST_READY,attempts=1,streak=259,firstAgeMs=16606,readyAgeMs=16342,total=1036,delta=16,hist=1000,lastAgeMs=512,reset=0} D3{on=1,ready=1,sync=1,startup=TEST_READY,attempts=1,streak=260,firstAgeMs=16607,readyAgeMs=16357,total=1040,delta=20,hist=1000,lastAgeMs=512,reset=0} D4{on=1,ready=1,sync=1,startup=TEST_READY,attempts=1,streak=260,firstAgeMs=16615,readyAgeMs=16340,total=1040,delta=16,hist=1000,lastAgeMs=511,reset=0} D5{on=1,ready=1,sync=1,startup=TEST_READY,attempts=1,streak=260,firstAgeMs=16609,readyAgeMs=16364,total=1040,delta=20,hist=1000,lastAgeMs=513,reset=0} D6{on=1,ready=1,sync=1,startup=TEST_READY,attempts=1,streak=259,firstAgeMs=16604,readyAgeMs=16367,total=1036,delta=20,hist=1000,lastAgeMs=514,reset=0}
[2026-09-09T08:42:26.502Z][RENDERER/1] file:///D:/%E4%B8%8A%E4%BD%8D%E6%9C%BA%E7%95%8C%E9%9D%A2%E5%8E%9F%E5%9E%8B%E7%89%88/flame-detector-bench-desktop/dist/assets/index-A9TaTnGI.js:264 [WaveformDiag][UI] kind=delta wireAgeMs=10 payloadAgeMs=10 D1{on=1,total=1048,delta=16,lastAgeMs=513,reset=0} D2{on=1,total=1036,delta=16,lastAgeMs=515,reset=0} D3{on=1,total=1040,delta=20,lastAgeMs=515,reset=0} D4{on=1,total=1040,delta=16,lastAgeMs=514,reset=0} D5{on=1,total=1040,delta=20,lastAgeMs=516,reset=0} D6{on=1,total=1036,delta=20,lastAgeMs=517,reset=0}
[2026-09-09T08:42:27.326Z][STDOUT] [WaveformDiag][WS] mode=delta clients=2 resync=0 maxBuffered=0 stateAgeMs=6 D1{on=1,ready=1,sync=1,startup=TEST_READY,attempts=1,streak=282,firstAgeMs=17745,readyAgeMs=17498,total=1128,delta=20,hist=1000,lastAgeMs=410,reset=0} D2{on=1,ready=1,sync=1,startup=TEST_READY,attempts=1,streak=277,firstAgeMs=17733,readyAgeMs=17469,total=1108,delta=16,hist=1000,lastAgeMs=512,reset=0} D3{on=1,ready=1,sync=1,startup=TEST_READY,attempts=1,streak=278,firstAgeMs=17734,readyAgeMs=17484,total=1112,delta=20,hist=1000,lastAgeMs=514,reset=0} D4{on=1,ready=1,sync=1,startup=TEST_READY,attempts=1,streak=278,firstAgeMs=17742,readyAgeMs=17467,total=1112,delta=20,hist=1000,lastAgeMs=516,reset=0} D5{on=1,ready=1,sync=1,startup=TEST_READY,attempts=1,streak=278,firstAgeMs=17736,readyAgeMs=17491,total=1112,delta=20,hist=1000,lastAgeMs=513,reset=0} D6{on=1,ready=1,sync=1,startup=TEST_READY,attempts=1,streak=277,firstAgeMs=17731,readyAgeMs=17494,total=1108,delta=20,hist=1000,lastAgeMs=515,reset=0}
[2026-09-09T08:42:27.329Z][RENDERER/1] file:///D:/%E4%B8%8A%E4%BD%8D%E6%9C%BA%E7%95%8C%E9%9D%A2%E5%8E%9F%E5%9E%8B%E7%89%88/flame-detector-bench-desktop/dist/assets/index-A9TaTnGI.js:264 [WaveformDiag][UI] kind=delta wireAgeMs=7 payloadAgeMs=7 D1{on=1,total=1128,delta=20,lastAgeMs=411,reset=0} D2{on=1,total=1108,delta=16,lastAgeMs=513,reset=0} D3{on=1,total=1112,delta=20,lastAgeMs=515,reset=0} D4{on=1,total=1112,delta=20,lastAgeMs=517,reset=0} D5{on=1,total=1112,delta=20,lastAgeMs=514,reset=0} D6{on=1,total=1108,delta=20,lastAgeMs=516,reset=0}
[2026-09-09T08:42:28.348Z][STDOUT] [WaveformDiag][WS] mode=delta clients=2 resync=0 maxBuffered=0 stateAgeMs=6 D1{on=1,ready=1,sync=1,startup=TEST_READY,attempts=1,streak=299,firstAgeMs=18767,readyAgeMs=18520,total=1196,delta=12,hist=1000,lastAgeMs=331,reset=0} D2{on=1,ready=1,sync=1,startup=TEST_READY,attempts=1,streak=297,firstAgeMs=18755,readyAgeMs=18491,total=1188,delta=16,hist=1000,lastAgeMs=334,reset=0} D3{on=1,ready=1,sync=1,startup=TEST_READY,attempts=1,streak=297,firstAgeMs=18756,readyAgeMs=18506,total=1188,delta=16,hist=1000,lastAgeMs=335,reset=0} D4{on=1,ready=1,sync=1,startup=TEST_READY,attempts=1,streak=298,firstAgeMs=18764,readyAgeMs=18489,total=1192,delta=16,hist=1000,lastAgeMs=333,reset=0} D5{on=1,ready=1,sync=1,startup=TEST_READY,attempts=1,streak=297,firstAgeMs=18758,readyAgeMs=18513,total=1188,delta=16,hist=1000,lastAgeMs=335,reset=0} D6{on=1,ready=1,sync=1,startup=TEST_READY,attempts=1,streak=296,firstAgeMs=18753,readyAgeMs=18516,total=1184,delta=16,hist=1000,lastAgeMs=336,reset=0}
[2026-09-09T08:42:28.648Z][RENDERER/1] file:///D:/%E4%B8%8A%E4%BD%8D%E6%9C%BA%E7%95%8C%E9%9D%A2%E5%8E%9F%E5%9E%8B%E7%89%88/flame-detector-bench-desktop/dist/assets/index-A9TaTnGI.js:264 [WaveformDiag][UI] kind=delta wireAgeMs=31 payloadAgeMs=31 D1{on=1,total=1196,delta=12,lastAgeMs=356,reset=0} D2{on=1,total=1188,delta=16,lastAgeMs=359,reset=0} D3{on=1,total=1188,delta=16,lastAgeMs=360,reset=0} D4{on=1,total=1192,delta=16,lastAgeMs=358,reset=0} D5{on=1,total=1188,delta=16,lastAgeMs=360,reset=0} D6{on=1,total=1184,delta=16,lastAgeMs=361,reset=0}
[2026-09-09T08:42:29.508Z][STDOUT] [WaveformDiag][WS] mode=delta clients=2 resync=0 maxBuffered=0 stateAgeMs=6 D1{on=1,ready=1,sync=1,startup=TEST_READY,attempts=1,streak=319,firstAgeMs=19927,readyAgeMs=19680,total=1276,delta=20,hist=1000,lastAgeMs=275,reset=0} D2{on=1,ready=1,sync=1,startup=TEST_READY,attempts=1,streak=316,firstAgeMs=19915,readyAgeMs=19651,total=1264,delta=16,hist=1000,lastAgeMs=272,reset=0} D3{on=1,ready=1,sync=1,startup=TEST_READY,attempts=1,streak=316,firstAgeMs=19916,readyAgeMs=19666,total=1264,delta=16,hist=1000,lastAgeMs=274,reset=0} D4{on=1,ready=1,sync=1,startup=TEST_READY,attempts=1,streak=317,firstAgeMs=19924,readyAgeMs=19649,total=1268,delta=20,hist=1000,lastAgeMs=276,reset=0} D5{on=1,ready=1,sync=1,startup=TEST_READY,attempts=1,streak=316,firstAgeMs=19918,readyAgeMs=19673,total=1264,delta=16,hist=1000,lastAgeMs=273,reset=0} D6{on=1,ready=1,sync=1,startup=TEST_READY,attempts=1,streak=315,firstAgeMs=19913,readyAgeMs=19676,total=1260,delta=16,hist=1000,lastAgeMs=273,reset=0}
[2026-09-09T08:42:29.511Z][RENDERER/1] file:///D:/%E4%B8%8A%E4%BD%8D%E6%9C%BA%E7%95%8C%E9%9D%A2%E5%8E%9F%E5%9E%8B%E7%89%88/flame-detector-bench-desktop/dist/assets/index-A9TaTnGI.js:264 [WaveformDiag][UI] kind=delta wireAgeMs=8 payloadAgeMs=8 D1{on=1,total=1276,delta=20,lastAgeMs=277,reset=0} D2{on=1,total=1264,delta=16,lastAgeMs=274,reset=0} D3{on=1,total=1264,delta=16,lastAgeMs=276,reset=0} D4{on=1,total=1268,delta=20,lastAgeMs=278,reset=0} D5{on=1,total=1264,delta=16,lastAgeMs=275,reset=0} D6{on=1,total=1260,delta=16,lastAgeMs=275,reset=0}
[2026-09-09T08:42:30.677Z][STDOUT] [WaveformDiag][WS] mode=delta clients=2 resync=0 maxBuffered=0 stateAgeMs=6 D1{on=1,ready=1,sync=1,startup=TEST_READY,attempts=1,streak=333,firstAgeMs=21095,readyAgeMs=20848,total=1332,delta=20,hist=1000,lastAgeMs=588,reset=0} D2{on=1,ready=1,sync=1,startup=TEST_READY,attempts=1,streak=330,firstAgeMs=21083,readyAgeMs=20819,total=1320,delta=20,hist=1000,lastAgeMs=589,reset=0} D3{on=1,ready=1,sync=1,startup=TEST_READY,attempts=1,streak=330,firstAgeMs=21084,readyAgeMs=20834,total=1320,delta=20,hist=1000,lastAgeMs=591,reset=0} D4{on=1,ready=1,sync=1,startup=TEST_READY,attempts=1,streak=331,firstAgeMs=21092,readyAgeMs=20817,total=1324,delta=20,hist=1000,lastAgeMs=589,reset=0} D5{on=1,ready=1,sync=1,startup=TEST_READY,attempts=1,streak=330,firstAgeMs=21086,readyAgeMs=20841,total=1320,delta=16,hist=1000,lastAgeMs=587,reset=0} D6{on=1,ready=1,sync=1,startup=TEST_READY,attempts=1,streak=331,firstAgeMs=21081,readyAgeMs=20844,total=1324,delta=20,hist=1000,lastAgeMs=478,reset=0}
[2026-09-09T08:42:30.679Z][RENDERER/1] file:///D:/%E4%B8%8A%E4%BD%8D%E6%9C%BA%E7%95%8C%E9%9D%A2%E5%8E%9F%E5%9E%8B%E7%89%88/flame-detector-bench-desktop/dist/assets/index-A9TaTnGI.js:264 [WaveformDiag][UI] kind=delta wireAgeMs=9 payloadAgeMs=9 D1{on=1,total=1332,delta=20,lastAgeMs=591,reset=0} D2{on=1,total=1320,delta=20,lastAgeMs=592,reset=0} D3{on=1,total=1320,delta=20,lastAgeMs=594,reset=0} D4{on=1,total=1324,delta=20,lastAgeMs=592,reset=0} D5{on=1,total=1320,delta=16,lastAgeMs=590,reset=0} D6{on=1,total=1324,delta=20,lastAgeMs=481,reset=0}
[2026-09-09T08:42:31.903Z][STDOUT] [WaveformDiag][WS] mode=delta clients=2 resync=0 maxBuffered=0 stateAgeMs=7 D1{on=1,ready=1,sync=1,startup=TEST_READY,attempts=1,streak=357,firstAgeMs=22322,readyAgeMs=22075,total=1428,delta=20,hist=1000,lastAgeMs=291,reset=0} D2{on=1,ready=1,sync=1,startup=TEST_READY,attempts=1,streak=354,firstAgeMs=22310,readyAgeMs=22046,total=1416,delta=20,hist=1000,lastAgeMs=292,reset=0} D3{on=1,ready=1,sync=1,startup=TEST_READY,attempts=1,streak=354,firstAgeMs=22311,readyAgeMs=22061,total=1416,delta=20,hist=1000,lastAgeMs=293,reset=0} D4{on=1,ready=1,sync=1,startup=TEST_READY,attempts=1,streak=355,firstAgeMs=22319,readyAgeMs=22044,total=1420,delta=20,hist=1000,lastAgeMs=291,reset=0} D5{on=1,ready=1,sync=1,startup=TEST_READY,attempts=1,streak=354,firstAgeMs=22313,readyAgeMs=22068,total=1416,delta=20,hist=1000,lastAgeMs=294,reset=0} D6{on=1,ready=1,sync=1,startup=TEST_READY,attempts=1,streak=355,firstAgeMs=22308,readyAgeMs=22071,total=1420,delta=28,hist=1000,lastAgeMs=174,reset=0}
[2026-09-09T08:42:32.150Z][RENDERER/1] file:///D:/%E4%B8%8A%E4%BD%8D%E6%9C%BA%E7%95%8C%E9%9D%A2%E5%8E%9F%E5%9E%8B%E7%89%88/flame-detector-bench-desktop/dist/assets/index-A9TaTnGI.js:264 [WaveformDiag][UI] kind=delta wireAgeMs=18 payloadAgeMs=18 D1{on=1,total=1428,delta=20,lastAgeMs=302,reset=0} D2{on=1,total=1416,delta=20,lastAgeMs=303,reset=0} D3{on=1,total=1416,delta=20,lastAgeMs=304,reset=0} D4{on=1,total=1420,delta=20,lastAgeMs=302,reset=0} D5{on=1,total=1416,delta=20,lastAgeMs=305,reset=0} D6{on=1,total=1420,delta=28,lastAgeMs=185,reset=0}
[2026-09-09T08:42:33.101Z][STDOUT] [WaveformDiag][WS] mode=delta clients=2 resync=0 maxBuffered=0 stateAgeMs=6 D1{on=1,ready=1,sync=1,startup=TEST_READY,attempts=1,streak=376,firstAgeMs=23520,readyAgeMs=23273,total=1504,delta=20,hist=1000,lastAgeMs=290,reset=0} D2{on=1,ready=1,sync=1,startup=TEST_READY,attempts=1,streak=374,firstAgeMs=23508,readyAgeMs=23244,total=1496,delta=8,hist=1000,lastAgeMs=286,reset=0} D3{on=1,ready=1,sync=1,startup=TEST_READY,attempts=1,streak=374,firstAgeMs=23509,readyAgeMs=23259,total=1496,delta=20,hist=1000,lastAgeMs=287,reset=0} D4{on=1,ready=1,sync=1,startup=TEST_READY,attempts=1,streak=374,firstAgeMs=23517,readyAgeMs=23242,total=1496,delta=20,hist=1000,lastAgeMs=291,reset=0} D5{on=1,ready=1,sync=1,startup=TEST_READY,attempts=1,streak=374,firstAgeMs=23511,readyAgeMs=23266,total=1496,delta=20,hist=1000,lastAgeMs=288,reset=0} D6{on=1,ready=1,sync=1,startup=TEST_READY,attempts=1,streak=373,firstAgeMs=23506,readyAgeMs=23269,total=1492,delta=20,hist=1000,lastAgeMs=289,reset=0}
[2026-09-09T08:42:33.408Z][RENDERER/1] file:///D:/%E4%B8%8A%E4%BD%8D%E6%9C%BA%E7%95%8C%E9%9D%A2%E5%8E%9F%E5%9E%8B%E7%89%88/flame-detector-bench-desktop/dist/assets/index-A9TaTnGI.js:264 [WaveformDiag][UI] kind=delta wireAgeMs=21 payloadAgeMs=21 D1{on=1,total=1504,delta=20,lastAgeMs=305,reset=0} D2{on=1,total=1496,delta=8,lastAgeMs=301,reset=0} D3{on=1,total=1496,delta=20,lastAgeMs=302,reset=0} D4{on=1,total=1496,delta=20,lastAgeMs=306,reset=0} D5{on=1,total=1496,delta=20,lastAgeMs=303,reset=0} D6{on=1,total=1492,delta=20,lastAgeMs=304,reset=0}
[2026-09-09T08:42:34.329Z][STDOUT] [WaveformDiag][WS] mode=delta clients=2 resync=0 maxBuffered=0 stateAgeMs=5 D1{on=1,ready=1,sync=1,startup=TEST_READY,attempts=1,streak=396,firstAgeMs=24748,readyAgeMs=24501,total=1584,delta=20,hist=1000,lastAgeMs=283,reset=0} D2{on=1,ready=1,sync=1,startup=TEST_READY,attempts=1,streak=393,firstAgeMs=24736,readyAgeMs=24472,total=1572,delta=20,hist=1000,lastAgeMs=285,reset=0} D3{on=1,ready=1,sync=1,startup=TEST_READY,attempts=1,streak=393,firstAgeMs=24737,readyAgeMs=24487,total=1572,delta=20,hist=1000,lastAgeMs=287,reset=0} D4{on=1,ready=1,sync=1,startup=TEST_READY,attempts=1,streak=394,firstAgeMs=24745,readyAgeMs=24470,total=1576,delta=20,hist=1000,lastAgeMs=284,reset=0} D5{on=1,ready=1,sync=1,startup=TEST_READY,attempts=1,streak=393,firstAgeMs=24739,readyAgeMs=24494,total=1572,delta=20,hist=1000,lastAgeMs=286,reset=0} D6{on=1,ready=1,sync=1,startup=TEST_READY,attempts=1,streak=392,firstAgeMs=24734,readyAgeMs=24497,total=1568,delta=20,hist=1000,lastAgeMs=288,reset=0}
[2026-09-09T08:42:34.332Z][RENDERER/1] file:///D:/%E4%B8%8A%E4%BD%8D%E6%9C%BA%E7%95%8C%E9%9D%A2%E5%8E%9F%E5%9E%8B%E7%89%88/flame-detector-bench-desktop/dist/assets/index-A9TaTnGI.js:264 [WaveformDiag][UI] kind=delta wireAgeMs=8 payloadAgeMs=8 D1{on=1,total=1584,delta=20,lastAgeMs=286,reset=0} D2{on=1,total=1572,delta=20,lastAgeMs=288,reset=0} D3{on=1,total=1572,delta=20,lastAgeMs=290,reset=0} D4{on=1,total=1576,delta=20,lastAgeMs=287,reset=0} D5{on=1,total=1572,delta=20,lastAgeMs=289,reset=0} D6{on=1,total=1568,delta=20,lastAgeMs=291,reset=0}
[2026-09-09T08:42:35.599Z][STDOUT] [WaveformDiag][WS] mode=delta clients=2 resync=0 maxBuffered=0 stateAgeMs=7 D1{on=1,ready=1,sync=1,startup=TEST_READY,attempts=1,streak=406,firstAgeMs=26018,readyAgeMs=25771,total=1624,delta=0,hist=1000,lastAgeMs=925,reset=0} D2{on=1,ready=1,sync=1,startup=TEST_READY,attempts=1,streak=404,firstAgeMs=26006,readyAgeMs=25742,total=1616,delta=0,hist=1000,lastAgeMs=609,reset=0} D3{on=1,ready=1,sync=1,startup=TEST_READY,attempts=1,streak=404,firstAgeMs=26007,readyAgeMs=25757,total=1616,delta=0,hist=1000,lastAgeMs=609,reset=0} D4{on=1,ready=1,sync=1,startup=TEST_READY,attempts=1,streak=404,firstAgeMs=26015,readyAgeMs=25740,total=1616,delta=0,hist=1000,lastAgeMs=926,reset=0} D5{on=1,ready=1,sync=1,startup=TEST_READY,attempts=1,streak=405,firstAgeMs=26009,readyAgeMs=25764,total=1620,delta=0,hist=1000,lastAgeMs=611,reset=0} D6{on=1,ready=1,sync=1,startup=TEST_READY,attempts=1,streak=403,firstAgeMs=26004,readyAgeMs=25767,total=1612,delta=0,hist=1000,lastAgeMs=611,reset=0}
[2026-09-09T08:42:35.894Z][RENDERER/1] file:///D:/%E4%B8%8A%E4%BD%8D%E6%9C%BA%E7%95%8C%E9%9D%A2%E5%8E%9F%E5%9E%8B%E7%89%88/flame-detector-bench-desktop/dist/assets/index-A9TaTnGI.js:264 [WaveformDiag][UI] kind=delta wireAgeMs=26 payloadAgeMs=26 D1{on=1,total=1624,delta=0,lastAgeMs=944,reset=0} D2{on=1,total=1616,delta=0,lastAgeMs=628,reset=0} D3{on=1,total=1616,delta=0,lastAgeMs=628,reset=0} D4{on=1,total=1616,delta=0,lastAgeMs=945,reset=0} D5{on=1,total=1620,delta=0,lastAgeMs=630,reset=0} D6{on=1,total=1612,delta=0,lastAgeMs=630,reset=0}
[2026-09-09T08:42:36.804Z][STDOUT] [WaveformDiag][WS] mode=delta clients=2 resync=0 maxBuffered=0 stateAgeMs=5 D1{on=1,ready=1,sync=1,startup=TEST_READY,attempts=1,streak=406,firstAgeMs=27222,readyAgeMs=26975,total=1624,delta=0,hist=1000,lastAgeMs=2129,reset=0} D2{on=1,ready=1,sync=1,startup=TEST_READY,attempts=1,streak=404,firstAgeMs=27210,readyAgeMs=26946,total=1616,delta=0,hist=1000,lastAgeMs=1813,reset=0} D3{on=1,ready=1,sync=1,startup=TEST_READY,attempts=1,streak=404,firstAgeMs=27211,readyAgeMs=26961,total=1616,delta=0,hist=1000,lastAgeMs=1813,reset=0} D4{on=1,ready=1,sync=1,startup=TEST_READY,attempts=1,streak=404,firstAgeMs=27219,readyAgeMs=26944,total=1616,delta=0,hist=1000,lastAgeMs=2130,reset=0} D5{on=1,ready=1,sync=1,startup=TEST_READY,attempts=1,streak=405,firstAgeMs=27213,readyAgeMs=26968,total=1620,delta=0,hist=1000,lastAgeMs=1815,reset=0} D6{on=1,ready=1,sync=1,startup=TEST_READY,attempts=1,streak=403,firstAgeMs=27208,readyAgeMs=26971,total=1612,delta=0,hist=1000,lastAgeMs=1815,reset=0}
[2026-09-09T08:42:37.102Z][RENDERER/1] file:///D:/%E4%B8%8A%E4%BD%8D%E6%9C%BA%E7%95%8C%E9%9D%A2%E5%8E%9F%E5%9E%8B%E7%89%88/flame-detector-bench-desktop/dist/assets/index-A9TaTnGI.js:264 [WaveformDiag][UI] kind=delta wireAgeMs=18 payloadAgeMs=18 D1{on=1,total=1624,delta=0,lastAgeMs=2142,reset=0} D2{on=1,total=1616,delta=0,lastAgeMs=1826,reset=0} D3{on=1,total=1616,delta=0,lastAgeMs=1826,reset=0} D4{on=1,total=1616,delta=0,lastAgeMs=2143,reset=0} D5{on=1,total=1620,delta=0,lastAgeMs=1828,reset=0} D6{on=1,total=1612,delta=0,lastAgeMs=1828,reset=0}
[2026-09-09T08:42:38.011Z][STDOUT] [WaveformDiag][WS] mode=delta clients=2 resync=0 maxBuffered=0 stateAgeMs=7 D1{on=1,ready=1,sync=1,startup=TEST_READY,attempts=1,streak=406,firstAgeMs=28430,readyAgeMs=28183,total=1624,delta=0,hist=1000,lastAgeMs=3337,reset=0} D2{on=1,ready=1,sync=1,startup=TEST_READY,attempts=1,streak=404,firstAgeMs=28418,readyAgeMs=28154,total=1616,delta=0,hist=1000,lastAgeMs=3021,reset=0} D3{on=1,ready=1,sync=1,startup=TEST_READY,attempts=1,streak=404,firstAgeMs=28419,readyAgeMs=28169,total=1616,delta=0,hist=1000,lastAgeMs=3021,reset=0} D4{on=1,ready=1,sync=1,startup=TEST_READY,attempts=1,streak=404,firstAgeMs=28427,readyAgeMs=28152,total=1616,delta=0,hist=1000,lastAgeMs=3338,reset=0} D5{on=1,ready=1,sync=1,startup=TEST_READY,attempts=1,streak=405,firstAgeMs=28421,readyAgeMs=28176,total=1620,delta=0,hist=1000,lastAgeMs=3023,reset=0} D6{on=1,ready=1,sync=1,startup=TEST_READY,attempts=1,streak=403,firstAgeMs=28416,readyAgeMs=28179,total=1612,delta=0,hist=1000,lastAgeMs=3023,reset=0}
[2026-09-09T08:42:38.013Z][RENDERER/1] file:///D:/%E4%B8%8A%E4%BD%8D%E6%9C%BA%E7%95%8C%E9%9D%A2%E5%8E%9F%E5%9E%8B%E7%89%88/flame-detector-bench-desktop/dist/assets/index-A9TaTnGI.js:264 [WaveformDiag][UI] kind=delta wireAgeMs=9 payloadAgeMs=9 D1{on=1,total=1624,delta=0,lastAgeMs=3339,reset=0} D2{on=1,total=1616,delta=0,lastAgeMs=3023,reset=0} D3{on=1,total=1616,delta=0,lastAgeMs=3023,reset=0} D4{on=1,total=1616,delta=0,lastAgeMs=3340,reset=0} D5{on=1,total=1620,delta=0,lastAgeMs=3025,reset=0} D6{on=1,total=1612,delta=0,lastAgeMs=3025,reset=0}
[2026-09-09T08:42:39.062Z][STDOUT] [WaveformDiag][WS] mode=delta clients=2 resync=0 maxBuffered=0 stateAgeMs=294 D1{on=1,ready=1,sync=1,startup=TEST_READY,attempts=1,streak=406,firstAgeMs=29481,readyAgeMs=29234,total=1624,delta=0,hist=1000,lastAgeMs=4388,reset=0} D2{on=1,ready=1,sync=1,startup=TEST_READY,attempts=1,streak=404,firstAgeMs=29469,readyAgeMs=29205,total=1616,delta=0,hist=1000,lastAgeMs=4072,reset=0} D3{on=1,ready=1,sync=1,startup=TEST_READY,attempts=1,streak=404,firstAgeMs=29470,readyAgeMs=29220,total=1616,delta=0,hist=1000,lastAgeMs=4072,reset=0} D4{on=1,ready=1,sync=1,startup=TEST_READY,attempts=1,streak=404,firstAgeMs=29478,readyAgeMs=29203,total=1616,delta=0,hist=1000,lastAgeMs=4389,reset=0} D5{on=1,ready=1,sync=1,startup=TEST_READY,attempts=1,streak=405,firstAgeMs=29472,readyAgeMs=29227,total=1620,delta=0,hist=1000,lastAgeMs=4074,reset=0} D6{on=1,ready=1,sync=1,startup=TEST_READY,attempts=1,streak=403,firstAgeMs=29467,readyAgeMs=29230,total=1612,delta=0,hist=1000,lastAgeMs=4074,reset=0}
[2026-09-09T08:42:39.386Z][RENDERER/1] file:///D:/%E4%B8%8A%E4%BD%8D%E6%9C%BA%E7%95%8C%E9%9D%A2%E5%8E%9F%E5%9E%8B%E7%89%88/flame-detector-bench-desktop/dist/assets/index-A9TaTnGI.js:264 [WaveformDiag][UI] kind=delta wireAgeMs=332 payloadAgeMs=332 D1{on=1,total=1624,delta=0,lastAgeMs=4426,reset=0} D2{on=1,total=1616,delta=0,lastAgeMs=4110,reset=0} D3{on=1,total=1616,delta=0,lastAgeMs=4110,reset=0} D4{on=1,total=1616,delta=0,lastAgeMs=4427,reset=0} D5{on=1,total=1620,delta=0,lastAgeMs=4112,reset=0} D6{on=1,total=1612,delta=0,lastAgeMs=4112,reset=0}
[2026-09-09T08:42:40.120Z][STDOUT] [WaveformDiag][WS] mode=delta clients=2 resync=0 maxBuffered=0 stateAgeMs=434 D1{on=1,ready=1,sync=1,startup=TEST_READY,attempts=1,streak=406,firstAgeMs=30539,readyAgeMs=30292,total=1624,delta=0,hist=1000,lastAgeMs=5446,reset=0} D2{on=1,ready=1,sync=1,startup=TEST_READY,attempts=1,streak=404,firstAgeMs=30527,readyAgeMs=30263,total=1616,delta=0,hist=1000,lastAgeMs=5130,reset=0} D3{on=1,ready=1,sync=1,startup=TEST_READY,attempts=1,streak=404,firstAgeMs=30528,readyAgeMs=30278,total=1616,delta=0,hist=1000,lastAgeMs=5130,reset=0} D4{on=1,ready=1,sync=1,startup=TEST_READY,attempts=1,streak=404,firstAgeMs=30536,readyAgeMs=30261,total=1616,delta=0,hist=1000,lastAgeMs=5447,reset=0} D5{on=1,ready=1,sync=1,startup=TEST_READY,attempts=1,streak=405,firstAgeMs=30530,readyAgeMs=30285,total=1620,delta=0,hist=1000,lastAgeMs=5132,reset=0} D6{on=1,ready=1,sync=1,startup=TEST_READY,attempts=1,streak=403,firstAgeMs=30525,readyAgeMs=30288,total=1612,delta=0,hist=1000,lastAgeMs=5132,reset=0}
[2026-09-09T08:42:40.411Z][RENDERER/1] file:///D:/%E4%B8%8A%E4%BD%8D%E6%9C%BA%E7%95%8C%E9%9D%A2%E5%8E%9F%E5%9E%8B%E7%89%88/flame-detector-bench-desktop/dist/assets/index-A9TaTnGI.js:264 [WaveformDiag][UI] kind=delta wireAgeMs=454 payloadAgeMs=454 D1{on=1,total=1624,delta=0,lastAgeMs=5466,reset=0} D2{on=1,total=1616,delta=0,lastAgeMs=5150,reset=0} D3{on=1,total=1616,delta=0,lastAgeMs=5150,reset=0} D4{on=1,total=1616,delta=0,lastAgeMs=5467,reset=0} D5{on=1,total=1620,delta=0,lastAgeMs=5152,reset=0} D6{on=1,total=1612,delta=0,lastAgeMs=5152,reset=0}
[2026-09-09T08:42:41.120Z][STDOUT] [WaveformDiag][WS] mode=delta clients=2 resync=0 maxBuffered=4187595 stateAgeMs=442 D1{on=1,ready=1,sync=1,startup=TEST_READY,attempts=1,streak=406,firstAgeMs=31539,readyAgeMs=31292,total=1624,delta=0,hist=1000,lastAgeMs=6446,reset=0} D2{on=1,ready=1,sync=1,startup=TEST_READY,attempts=1,streak=404,firstAgeMs=31527,readyAgeMs=31263,total=1616,delta=0,hist=1000,lastAgeMs=6130,reset=0} D3{on=1,ready=1,sync=1,startup=TEST_READY,attempts=1,streak=404,firstAgeMs=31528,readyAgeMs=31278,total=1616,delta=0,hist=1000,lastAgeMs=6130,reset=0} D4{on=1,ready=1,sync=1,startup=TEST_READY,attempts=1,streak=404,firstAgeMs=31536,readyAgeMs=31261,total=1616,delta=0,hist=1000,lastAgeMs=6447,reset=0} D5{on=1,ready=1,sync=1,startup=TEST_READY,attempts=1,streak=405,firstAgeMs=31530,readyAgeMs=31285,total=1620,delta=0,hist=1000,lastAgeMs=6132,reset=0} D6{on=1,ready=1,sync=1,startup=TEST_READY,attempts=1,streak=403,firstAgeMs=31525,readyAgeMs=31288,total=1612,delta=0,hist=1000,lastAgeMs=6132,reset=0}
[2026-09-09T08:42:41.205Z][RENDERER/1] file:///D:/%E4%B8%8A%E4%BD%8D%E6%9C%BA%E7%95%8C%E9%9D%A2%E5%8E%9F%E5%9E%8B%E7%89%88/flame-detector-bench-desktop/dist/assets/index-A9TaTnGI.js:264 [WaveformDiag][UI] kind=delta wireAgeMs=503 payloadAgeMs=503 D1{on=1,total=1624,delta=0,lastAgeMs=6507,reset=0} D2{on=1,total=1616,delta=0,lastAgeMs=6191,reset=0} D3{on=1,total=1616,delta=0,lastAgeMs=6191,reset=0} D4{on=1,total=1616,delta=0,lastAgeMs=6508,reset=0} D5{on=1,total=1620,delta=0,lastAgeMs=6193,reset=0} D6{on=1,total=1612,delta=0,lastAgeMs=6193,reset=0}
[2026-09-09T08:42:42.485Z][STDOUT] [WaveformDiag][WS] mode=delta clients=2 resync=0 maxBuffered=0 stateAgeMs=6 D1{on=1,ready=1,sync=1,startup=TEST_READY,attempts=1,streak=406,firstAgeMs=32904,readyAgeMs=32657,total=1624,delta=0,hist=1000,lastAgeMs=7811,reset=0} D2{on=1,ready=1,sync=1,startup=TEST_READY,attempts=1,streak=404,firstAgeMs=32892,readyAgeMs=32628,total=1616,delta=0,hist=1000,lastAgeMs=7495,reset=0} D3{on=1,ready=1,sync=1,startup=TEST_READY,attempts=1,streak=404,firstAgeMs=32893,readyAgeMs=32643,total=1616,delta=0,hist=1000,lastAgeMs=7495,reset=0} D4{on=1,ready=1,sync=1,startup=TEST_READY,attempts=1,streak=404,firstAgeMs=32901,readyAgeMs=32626,total=1616,delta=0,hist=1000,lastAgeMs=7812,reset=0} D5{on=1,ready=1,sync=1,startup=TEST_READY,attempts=1,streak=405,firstAgeMs=32895,readyAgeMs=32650,total=1620,delta=0,hist=1000,lastAgeMs=7497,reset=0} D6{on=1,ready=1,sync=1,startup=TEST_READY,attempts=1,streak=403,firstAgeMs=32890,readyAgeMs=32653,total=1612,delta=0,hist=1000,lastAgeMs=7497,reset=0}
[2026-09-09T08:42:42.648Z][RENDERER/1] file:///D:/%E4%B8%8A%E4%BD%8D%E6%9C%BA%E7%95%8C%E9%9D%A2%E5%8E%9F%E5%9E%8B%E7%89%88/flame-detector-bench-desktop/dist/assets/index-A9TaTnGI.js:264 [WaveformDiag][UI] kind=delta wireAgeMs=23 payloadAgeMs=23 D1{on=1,total=1624,delta=0,lastAgeMs=7828,reset=0} D2{on=1,total=1616,delta=0,lastAgeMs=7512,reset=0} D3{on=1,total=1616,delta=0,lastAgeMs=7512,reset=0} D4{on=1,total=1616,delta=0,lastAgeMs=7829,reset=0} D5{on=1,total=1620,delta=0,lastAgeMs=7514,reset=0} D6{on=1,total=1612,delta=0,lastAgeMs=7514,reset=0}
[2026-09-09T08:42:43.637Z][STDOUT] [WaveformDiag][WS] mode=delta clients=2 resync=1 maxBuffered=0 stateAgeMs=7 D1{on=1,ready=1,sync=1,startup=TEST_READY,attempts=1,streak=406,firstAgeMs=34056,readyAgeMs=33809,total=1624,delta=0,hist=1000,lastAgeMs=8963,reset=0} D2{on=1,ready=1,sync=1,startup=TEST_READY,attempts=1,streak=404,firstAgeMs=34044,readyAgeMs=33780,total=1616,delta=0,hist=1000,lastAgeMs=8647,reset=0} D3{on=1,ready=1,sync=1,startup=TEST_READY,attempts=1,streak=404,firstAgeMs=34045,readyAgeMs=33795,total=1616,delta=0,hist=1000,lastAgeMs=8647,reset=0} D4{on=1,ready=1,sync=1,startup=TEST_READY,attempts=1,streak=404,firstAgeMs=34053,readyAgeMs=33778,total=1616,delta=0,hist=1000,lastAgeMs=8964,reset=0} D5{on=1,ready=1,sync=1,startup=TEST_READY,attempts=1,streak=405,firstAgeMs=34047,readyAgeMs=33802,total=1620,delta=0,hist=1000,lastAgeMs=8649,reset=0} D6{on=1,ready=1,sync=1,startup=TEST_READY,attempts=1,streak=403,firstAgeMs=34042,readyAgeMs=33805,total=1612,delta=0,hist=1000,lastAgeMs=8649,reset=0}
[2026-09-09T08:42:43.922Z][RENDERER/1] file:///D:/%E4%B8%8A%E4%BD%8D%E6%9C%BA%E7%95%8C%E9%9D%A2%E5%8E%9F%E5%9E%8B%E7%89%88/flame-detector-bench-desktop/dist/assets/index-A9TaTnGI.js:264 [WaveformDiag][UI] kind=delta wireAgeMs=19 payloadAgeMs=19 D1{on=1,total=1624,delta=0,lastAgeMs=8975,reset=0} D2{on=1,total=1616,delta=0,lastAgeMs=8659,reset=0} D3{on=1,total=1616,delta=0,lastAgeMs=8659,reset=0} D4{on=1,total=1616,delta=0,lastAgeMs=8976,reset=0} D5{on=1,total=1620,delta=0,lastAgeMs=8661,reset=0} D6{on=1,total=1612,delta=0,lastAgeMs=8661,reset=0}
[2026-09-09T08:42:44.745Z][STDOUT] [WaveformDiag][WS] mode=delta clients=2 resync=0 maxBuffered=4208365 stateAgeMs=8 D1{on=1,ready=1,sync=1,startup=TEST_READY,attempts=1,streak=406,firstAgeMs=35163,readyAgeMs=34916,total=1624,delta=0,hist=1000,lastAgeMs=10070,reset=0} D2{on=1,ready=1,sync=1,startup=TEST_READY,attempts=1,streak=404,firstAgeMs=35151,readyAgeMs=34887,total=1616,delta=0,hist=1000,lastAgeMs=9754,reset=0} D3{on=1,ready=1,sync=1,startup=TEST_READY,attempts=1,streak=404,firstAgeMs=35152,readyAgeMs=34902,total=1616,delta=0,hist=1000,lastAgeMs=9754,reset=0} D4{on=0,ready=0,sync=0,startup=DISCONNECTED,attempts=0,streak=0,firstAgeMs=-1,readyAgeMs=-1,total=1616,delta=0,hist=1000,lastAgeMs=8,reset=0} D5{on=1,ready=1,sync=1,startup=TEST_READY,attempts=1,streak=405,firstAgeMs=35154,readyAgeMs=34909,total=1620,delta=0,hist=1000,lastAgeMs=9756,reset=0} D6{on=1,ready=1,sync=1,startup=TEST_READY,attempts=1,streak=403,firstAgeMs=35149,readyAgeMs=34912,total=1612,delta=0,hist=1000,lastAgeMs=9756,reset=0}
[2026-09-09T08:42:44.758Z][STDOUT] [FlameService] 设备 4 发送波形模式切换请求 (模式 1, 持续重试第 1 次)
[2026-09-09T08:42:44.769Z][STDOUT] [FlameService] 设备 4 波形模式切换已确认，继续等待波形数据
[2026-09-09T08:42:44.770Z][STDOUT] [FlameService] 设备 4 发送模式切换指令已确认
[2026-09-09T08:42:44.773Z][RENDERER/1] file:///D:/%E4%B8%8A%E4%BD%8D%E6%9C%BA%E7%95%8C%E9%9D%A2%E5%8E%9F%E5%9E%8B%E7%89%88/flame-detector-bench-desktop/dist/assets/index-A9TaTnGI.js:264 [WaveformDiag][UI] kind=delta wireAgeMs=22 payloadAgeMs=22 D1{on=1,total=1624,delta=0,lastAgeMs=10084,reset=0} D2{on=1,total=1616,delta=0,lastAgeMs=9768,reset=0} D3{on=1,total=1616,delta=0,lastAgeMs=9768,reset=0} D4{on=0,total=1616,delta=0,lastAgeMs=22,reset=0} D5{on=1,total=1620,delta=0,lastAgeMs=9770,reset=0} D6{on=1,total=1612,delta=0,lastAgeMs=9770,reset=0}
[2026-09-09T08:42:45.984Z][STDOUT] [WaveformDiag][WS] mode=delta clients=2 resync=0 maxBuffered=0 stateAgeMs=280 D1{on=1,ready=1,sync=1,startup=TEST_READY,attempts=1,streak=406,firstAgeMs=36403,readyAgeMs=36156,total=1624,delta=0,hist=1000,lastAgeMs=11310,reset=0} D2{on=1,ready=1,sync=1,startup=TEST_READY,attempts=1,streak=404,firstAgeMs=36391,readyAgeMs=36127,total=1616,delta=0,hist=1000,lastAgeMs=10994,reset=0} D3{on=1,ready=1,sync=1,startup=TEST_READY,attempts=1,streak=404,firstAgeMs=36392,readyAgeMs=36142,total=1616,delta=0,hist=1000,lastAgeMs=10994,reset=0} D4{on=0,ready=0,sync=0,startup=MODE_SWITCH_OK,attempts=1,streak=0,firstAgeMs=-1,readyAgeMs=-1,total=1616,delta=0,hist=1000,lastAgeMs=1214,reset=0} D5{on=1,ready=1,sync=1,startup=TEST_READY,attempts=1,streak=405,firstAgeMs=36394,readyAgeMs=36149,total=1620,delta=0,hist=1000,lastAgeMs=10996,reset=0} D6{on=1,ready=1,sync=1,startup=TEST_READY,attempts=1,streak=403,firstAgeMs=36389,readyAgeMs=36152,total=1612,delta=0,hist=1000,lastAgeMs=10996,reset=0}
[2026-09-09T08:42:46.333Z][RENDERER/1] file:///D:/%E4%B8%8A%E4%BD%8D%E6%9C%BA%E7%95%8C%E9%9D%A2%E5%8E%9F%E5%9E%8B%E7%89%88/flame-detector-bench-desktop/dist/assets/index-A9TaTnGI.js:264 [WaveformDiag][UI] kind=delta wireAgeMs=315 payloadAgeMs=315 D1{on=1,total=1624,delta=0,lastAgeMs=11345,reset=0} D2{on=1,total=1616,delta=0,lastAgeMs=11029,reset=0} D3{on=1,total=1616,delta=0,lastAgeMs=11029,reset=0} D4{on=0,total=1616,delta=0,lastAgeMs=1249,reset=0} D5{on=1,total=1620,delta=0,lastAgeMs=11031,reset=0} D6{on=1,total=1612,delta=0,lastAgeMs=11031,reset=0}
[2026-09-09T08:42:47.261Z][STDOUT] [WaveformDiag][WS] mode=delta clients=2 resync=0 maxBuffered=0 stateAgeMs=7 D1{on=1,ready=1,sync=1,startup=TEST_READY,attempts=1,streak=406,firstAgeMs=37680,readyAgeMs=37433,total=1624,delta=0,hist=1000,lastAgeMs=12587,reset=0} D2{on=1,ready=1,sync=1,startup=TEST_READY,attempts=1,streak=404,firstAgeMs=37668,readyAgeMs=37404,total=1616,delta=0,hist=1000,lastAgeMs=12271,reset=0} D3{on=1,ready=1,sync=1,startup=TEST_READY,attempts=1,streak=404,firstAgeMs=37669,readyAgeMs=37419,total=1616,delta=0,hist=1000,lastAgeMs=12271,reset=0} D4{on=0,ready=0,sync=0,startup=MODE_SWITCH_OK,attempts=1,streak=0,firstAgeMs=-1,readyAgeMs=-1,total=1616,delta=0,hist=1000,lastAgeMs=2491,reset=0} D5{on=1,ready=1,sync=1,startup=TEST_READY,attempts=1,streak=405,firstAgeMs=37671,readyAgeMs=37426,total=1620,delta=0,hist=1000,lastAgeMs=12273,reset=0} D6{on=1,ready=1,sync=1,startup=TEST_READY,attempts=1,streak=403,firstAgeMs=37666,readyAgeMs=37429,total=1612,delta=0,hist=1000,lastAgeMs=12273,reset=0}
[2026-09-09T08:42:47.267Z][RENDERER/1] file:///D:/%E4%B8%8A%E4%BD%8D%E6%9C%BA%E7%95%8C%E9%9D%A2%E5%8E%9F%E5%9E%8B%E7%89%88/flame-detector-bench-desktop/dist/assets/index-A9TaTnGI.js:264 [WaveformDiag][UI] kind=delta wireAgeMs=13 payloadAgeMs=13 D1{on=1,total=1624,delta=0,lastAgeMs=12593,reset=0} D2{on=1,total=1616,delta=0,lastAgeMs=12277,reset=0} D3{on=1,total=1616,delta=0,lastAgeMs=12277,reset=0} D4{on=0,total=1616,delta=0,lastAgeMs=2497,reset=0} D5{on=1,total=1620,delta=0,lastAgeMs=12279,reset=0} D6{on=1,total=1612,delta=0,lastAgeMs=12279,reset=0}
[2026-09-09T08:42:48.372Z][STDOUT] [WaveformDiag][WS] mode=delta clients=2 resync=0 maxBuffered=0 stateAgeMs=7 D1{on=1,ready=1,sync=1,startup=TEST_READY,attempts=1,streak=406,firstAgeMs=38791,readyAgeMs=38544,total=1624,delta=0,hist=1000,lastAgeMs=13698,reset=0} D2{on=1,ready=1,sync=1,startup=TEST_READY,attempts=1,streak=404,firstAgeMs=38779,readyAgeMs=38515,total=1616,delta=0,hist=1000,lastAgeMs=13382,reset=0} D3{on=1,ready=1,sync=1,startup=TEST_READY,attempts=1,streak=404,firstAgeMs=38780,readyAgeMs=38530,total=1616,delta=0,hist=1000,lastAgeMs=13382,reset=0} D4{on=0,ready=0,sync=0,startup=MODE_SWITCH_OK,attempts=1,streak=0,firstAgeMs=-1,readyAgeMs=-1,total=1616,delta=0,hist=1000,lastAgeMs=3602,reset=0} D5{on=1,ready=1,sync=1,startup=TEST_READY,attempts=1,streak=405,firstAgeMs=38782,readyAgeMs=38537,total=1620,delta=0,hist=1000,lastAgeMs=13384,reset=0} D6{on=1,ready=1,sync=1,startup=TEST_READY,attempts=1,streak=403,firstAgeMs=38777,readyAgeMs=38540,total=1612,delta=0,hist=1000,lastAgeMs=13384,reset=0}
[2026-09-09T08:42:48.732Z][RENDERER/1] file:///D:/%E4%B8%8A%E4%BD%8D%E6%9C%BA%E7%95%8C%E9%9D%A2%E5%8E%9F%E5%9E%8B%E7%89%88/flame-detector-bench-desktop/dist/assets/index-A9TaTnGI.js:264 [WaveformDiag][UI] kind=delta wireAgeMs=49 payloadAgeMs=49 D1{on=1,total=1624,delta=0,lastAgeMs=13740,reset=0} D2{on=1,total=1616,delta=0,lastAgeMs=13424,reset=0} D3{on=1,total=1616,delta=0,lastAgeMs=13424,reset=0} D4{on=0,total=1616,delta=0,lastAgeMs=3644,reset=0} D5{on=1,total=1620,delta=0,lastAgeMs=13426,reset=0} D6{on=1,total=1612,delta=0,lastAgeMs=13426,reset=0}
[2026-09-09T08:42:49.475Z][STDOUT] [WaveformDiag][WS] mode=delta clients=2 resync=1 maxBuffered=0 stateAgeMs=6 D1{on=1,ready=1,sync=1,startup=TEST_READY,attempts=1,streak=406,firstAgeMs=39894,readyAgeMs=39647,total=1624,delta=0,hist=1000,lastAgeMs=14801,reset=0} D2{on=1,ready=1,sync=1,startup=TEST_READY,attempts=1,streak=404,firstAgeMs=39882,readyAgeMs=39618,total=1616,delta=0,hist=1000,lastAgeMs=14485,reset=0} D3{on=1,ready=1,sync=1,startup=TEST_READY,attempts=1,streak=404,firstAgeMs=39883,readyAgeMs=39633,total=1616,delta=0,hist=1000,lastAgeMs=14485,reset=0} D4{on=0,ready=0,sync=0,startup=MODE_SWITCH_OK,attempts=1,streak=0,firstAgeMs=-1,readyAgeMs=-1,total=1616,delta=0,hist=1000,lastAgeMs=4705,reset=0} D5{on=1,ready=1,sync=1,startup=TEST_READY,attempts=1,streak=405,firstAgeMs=39885,readyAgeMs=39640,total=1620,delta=0,hist=1000,lastAgeMs=14487,reset=0} D6{on=1,ready=1,sync=1,startup=TEST_READY,attempts=1,streak=403,firstAgeMs=39880,readyAgeMs=39643,total=1612,delta=0,hist=1000,lastAgeMs=14487,reset=0}
[2026-09-09T08:42:49.841Z][RENDERER/1] file:///D:/%E4%B8%8A%E4%BD%8D%E6%9C%BA%E7%95%8C%E9%9D%A2%E5%8E%9F%E5%9E%8B%E7%89%88/flame-detector-bench-desktop/dist/assets/index-A9TaTnGI.js:264 [WaveformDiag][UI] kind=delta wireAgeMs=23 payloadAgeMs=23 D1{on=1,total=1624,delta=0,lastAgeMs=14818,reset=0} D2{on=1,total=1616,delta=0,lastAgeMs=14502,reset=0} D3{on=1,total=1616,delta=0,lastAgeMs=14502,reset=0} D4{on=0,total=1616,delta=0,lastAgeMs=4722,reset=0} D5{on=1,total=1620,delta=0,lastAgeMs=14504,reset=0} D6{on=1,total=1612,delta=0,lastAgeMs=14504,reset=0}
[2026-09-09T08:42:50.611Z][STDOUT] [WaveformDiag][WS] mode=delta clients=2 resync=0 maxBuffered=4259475 stateAgeMs=7 D1{on=1,ready=1,sync=1,startup=TEST_READY,attempts=1,streak=406,firstAgeMs=41030,readyAgeMs=40783,total=1624,delta=0,hist=1000,lastAgeMs=15937,reset=0} D2{on=1,ready=1,sync=1,startup=TEST_READY,attempts=1,streak=404,firstAgeMs=41018,readyAgeMs=40754,total=1616,delta=0,hist=1000,lastAgeMs=15621,reset=0} D3{on=1,ready=1,sync=1,startup=TEST_READY,attempts=1,streak=404,firstAgeMs=41019,readyAgeMs=40769,total=1616,delta=0,hist=1000,lastAgeMs=15621,reset=0} D4{on=0,ready=0,sync=0,startup=MODE_SWITCH_OK,attempts=1,streak=0,firstAgeMs=-1,readyAgeMs=-1,total=1616,delta=0,hist=1000,lastAgeMs=5841,reset=0} D5{on=1,ready=1,sync=1,startup=TEST_READY,attempts=1,streak=405,firstAgeMs=41021,readyAgeMs=40776,total=1620,delta=0,hist=1000,lastAgeMs=15623,reset=0} D6{on=1,ready=1,sync=1,startup=TEST_READY,attempts=1,streak=403,firstAgeMs=41016,readyAgeMs=40779,total=1612,delta=0,hist=1000,lastAgeMs=15623,reset=0}
[2026-09-09T08:42:50.624Z][RENDERER/1] file:///D:/%E4%B8%8A%E4%BD%8D%E6%9C%BA%E7%95%8C%E9%9D%A2%E5%8E%9F%E5%9E%8B%E7%89%88/flame-detector-bench-desktop/dist/assets/index-A9TaTnGI.js:264 [WaveformDiag][UI] kind=delta wireAgeMs=16 payloadAgeMs=16 D1{on=1,total=1624,delta=0,lastAgeMs=15946,reset=0} D2{on=1,total=1616,delta=0,lastAgeMs=15630,reset=0} D3{on=1,total=1616,delta=0,lastAgeMs=15630,reset=0} D4{on=0,total=1616,delta=0,lastAgeMs=5850,reset=0} D5{on=1,total=1620,delta=0,lastAgeMs=15632,reset=0} D6{on=1,total=1612,delta=0,lastAgeMs=15632,reset=0}
[2026-09-09T08:42:51.644Z][STDOUT] [WaveformDiag][WS] mode=delta clients=2 resync=0 maxBuffered=0 stateAgeMs=5 D1{on=1,ready=1,sync=1,startup=TEST_READY,attempts=1,streak=406,firstAgeMs=42063,readyAgeMs=41816,total=1624,delta=0,hist=1000,lastAgeMs=16970,reset=0} D2{on=1,ready=1,sync=1,startup=TEST_READY,attempts=1,streak=404,firstAgeMs=42051,readyAgeMs=41787,total=1616,delta=0,hist=1000,lastAgeMs=16654,reset=0} D3{on=1,ready=1,sync=1,startup=TEST_READY,attempts=1,streak=404,firstAgeMs=42052,readyAgeMs=41802,total=1616,delta=0,hist=1000,lastAgeMs=16654,reset=0} D4{on=0,ready=0,sync=0,startup=MODE_SWITCH_OK,attempts=1,streak=0,firstAgeMs=-1,readyAgeMs=-1,total=1616,delta=0,hist=1000,lastAgeMs=6874,reset=0} D5{on=1,ready=1,sync=1,startup=TEST_READY,attempts=1,streak=405,firstAgeMs=42054,readyAgeMs=41809,total=1620,delta=0,hist=1000,lastAgeMs=16656,reset=0} D6{on=1,ready=1,sync=1,startup=TEST_READY,attempts=1,streak=403,firstAgeMs=42049,readyAgeMs=41812,total=1612,delta=0,hist=1000,lastAgeMs=16656,reset=0}
[2026-09-09T08:42:51.969Z][RENDERER/1] file:///D:/%E4%B8%8A%E4%BD%8D%E6%9C%BA%E7%95%8C%E9%9D%A2%E5%8E%9F%E5%9E%8B%E7%89%88/flame-detector-bench-desktop/dist/assets/index-A9TaTnGI.js:264 [WaveformDiag][UI] kind=delta wireAgeMs=29 payloadAgeMs=29 D1{on=1,total=1624,delta=0,lastAgeMs=16994,reset=0} D2{on=1,total=1616,delta=0,lastAgeMs=16678,reset=0} D3{on=1,total=1616,delta=0,lastAgeMs=16678,reset=0} D4{on=0,total=1616,delta=0,lastAgeMs=6898,reset=0} D5{on=1,total=1620,delta=0,lastAgeMs=16680,reset=0} D6{on=1,total=1612,delta=0,lastAgeMs=16680,reset=0}
[2026-09-09T08:42:52.589Z][STDOUT] [标签打印] 批次 field-waveform-1788943219240-14 已生成 6 个标签任务（D1→D6）。
[2026-09-09T08:42:52.921Z][STDOUT] [WaveformDiag][WS] mode=delta clients=2 resync=1 maxBuffered=0 stateAgeMs=8 D1{on=1,ready=1,sync=1,startup=TEST_READY,attempts=1,streak=406,firstAgeMs=43340,readyAgeMs=43093,total=1624,delta=0,hist=1000,lastAgeMs=18247,reset=0} D2{on=1,ready=1,sync=1,startup=TEST_READY,attempts=1,streak=404,firstAgeMs=43328,readyAgeMs=43064,total=1616,delta=0,hist=1000,lastAgeMs=17931,reset=0} D3{on=1,ready=1,sync=1,startup=TEST_READY,attempts=1,streak=404,firstAgeMs=43329,readyAgeMs=43079,total=1616,delta=0,hist=1000,lastAgeMs=17931,reset=0} D4{on=0,ready=0,sync=0,startup=MODE_SWITCH_OK,attempts=1,streak=0,firstAgeMs=-1,readyAgeMs=-1,total=1616,delta=0,hist=1000,lastAgeMs=8151,reset=0} D5{on=1,ready=1,sync=1,startup=TEST_READY,attempts=1,streak=405,firstAgeMs=43331,readyAgeMs=43086,total=1620,delta=0,hist=1000,lastAgeMs=17933,reset=0} D6{on=1,ready=1,sync=1,startup=TEST_READY,attempts=1,streak=403,firstAgeMs=43326,readyAgeMs=43089,total=1612,delta=0,hist=1000,lastAgeMs=17933,reset=0}
[2026-09-09T08:42:52.929Z][RENDERER/1] file:///D:/%E4%B8%8A%E4%BD%8D%E6%9C%BA%E7%95%8C%E9%9D%A2%E5%8E%9F%E5%9E%8B%E7%89%88/flame-detector-bench-desktop/dist/assets/index-A9TaTnGI.js:264 [WaveformDiag][UI] kind=delta wireAgeMs=15 payloadAgeMs=15 D1{on=1,total=1624,delta=0,lastAgeMs=18254,reset=0} D2{on=1,total=1616,delta=0,lastAgeMs=17938,reset=0} D3{on=1,total=1616,delta=0,lastAgeMs=17938,reset=0} D4{on=0,total=1616,delta=0,lastAgeMs=8158,reset=0} D5{on=1,total=1620,delta=0,lastAgeMs=17940,reset=0} D6{on=1,total=1612,delta=0,lastAgeMs=17940,reset=0}
[2026-09-09T08:42:54.071Z][STDOUT] [WaveformDiag][WS] mode=delta clients=2 resync=0 maxBuffered=0 stateAgeMs=8 D1{on=1,ready=1,sync=1,startup=TEST_READY,attempts=1,streak=406,firstAgeMs=44490,readyAgeMs=44243,total=1624,delta=0,hist=1000,lastAgeMs=19397,reset=0} D2{on=1,ready=1,sync=1,startup=TEST_READY,attempts=1,streak=404,firstAgeMs=44478,readyAgeMs=44214,total=1616,delta=0,hist=1000,lastAgeMs=19081,reset=0} D3{on=1,ready=1,sync=1,startup=TEST_READY,attempts=1,streak=404,firstAgeMs=44479,readyAgeMs=44229,total=1616,delta=0,hist=1000,lastAgeMs=19081,reset=0} D4{on=0,ready=0,sync=0,startup=MODE_SWITCH_OK,attempts=1,streak=0,firstAgeMs=-1,readyAgeMs=-1,total=1616,delta=0,hist=1000,lastAgeMs=9301,reset=0} D5{on=1,ready=1,sync=1,startup=TEST_READY,attempts=1,streak=405,firstAgeMs=44481,readyAgeMs=44236,total=1620,delta=0,hist=1000,lastAgeMs=19083,reset=0} D6{on=1,ready=1,sync=1,startup=TEST_READY,attempts=1,streak=403,firstAgeMs=44476,readyAgeMs=44239,total=1612,delta=0,hist=1000,lastAgeMs=19083,reset=0}
[2026-09-09T08:42:54.074Z][STDOUT] [日志自动上传] 检测完成，开始上传 batch=field-waveform-1788943219240-14
